gameid,visid,homeid,visname,homename,date,location,stadium,start,end,leaguegame,nitegame,duration,attend,temp,wind,weather,ref,ump,line,lj,bj,fj,sj,cj,alt,hasball,down,togo,spot,context,playid,tokens,desc,newcontext,type,first,ob,score,vscore,hscore,clock,turnover,drive_number,drive_vh,drive_team,drive_start,drive_end,drive_plays,drive_yards,drive_top,drive_start_how,drive_start_qtr,drive_start_time,drive_start_spot,drive_end_how,drive_end_qtr,drive_end_time,drive_end_spot,drive_rz
BDHD2103,HD,BD,Hamburg Sea Devils,Barcelona Dragons,7/3/2021,Reus,Estadio municipal,19:00,,Y,Y,,0,26 C,no wind,mostly sunny,R.Miras,D.Clemence,J.Fernandez,M.Exposito,A.Gurbiersch,C.Beckmann,V.Cobas,J.Lanz,J.Lanz,HD,1,10,HD35,"V,1,10,V35","0,1,0",CMT:,,"V,1,10,V35",NA,NA,NA,NA,NA,NA,NA,NA,0,NA,NA,NA,NA,NA,NA,NA,NA,NA,NA,NA,NA,NA,NA,NA,NA
BDHD2103,HD,BD,Hamburg Sea Devils,Barcelona Dragons,7/3/2021,Reus,Estadio municipal,19:00,,Y,Y,,0,26 C,no wind,mostly sunny,R.Miras,D.Clemence,J.Fernandez,M.Exposito,A.Gurbiersch,C.Beckmann,V.Cobas,J.Lanz,J.Lanz,HD,1,10,HD35,"V,1,10,V35","0,2,3","SPOT:H,H35,N KO:85,V06 RET:32,V23 TACK:90","BD ball on BD35, J. Llinas kickoff 59 yards to the HD6, J. Hummel return 17 yards to the HD23 (A. Fernandez).","V,1,10,V23",K,NA,NA,NA,NA,NA,NA,NA,0,NA,NA,NA,NA,NA,NA,NA,NA,NA,NA,NA,NA,NA,NA,NA,NA
BDHD2103,HD,BD,Hamburg Sea Devils,Barcelona Dragons,7/3/2021,Reus,Estadio municipal,19:00,,Y,Y,,0,26 C,no wind,mostly sunny,R.Miras,D.Clemence,J.Fernandez,M.Exposito,A.Gurbiersch,C.Beckmann,V.Cobas,J.Lanz,J.Lanz,HD,1,10,HD23,"V,1,10,V23","1,1,4","RUSH:31,V31, TACK:90",31 rush for 8 yards to the HD31 (A. Fernandez).,"V,2,2,V31",R,NA,NA,NA,NA,NA,NA,NA,1,V,HD,"KO,1,15:00,23","TD,1,10:47,100",7,77,4:13,KO,1,15:00,HD23,TD,1,10:47,BD00,1
BDHD2103,HD,BD,Hamburg Sea Devils,Barcelona Dragons,7/3/2021,Reus,Estadio municipal,19:00,,Y,Y,,0,26 C,no wind,mostly sunny,R.Miras,D.Clemence,J.Fernandez,M.Exposito,A.Gurbiersch,C.Beckmann,V.Cobas,J.Lanz,J.Lanz,HD,2,2,HD31,"V,2,2,V31","1,2,5","PASS:10,C,11,V39 TACK:20,45","J. Clark pass complete to B. Mau for 8 yards to the HD39, 1ST DOWN HD (L. Masero;A. Posito).","V,1,10,V39",P,P,NA,NA,NA,NA,NA,NA,1,V,HD,"KO,1,15:00,23","TD,1,10:47,100",7,77,4:13,KO,1,15:00,HD23,TD,1,10:47,BD00,1
BDHD2103,HD,BD,Hamburg Sea Devils,Barcelona Dragons,7/3/2021,Reus,Estadio municipal,19:00,,Y,Y,,0,26 C,no wind,mostly sunny,R.Miras,D.Clemence,J.Fernandez,M.Exposito,A.Gurbiersch,C.Beckmann,V.Cobas,J.Lanz,J.Lanz,HD,1,10,HD39,"V,1,10,V39","1,3,6","PASS:10,C,11,H30 OB:","J. Clark pass complete to B. Mau for 31 yards to the BD30, 1ST DOWN HD, out-of-bounds.","V,1,10,H30",P,P,Y,NA,NA,NA,NA,NA,1,V,HD,"KO,1,15:00,23","TD,1,10:47,100",7,77,4:13,KO,1,15:00,HD23,TD,1,10:47,BD00,1
BDHD2103,HD,BD,Hamburg Sea Devils,Barcelona Dragons,7/3/2021,Reus,Estadio municipal,19:00,,Y,Y,,0,26 C,no wind,mostly sunny,R.Miras,D.Clemence,J.Fernandez,M.Exposito,A.Gurbiersch,C.Beckmann,V.Cobas,J.Lanz,J.Lanz,HD,1,10,BD30,"V,1,10,H30","1,4,7","RUSH:24,H23, TACK:7,93",X. Johnson rush for 7 yards to the BD23 (M. Tavarres;A. Pinheiro).,"V,2,3,H23",R,NA,NA,NA,NA,NA,NA,NA,1,V,HD,"KO,1,15:00,23","TD,1,10:47,100",7,77,4:13,KO,1,15:00,HD23,TD,1,10:47,BD00,1
BDHD2103,HD,BD,Hamburg Sea Devils,Barcelona Dragons,7/3/2021,Reus,Estadio municipal,19:00,,Y,Y,,0,26 C,no wind,mostly sunny,R.Miras,D.Clemence,J.Fernandez,M.Exposito,A.Gurbiersch,C.Beckmann,V.Cobas,J.Lanz,J.Lanz,HD,2,3,BD23,"V,2,3,H23","1,5,8","RUSH:24,H06, TACK:93","X. Johnson rush for 17 yards to the BD6, 1ST DOWN HD (A. Pinheiro).","V,1,0,H06",R,R,NA,NA,NA,NA,NA,NA,1,V,HD,"KO,1,15:00,23","TD,1,10:47,100",7,77,4:13,KO,1,15:00,HD23,TD,1,10:47,BD00,1
BDHD2103,HD,BD,Hamburg Sea Devils,Barcelona Dragons,7/3/2021,Reus,Estadio municipal,19:00,,Y,Y,,0,26 C,no wind,mostly sunny,R.Miras,D.Clemence,J.Fernandez,M.Exposito,A.Gurbiersch,C.Beckmann,V.Cobas,J.Lanz,J.Lanz,HD,1,0,BD06,"V,1,0,H06","1,6,9","RUSH:24,H06, TACK:10,33",X. Johnson rush for no gain to the BD6 (C. Brugnani;T. Debiez).,"V,2,0,H06",R,NA,NA,NA,NA,NA,NA,NA,1,V,HD,"KO,1,15:00,23","TD,1,10:47,100",7,77,4:13,KO,1,15:00,HD23,TD,1,10:47,BD00,1
BDHD2103,HD,BD,Hamburg Sea Devils,Barcelona Dragons,7/3/2021,Reus,Estadio municipal,19:00,,Y,Y,,0,26 C,no wind,mostly sunny,R.Miras,D.Clemence,J.Fernandez,M.Exposito,A.Gurbiersch,C.Beckmann,V.Cobas,J.Lanz,J.Lanz,HD,2,0,BD06,"V,2,0,H06","1,7,10","PASS:10,C,44,H00 T:10:47","J. Clark pass complete to J. Kruse for 6 yards to the BD0, TOUCHDOWN, clock 10:47.","V,1,0,H03",P,NA,NA,Y,6,0,10:47,NA,1,V,HD,"KO,1,15:00,23","TD,1,10:47,100",7,77,4:13,KO,1,15:00,HD23,TD,1,10:47,BD00,1
BDHD2103,HD,BD,Hamburg Sea Devils,Barcelona Dragons,7/3/2021,Reus,Estadio municipal,19:00,,Y,Y,,0,26 C,no wind,mostly sunny,R.Miras,D.Clemence,J.Fernandez,M.Exposito,A.Gurbiersch,C.Beckmann,V.Cobas,J.Lanz,J.Lanz,HD,1,0,BD03,"V,1,0,H03","1,8,11","PAT:K,4,G",P. Andersen kick attempt good.,"V,1,0,V35",X,NA,NA,Y,7,0,NA,NA,1,V,HD,"KO,1,15:00,23","TD,1,10:47,100",7,77,4:13,KO,1,15:00,HD23,TD,1,10:47,BD00,1
BDHD2103,HD,BD,Hamburg Sea Devils,Barcelona Dragons,7/3/2021,Reus,Estadio municipal,19:00,,Y,Y,,0,26 C,no wind,mostly sunny,R.Miras,D.Clemence,J.Fernandez,M.Exposito,A.Gurbiersch,C.Beckmann,V.Cobas,J.Lanz,J.Lanz,HD,1,0,HD35,"V,1,0,V35","1,9,12","KO:4,H00 TB:","P. Andersen kickoff 65 yards to the BD0, touchback.","H,1,10,H25",K,NA,NA,NA,NA,NA,NA,NA,1,V,HD,"KO,1,15:00,23","TD,1,10:47,100",7,77,4:13,KO,1,15:00,HD23,TD,1,10:47,BD00,1
BDHD2103,HD,BD,Hamburg Sea Devils,Barcelona Dragons,7/3/2021,Reus,Estadio municipal,19:00,,Y,Y,,0,26 C,no wind,mostly sunny,R.Miras,D.Clemence,J.Fernandez,M.Exposito,A.Gurbiersch,C.Beckmann,V.Cobas,J.Lanz,J.Lanz,BD,1,10,BD25,"H,1,10,H25","2,1,13","{DRIVE}:10:47 RUSH:3,H28, TACK:94","BARCELONA DRAGONS drive start at 10:47, A. Jimenez rush for 3 yards to the BD28 (B. Grube).","H,2,7,H28",R,NA,NA,NA,NA,NA,10:47,NA,2,H,BD,"KO,1,10:47,25","FGA,1,07:47,79",9,54,3:00,KO,1,10:47,BD25,FGA,1,07:47,HD21,NA
BDHD2103,HD,BD,Hamburg Sea Devils,Barcelona Dragons,7/3/2021,Reus,Estadio municipal,19:00,,Y,Y,,0,26 C,no wind,mostly sunny,R.Miras,D.Clemence,J.Fernandez,M.Exposito,A.Gurbiersch,C.Beckmann,V.Cobas,J.Lanz,J.Lanz,BD,2,7,BD28,"H,2,7,H28","2,2,14","RUSH:3,H26, TACK:58",A. Jimenez rush for loss of 2 yards to the BD26 (J. Bombek).,"H,3,9,H26",R,NA,NA,NA,NA,NA,NA,NA,2,H,BD,"KO,1,10:47,25","FGA,1,07:47,79",9,54,3:00,KO,1,10:47,BD25,FGA,1,07:47,HD21,NA
BDHD2103,HD,BD,Hamburg Sea Devils,Barcelona Dragons,7/3/2021,Reus,Estadio municipal,19:00,,Y,Y,,0,26 C,no wind,mostly sunny,R.Miras,D.Clemence,J.Fernandez,M.Exposito,A.Gurbiersch,C.Beckmann,V.Cobas,J.Lanz,J.Lanz,BD,3,9,BD26,"H,3,9,H26","2,3,15","PASS:1,C,15,V41 TACK:22","Z. Edwards pass complete to M. Flores for 33 yards to the HD41, 1ST DOWN BD (A. Astahin).","H,1,10,V41",P,P,NA,NA,NA,NA,NA,NA,2,H,BD,"KO,1,10:47,25","FGA,1,07:47,79",9,54,3:00,KO,1,10:47,BD25,FGA,1,07:47,HD21,NA
BDHD2103,HD,BD,Hamburg Sea Devils,Barcelona Dragons,7/3/2021,Reus,Estadio municipal,19:00,,Y,Y,,0,26 C,no wind,mostly sunny,R.Miras,D.Clemence,J.Fernandez,M.Exposito,A.Gurbiersch,C.Beckmann,V.Cobas,J.Lanz,J.Lanz,BD,1,10,HD41,"H,1,10,V41","2,4,16","PASS:1,C,5,V34 OB:","Z. Edwards pass complete to J. Constant for 7 yards to the HD34, out-of-bounds.","H,2,3,V34",P,NA,Y,NA,NA,NA,NA,NA,2,H,BD,"KO,1,10:47,25","FGA,1,07:47,79",9,54,3:00,KO,1,10:47,BD25,FGA,1,07:47,HD21,NA
BDHD2103,HD,BD,Hamburg Sea Devils,Barcelona Dragons,7/3/2021,Reus,Estadio municipal,19:00,,Y,Y,,0,26 C,no wind,mostly sunny,R.Miras,D.Clemence,J.Fernandez,M.Exposito,A.Gurbiersch,C.Beckmann,V.Cobas,J.Lanz,J.Lanz,BD,2,3,HD34,"H,2,3,V34","2,5,17","RUSH:3,V28, TACK:25","A. Jimenez rush for 6 yards to the HD28, 1ST DOWN BD (M. Franklin).","H,1,10,V28",R,R,NA,NA,NA,NA,NA,NA,2,H,BD,"KO,1,10:47,25","FGA,1,07:47,79",9,54,3:00,KO,1,10:47,BD25,FGA,1,07:47,HD21,NA
BDHD2103,HD,BD,Hamburg Sea Devils,Barcelona Dragons,7/3/2021,Reus,Estadio municipal,19:00,,Y,Y,,0,26 C,no wind,mostly sunny,R.Miras,D.Clemence,J.Fernandez,M.Exposito,A.Gurbiersch,C.Beckmann,V.Cobas,J.Lanz,J.Lanz,BD,1,10,HD28,"H,1,10,V28","2,6,18","TOUT:V T:08:47 PASS:1,C,5,V21 OB:","Timeout Hamburg Sea Devils, clock 08:47, Z. Edwards pass complete to J. Constant for 7 yards to the HD21, out-of-bounds.","H,2,3,V21",P,NA,Y,NA,NA,NA,08:47,NA,2,H,BD,"KO,1,10:47,25","FGA,1,07:47,79",9,54,3:00,KO,1,10:47,BD25,FGA,1,07:47,HD21,NA
BDHD2103,HD,BD,Hamburg Sea Devils,Barcelona Dragons,7/3/2021,Reus,Estadio municipal,19:00,,Y,Y,,0,26 C,no wind,mostly sunny,R.Miras,D.Clemence,J.Fernandez,M.Exposito,A.Gurbiersch,C.Beckmann,V.Cobas,J.Lanz,J.Lanz,BD,2,3,HD21,"H,2,3,V21","2,7,19","PASS:1,I,5,*",Z. Edwards pass incomplete to J. Constant.,"H,3,3,V21",P,NA,NA,NA,NA,NA,NA,NA,2,H,BD,"KO,1,10:47,25","FGA,1,07:47,79",9,54,3:00,KO,1,10:47,BD25,FGA,1,07:47,HD21,NA
BDHD2103,HD,BD,Hamburg Sea Devils,Barcelona Dragons,7/3/2021,Reus,Estadio municipal,19:00,,Y,Y,,0,26 C,no wind,mostly sunny,R.Miras,D.Clemence,J.Fernandez,M.Exposito,A.Gurbiersch,C.Beckmann,V.Cobas,J.Lanz,J.Lanz,BD,3,3,HD21,"H,3,3,V21","2,8,20","PASS:1,S,TM,V21 SACK:52,95",Z. Edwards sacked for no gain to the HD21 (A. Mati;E. Yeboah).,"H,4,3,V21",P,NA,NA,NA,NA,NA,NA,NA,2,H,BD,"KO,1,10:47,25","FGA,1,07:47,79",9,54,3:00,KO,1,10:47,BD25,FGA,1,07:47,HD21,NA
BDHD2103,HD,BD,Hamburg Sea Devils,Barcelona Dragons,7/3/2021,Reus,Estadio municipal,19:00,,Y,Y,,0,26 C,no wind,mostly sunny,R.Miras,D.Clemence,J.Fernandez,M.Exposito,A.Gurbiersch,C.Beckmann,V.Cobas,J.Lanz,J.Lanz,BD,4,3,HD21,"H,4,3,V21","2,9,21","FGA:85,21,M,V28,L T:07:47","J. Llinas field goal attempt from 21 MISSED - wide left, spot at HD28, clock 07:47.","V,1,10,V28",F,NA,NA,NA,NA,NA,07:47,NA,2,H,BD,"KO,1,10:47,25","FGA,1,07:47,79",9,54,3:00,KO,1,10:47,BD25,FGA,1,07:47,HD21,NA
BDHD2103,HD,BD,Hamburg Sea Devils,Barcelona Dragons,7/3/2021,Reus,Estadio municipal,19:00,,Y,Y,,0,26 C,no wind,mostly sunny,R.Miras,D.Clemence,J.Fernandez,M.Exposito,A.Gurbiersch,C.Beckmann,V.Cobas,J.Lanz,J.Lanz,HD,1,10,HD28,"V,1,10,V28","3,1,22","{DRIVE}:07:47 PEN:V,DG,A,TM,V23,N NOPLAY:","HAMBURG SEA DEVILS drive start at 07:47, PENALTY HD delay of game 5 yards to the HD23, NO PLAY.","V,1,15,V23",E,NA,NA,NA,NA,NA,NA,NA,3,V,HD,"FGA,1,07:47,28","FG,1,05:08,92",7,64,2:39,FGA,1,07:47,HD28,FG,1,05:08,BD08,1
BDHD2103,HD,BD,Hamburg Sea Devils,Barcelona Dragons,7/3/2021,Reus,Estadio municipal,19:00,,Y,Y,,0,26 C,no wind,mostly sunny,R.Miras,D.Clemence,J.Fernandez,M.Exposito,A.Gurbiersch,C.Beckmann,V.Cobas,J.Lanz,J.Lanz,HD,1,15,HD23,"V,1,15,V23","3,2,23","RUSH:24,V28, TACK:45",X. Johnson rush for 5 yards to the HD28 (A. Posito).,"V,2,10,V28",R,NA,NA,NA,NA,NA,NA,NA,3,V,HD,"FGA,1,07:47,28","FG,1,05:08,92",7,64,2:39,FGA,1,07:47,HD28,FG,1,05:08,BD08,1
BDHD2103,HD,BD,Hamburg Sea Devils,Barcelona Dragons,7/3/2021,Reus,Estadio municipal,19:00,,Y,Y,,0,26 C,no wind,mostly sunny,R.Miras,D.Clemence,J.Fernandez,M.Exposito,A.Gurbiersch,C.Beckmann,V.Cobas,J.Lanz,J.Lanz,HD,2,10,HD28,"V,2,10,V28","3,3,24","PASS:10,C,80,H43 OB: TACK:23","J. Clark pass complete to D. Arboleda for 29 yards to the BD43, 1ST DOWN HD, out-of-bounds (J. Brugnani).","V,1,10,H43",P,P,Y,NA,NA,NA,NA,NA,3,V,HD,"FGA,1,07:47,28","FG,1,05:08,92",7,64,2:39,FGA,1,07:47,HD28,FG,1,05:08,BD08,1
BDHD2103,HD,BD,Hamburg Sea Devils,Barcelona Dragons,7/3/2021,Reus,Estadio municipal,19:00,,Y,Y,,0,26 C,no wind,mostly sunny,R.Miras,D.Clemence,J.Fernandez,M.Exposito,A.Gurbiersch,C.Beckmann,V.Cobas,J.Lanz,J.Lanz,HD,1,10,BD43,"V,1,10,H43","3,4,25","RUSH:24,H11, TACK:45","X. Johnson rush for 32 yards to the BD11, 1ST DOWN HD (A. Posito).","V,1,10,H11",R,R,NA,NA,NA,NA,NA,NA,3,V,HD,"FGA,1,07:47,28","FG,1,05:08,92",7,64,2:39,FGA,1,07:47,HD28,FG,1,05:08,BD08,1
BDHD2103,HD,BD,Hamburg Sea Devils,Barcelona Dragons,7/3/2021,Reus,Estadio municipal,19:00,,Y,Y,,0,26 C,no wind,mostly sunny,R.Miras,D.Clemence,J.Fernandez,M.Exposito,A.Gurbiersch,C.Beckmann,V.Cobas,J.Lanz,J.Lanz,HD,1,10,BD11,"V,1,10,H11","3,5,26","PASS:10,I,11,*",J. Clark pass incomplete to B. Mau.,"V,2,10,H11",P,NA,NA,NA,NA,NA,NA,NA,3,V,HD,"FGA,1,07:47,28","FG,1,05:08,92",7,64,2:39,FGA,1,07:47,HD28,FG,1,05:08,BD08,1
BDHD2103,HD,BD,Hamburg Sea Devils,Barcelona Dragons,7/3/2021,Reus,Estadio municipal,19:00,,Y,Y,,0,26 C,no wind,mostly sunny,R.Miras,D.Clemence,J.Fernandez,M.Exposito,A.Gurbiersch,C.Beckmann,V.Cobas,J.Lanz,J.Lanz,HD,2,10,BD11,"V,2,10,H11","3,6,27","RUSH:34,H08, TACK:45,90",J. Ampaw rush for 3 yards to the BD8 (A. Posito;A. Fernandez).,"V,3,7,H08",R,NA,NA,NA,NA,NA,NA,NA,3,V,HD,"FGA,1,07:47,28","FG,1,05:08,92",7,64,2:39,FGA,1,07:47,HD28,FG,1,05:08,BD08,1
BDHD2103,HD,BD,Hamburg Sea Devils,Barcelona Dragons,7/3/2021,Reus,Estadio municipal,19:00,,Y,Y,,0,26 C,no wind,mostly sunny,R.Miras,D.Clemence,J.Fernandez,M.Exposito,A.Gurbiersch,C.Beckmann,V.Cobas,J.Lanz,J.Lanz,HD,3,7,BD08,"V,3,7,H08","3,7,28","PASS:10,I,11,*",J. Clark pass incomplete to B. Mau.,"V,4,7,H08",P,NA,NA,NA,NA,NA,NA,NA,3,V,HD,"FGA,1,07:47,28","FG,1,05:08,92",7,64,2:39,FGA,1,07:47,HD28,FG,1,05:08,BD08,1
BDHD2103,HD,BD,Hamburg Sea Devils,Barcelona Dragons,7/3/2021,Reus,Estadio municipal,19:00,,Y,Y,,0,26 C,no wind,mostly sunny,R.Miras,D.Clemence,J.Fernandez,M.Exposito,A.Gurbiersch,C.Beckmann,V.Cobas,J.Lanz,J.Lanz,HD,4,7,BD08,"V,4,7,H08","3,8,29","FGA:4,7,G T:05:08","P. Andersen field goal attempt from 7 GOOD, clock 05:08.","V,1,0,V35",F,NA,NA,Y,10,0,05:08,NA,3,V,HD,"FGA,1,07:47,28","FG,1,05:08,92",7,64,2:39,FGA,1,07:47,HD28,FG,1,05:08,BD08,1
BDHD2103,HD,BD,Hamburg Sea Devils,Barcelona Dragons,7/3/2021,Reus,Estadio municipal,19:00,,Y,Y,,0,26 C,no wind,mostly sunny,R.Miras,D.Clemence,J.Fernandez,M.Exposito,A.Gurbiersch,C.Beckmann,V.Cobas,J.Lanz,J.Lanz,HD,1,0,HD35,"V,1,0,V35","3,9,30","KO:4,H00 TB:","P. Andersen kickoff 65 yards to the BD0, touchback.","H,1,10,H25",K,NA,NA,NA,NA,NA,NA,NA,3,V,HD,"FGA,1,07:47,28","FG,1,05:08,92",7,64,2:39,FGA,1,07:47,HD28,FG,1,05:08,BD08,1
BDHD2103,HD,BD,Hamburg Sea Devils,Barcelona Dragons,7/3/2021,Reus,Estadio municipal,19:00,,Y,Y,,0,26 C,no wind,mostly sunny,R.Miras,D.Clemence,J.Fernandez,M.Exposito,A.Gurbiersch,C.Beckmann,V.Cobas,J.Lanz,J.Lanz,BD,1,10,BD25,"H,1,10,H25","4,1,31","{DRIVE}:05:08 PASS:1,C,4,H37 OB: TACK:52","BARCELONA DRAGONS drive start at 05:08, Z. Edwards pass complete to R. Bertellin for 12 yards to the BD37, 1ST DOWN BD, out-of-bounds (A. Mati).","H,1,10,H37",P,P,Y,NA,NA,NA,05:08,NA,4,H,BD,"KO,1,05:08,25","FUMB,1,03:24,61",4,36,1:44,KO,1,05:08,BD25,FUMB,1,03:24,HD39,NA
BDHD2103,HD,BD,Hamburg Sea Devils,Barcelona Dragons,7/3/2021,Reus,Estadio municipal,19:00,,Y,Y,,0,26 C,no wind,mostly sunny,R.Miras,D.Clemence,J.Fernandez,M.Exposito,A.Gurbiersch,C.Beckmann,V.Cobas,J.Lanz,J.Lanz,BD,1,10,BD37,"H,1,10,H37","4,2,32","RUSH:3,H36, TACK:98",A. Jimenez rush for loss of 1 yard to the BD36 (H. Awuah).,"H,2,11,H36",R,NA,NA,NA,NA,NA,NA,NA,4,H,BD,"KO,1,05:08,25","FUMB,1,03:24,61",4,36,1:44,KO,1,05:08,BD25,FUMB,1,03:24,HD39,NA
BDHD2103,HD,BD,Hamburg Sea Devils,Barcelona Dragons,7/3/2021,Reus,Estadio municipal,19:00,,Y,Y,,0,26 C,no wind,mostly sunny,R.Miras,D.Clemence,J.Fernandez,M.Exposito,A.Gurbiersch,C.Beckmann,V.Cobas,J.Lanz,J.Lanz,BD,2,11,BD36,"H,2,11,H36","4,3,33","PEN:V,RP,A,TM,V49,1","PENALTY HD roughing passer 15 yards to the HD49, 1ST DOWN BD.","H,1,10,V49",E,E,NA,NA,NA,NA,NA,NA,4,H,BD,"KO,1,05:08,25","FUMB,1,03:24,61",4,36,1:44,KO,1,05:08,BD25,FUMB,1,03:24,HD39,NA
BDHD2103,HD,BD,Hamburg Sea Devils,Barcelona Dragons,7/3/2021,Reus,Estadio municipal,19:00,,Y,Y,,0,26 C,no wind,mostly sunny,R.Miras,D.Clemence,J.Fernandez,M.Exposito,A.Gurbiersch,C.Beckmann,V.Cobas,J.Lanz,J.Lanz,BD,1,10,HD49,"H,1,10,V49","4,4,34","RUSH:1,V47, TACK:23,95",Z. Edwards rush for 2 yards to the HD47 (J. Rogers;E. Yeboah).,"H,2,8,V47",R,NA,NA,NA,NA,NA,NA,NA,4,H,BD,"KO,1,05:08,25","FUMB,1,03:24,61",4,36,1:44,KO,1,05:08,BD25,FUMB,1,03:24,HD39,NA
BDHD2103,HD,BD,Hamburg Sea Devils,Barcelona Dragons,7/3/2021,Reus,Estadio municipal,19:00,,Y,Y,,0,26 C,no wind,mostly sunny,R.Miras,D.Clemence,J.Fernandez,M.Exposito,A.Gurbiersch,C.Beckmann,V.Cobas,J.Lanz,J.Lanz,BD,2,8,HD47,"H,2,8,V47","4,5,35","PASS:1,C,5,V39 FORCE:52 FUMB:V,V39,52","Z. Edwards pass complete to J. Constant for 8 yards to the HD39, fumble forced by A. Mati, fumble by J. Constant recovered by HD A. Mati at HD39.","V,1,10,V39",P,NA,NA,NA,NA,NA,NA,F,4,H,BD,"KO,1,05:08,25","FUMB,1,03:24,61",4,36,1:44,KO,1,05:08,BD25,FUMB,1,03:24,HD39,NA
BDHD2103,HD,BD,Hamburg Sea Devils,Barcelona Dragons,7/3/2021,Reus,Estadio municipal,19:00,,Y,Y,,0,26 C,no wind,mostly sunny,R.Miras,D.Clemence,J.Fernandez,M.Exposito,A.Gurbiersch,C.Beckmann,V.Cobas,J.Lanz,J.Lanz,HD,1,10,HD39,"V,1,10,V39","5,1,36","{DRIVE}:03:24 PASS:10,I,80,*","HAMBURG SEA DEVILS drive start at 03:24, J. Clark pass incomplete to D. Arboleda.","V,2,10,V39",P,NA,NA,NA,NA,NA,03:24,NA,5,V,HD,"FUMB,1,03:24,39","FG,1,00:15,87",8,48,3:09,FUMB,1,03:24,HD39,FG,1,00:15,BD13,1
BDHD2103,HD,BD,Hamburg Sea Devils,Barcelona Dragons,7/3/2021,Reus,Estadio municipal,19:00,,Y,Y,,0,26 C,no wind,mostly sunny,R.Miras,D.Clemence,J.Fernandez,M.Exposito,A.Gurbiersch,C.Beckmann,V.Cobas,J.Lanz,J.Lanz,HD,2,10,HD39,"V,2,10,V39","5,2,37","RUSH:24,H44, TACK:7","X. Johnson rush for 17 yards to the BD44, 1ST DOWN HD (M. Tavarres).","V,1,10,H44",R,R,NA,NA,NA,NA,NA,NA,5,V,HD,"FUMB,1,03:24,39","FG,1,00:15,87",8,48,3:09,FUMB,1,03:24,HD39,FG,1,00:15,BD13,1
BDHD2103,HD,BD,Hamburg Sea Devils,Barcelona Dragons,7/3/2021,Reus,Estadio municipal,19:00,,Y,Y,,0,26 C,no wind,mostly sunny,R.Miras,D.Clemence,J.Fernandez,M.Exposito,A.Gurbiersch,C.Beckmann,V.Cobas,J.Lanz,J.Lanz,HD,1,10,BD44,"V,1,10,H44","5,3,38","PEN:H,FM,A,7,H29,1","PENALTY BD face mask (M. Tavarres) 15 yards to the BD29, 1ST DOWN HD.","V,1,10,H29",E,E,NA,NA,NA,NA,NA,NA,5,V,HD,"FUMB,1,03:24,39","FG,1,00:15,87",8,48,3:09,FUMB,1,03:24,HD39,FG,1,00:15,BD13,1
BDHD2103,HD,BD,Hamburg Sea Devils,Barcelona Dragons,7/3/2021,Reus,Estadio municipal,19:00,,Y,Y,,0,26 C,no wind,mostly sunny,R.Miras,D.Clemence,J.Fernandez,M.Exposito,A.Gurbiersch,C.Beckmann,V.Cobas,J.Lanz,J.Lanz,HD,1,10,BD29,"V,1,10,H29","5,4,39","PASS:10,C,12,H29 TACK:25",J. Clark pass complete to J. Madin Cerezo for no gain to the BD29 (N. Lester).,"V,2,10,H29",P,NA,NA,NA,NA,NA,NA,NA,5,V,HD,"FUMB,1,03:24,39","FG,1,00:15,87",8,48,3:09,FUMB,1,03:24,HD39,FG,1,00:15,BD13,1
BDHD2103,HD,BD,Hamburg Sea Devils,Barcelona Dragons,7/3/2021,Reus,Estadio municipal,19:00,,Y,Y,,0,26 C,no wind,mostly sunny,R.Miras,D.Clemence,J.Fernandez,M.Exposito,A.Gurbiersch,C.Beckmann,V.Cobas,J.Lanz,J.Lanz,HD,2,10,BD29,"V,2,10,H29","5,5,40","PASS:10,C,24,H16 OB:","J. Clark pass complete to X. Johnson for 13 yards to the BD16, 1ST DOWN HD, out-of-bounds.","V,1,10,H16",P,P,Y,NA,NA,NA,NA,NA,5,V,HD,"FUMB,1,03:24,39","FG,1,00:15,87",8,48,3:09,FUMB,1,03:24,HD39,FG,1,00:15,BD13,1
BDHD2103,HD,BD,Hamburg Sea Devils,Barcelona Dragons,7/3/2021,Reus,Estadio municipal,19:00,,Y,Y,,0,26 C,no wind,mostly sunny,R.Miras,D.Clemence,J.Fernandez,M.Exposito,A.Gurbiersch,C.Beckmann,V.Cobas,J.Lanz,J.Lanz,HD,1,10,BD16,"V,1,10,H16","5,6,41","RUSH:24,H13, TACK:23,7",X. Johnson rush for 3 yards to the BD13 (J. Brugnani;M. Tavarres).,"V,2,7,H13",R,NA,NA,NA,NA,NA,NA,NA,5,V,HD,"FUMB,1,03:24,39","FG,1,00:15,87",8,48,3:09,FUMB,1,03:24,HD39,FG,1,00:15,BD13,1
BDHD2103,HD,BD,Hamburg Sea Devils,Barcelona Dragons,7/3/2021,Reus,Estadio municipal,19:00,,Y,Y,,0,26 C,no wind,mostly sunny,R.Miras,D.Clemence,J.Fernandez,M.Exposito,A.Gurbiersch,C.Beckmann,V.Cobas,J.Lanz,J.Lanz,HD,2,7,BD13,"V,2,7,H13","5,7,42","RUSH:24,H09, TACK:7,10",X. Johnson rush for 4 yards to the BD9 (M. Tavarres;C. Brugnani).,"V,3,3,H09",R,NA,NA,NA,NA,NA,NA,NA,5,V,HD,"FUMB,1,03:24,39","FG,1,00:15,87",8,48,3:09,FUMB,1,03:24,HD39,FG,1,00:15,BD13,1
BDHD2103,HD,BD,Hamburg Sea Devils,Barcelona Dragons,7/3/2021,Reus,Estadio municipal,19:00,,Y,Y,,0,26 C,no wind,mostly sunny,R.Miras,D.Clemence,J.Fernandez,M.Exposito,A.Gurbiersch,C.Beckmann,V.Cobas,J.Lanz,J.Lanz,HD,3,3,BD09,"V,3,3,H09","5,8,43","PASS:10,S,TM,H13 SACK:45",J. Clark sacked for loss of 4 yards to the BD13 (A. Posito).,"V,4,7,H13",P,NA,NA,NA,NA,NA,NA,NA,5,V,HD,"FUMB,1,03:24,39","FG,1,00:15,87",8,48,3:09,FUMB,1,03:24,HD39,FG,1,00:15,BD13,1
BDHD2103,HD,BD,Hamburg Sea Devils,Barcelona Dragons,7/3/2021,Reus,Estadio municipal,19:00,,Y,Y,,0,26 C,no wind,mostly sunny,R.Miras,D.Clemence,J.Fernandez,M.Exposito,A.Gurbiersch,C.Beckmann,V.Cobas,J.Lanz,J.Lanz,HD,4,7,BD13,"V,4,7,H13","5,9,44","FGA:4,13,G T:00:15","P. Andersen field goal attempt from 13 GOOD, clock 00:15.","V,1,0,V35",F,NA,NA,Y,13,0,00:15,NA,5,V,HD,"FUMB,1,03:24,39","FG,1,00:15,87",8,48,3:09,FUMB,1,03:24,HD39,FG,1,00:15,BD13,1
BDHD2103,HD,BD,Hamburg Sea Devils,Barcelona Dragons,7/3/2021,Reus,Estadio municipal,19:00,,Y,Y,,0,26 C,no wind,mostly sunny,R.Miras,D.Clemence,J.Fernandez,M.Exposito,A.Gurbiersch,C.Beckmann,V.Cobas,J.Lanz,J.Lanz,HD,1,0,HD35,"V,1,0,V35","5,10,45","KO:4,H00 TB:","P. Andersen kickoff 65 yards to the BD0, touchback.","H,1,10,H25",K,NA,NA,NA,NA,NA,NA,NA,5,V,HD,"FUMB,1,03:24,39","FG,1,00:15,87",8,48,3:09,FUMB,1,03:24,HD39,FG,1,00:15,BD13,1
BDHD2103,HD,BD,Hamburg Sea Devils,Barcelona Dragons,7/3/2021,Reus,Estadio municipal,19:00,,Y,Y,,0,26 C,no wind,mostly sunny,R.Miras,D.Clemence,J.Fernandez,M.Exposito,A.Gurbiersch,C.Beckmann,V.Cobas,J.Lanz,J.Lanz,BD,1,10,BD25,"H,1,10,H25","6,1,46","{DRIVE}:00:15 PASS:1,I,86,*","BARCELONA DRAGONS drive start at 00:15, Z. Edwards pass incomplete to M. Emos.","H,2,10,H25",P,NA,NA,NA,NA,NA,00:15,NA,6,H,BD,"KO,1,00:15,25","PUNT,2,12:00,29",3,4,3:15,KO,1,00:15,BD25,PUNT,2,12:00,BD29,NA
BDHD2103,HD,BD,Hamburg Sea Devils,Barcelona Dragons,7/3/2021,Reus,Estadio municipal,19:00,,Y,Y,,0,26 C,no wind,mostly sunny,R.Miras,D.Clemence,J.Fernandez,M.Exposito,A.Gurbiersch,C.Beckmann,V.Cobas,J.Lanz,J.Lanz,BD,2,10,BD25,"H,2,10,H25","6,2,47","RUSH:1,H24, OB:","Z. Edwards rush for loss of 1 yard to the BD24, out-of-bounds.","H,3,11,H24",R,NA,Y,NA,NA,NA,NA,NA,6,H,BD,"KO,1,00:15,25","PUNT,2,12:00,29",3,4,3:15,KO,1,00:15,BD25,PUNT,2,12:00,BD29,NA
BDHD2103,HD,BD,Hamburg Sea Devils,Barcelona Dragons,7/3/2021,Reus,Estadio municipal,19:00,,Y,Y,,0,26 C,no wind,mostly sunny,R.Miras,D.Clemence,J.Fernandez,M.Exposito,A.Gurbiersch,C.Beckmann,V.Cobas,J.Lanz,J.Lanz,BD,3,11,BD24,"H,3,11,H24","6,3,48","Q:2 T:12:00 PEN:V,OD,A,91,H29,N","Start of 2nd quarter, clock 12:00, PENALTY HD offside defense (K. Edebali) 5 yards to the BD29.","H,3,6,H29",E,NA,NA,NA,NA,NA,12:00,NA,6,H,BD,"KO,1,00:15,25","PUNT,2,12:00,29",3,4,3:15,KO,1,00:15,BD25,PUNT,2,12:00,BD29,NA
BDHD2103,HD,BD,Hamburg Sea Devils,Barcelona Dragons,7/3/2021,Reus,Estadio municipal,19:00,,Y,Y,,0,26 C,no wind,mostly sunny,R.Miras,D.Clemence,J.Fernandez,M.Exposito,A.Gurbiersch,C.Beckmann,V.Cobas,J.Lanz,J.Lanz,BD,3,6,BD29,"H,3,6,H29","6,4,49","PASS:1,I,86,*",Z. Edwards pass incomplete to M. Emos.,"H,4,6,H29",P,NA,NA,NA,NA,NA,NA,NA,6,H,BD,"KO,1,00:15,25","PUNT,2,12:00,29",3,4,3:15,KO,1,00:15,BD25,PUNT,2,12:00,BD29,NA
BDHD2103,HD,BD,Hamburg Sea Devils,Barcelona Dragons,7/3/2021,Reus,Estadio municipal,19:00,,Y,Y,,0,26 C,no wind,mostly sunny,R.Miras,D.Clemence,J.Fernandez,M.Exposito,A.Gurbiersch,C.Beckmann,V.Cobas,J.Lanz,J.Lanz,BD,4,6,BD29,"H,4,6,H29","6,5,50","PUNT:18,H48 OB:","C. Manser punt 19 yards to the BD48, out-of-bounds.","V,1,10,H48",U,NA,Y,NA,NA,NA,NA,NA,6,H,BD,"KO,1,00:15,25","PUNT,2,12:00,29",3,4,3:15,KO,1,00:15,BD25,PUNT,2,12:00,BD29,NA
BDHD2103,HD,BD,Hamburg Sea Devils,Barcelona Dragons,7/3/2021,Reus,Estadio municipal,19:00,,Y,Y,,0,26 C,no wind,mostly sunny,R.Miras,D.Clemence,J.Fernandez,M.Exposito,A.Gurbiersch,C.Beckmann,V.Cobas,J.Lanz,J.Lanz,HD,1,10,BD48,"V,1,10,H48","7,1,51","{DRIVE}:12:00 RUSH:34,H43, TACK:7","HAMBURG SEA DEVILS drive start at 12:00, J. Ampaw rush for 5 yards to the BD43 (M. Tavarres).","V,2,5,H43",R,NA,NA,NA,NA,NA,12:00,NA,7,V,HD,"PUNT,2,12:00,52","PUNT,2,11:30,52",3,0,0:30,PUNT,2,12:00,BD48,PUNT,2,11:30,BD48,NA
BDHD2103,HD,BD,Hamburg Sea Devils,Barcelona Dragons,7/3/2021,Reus,Estadio municipal,19:00,,Y,Y,,0,26 C,no wind,mostly sunny,R.Miras,D.Clemence,J.Fernandez,M.Exposito,A.Gurbiersch,C.Beckmann,V.Cobas,J.Lanz,J.Lanz,HD,2,5,BD43,"V,2,5,H43","7,2,52","PASS:10,I,12,* BRUP:25",J. Clark pass incomplete to J. Madin Cerezo (N. Lester).,"V,3,5,H43",P,NA,NA,NA,NA,NA,NA,NA,7,V,HD,"PUNT,2,12:00,52","PUNT,2,11:30,52",3,0,0:30,PUNT,2,12:00,BD48,PUNT,2,11:30,BD48,NA
BDHD2103,HD,BD,Hamburg Sea Devils,Barcelona Dragons,7/3/2021,Reus,Estadio municipal,19:00,,Y,Y,,0,26 C,no wind,mostly sunny,R.Miras,D.Clemence,J.Fernandez,M.Exposito,A.Gurbiersch,C.Beckmann,V.Cobas,J.Lanz,J.Lanz,HD,3,5,BD43,"V,3,5,H43","7,3,53","PEN:V,DG,A,TM,H48,N",PENALTY HD delay of game 5 yards to the BD48.,"V,3,10,H48",E,NA,NA,NA,NA,NA,NA,NA,7,V,HD,"PUNT,2,12:00,52","PUNT,2,11:30,52",3,0,0:30,PUNT,2,12:00,BD48,PUNT,2,11:30,BD48,NA
BDHD2103,HD,BD,Hamburg Sea Devils,Barcelona Dragons,7/3/2021,Reus,Estadio municipal,19:00,,Y,Y,,0,26 C,no wind,mostly sunny,R.Miras,D.Clemence,J.Fernandez,M.Exposito,A.Gurbiersch,C.Beckmann,V.Cobas,J.Lanz,J.Lanz,HD,3,10,BD48,"V,3,10,H48","7,4,54","PASS:10,I,11,* BRUP:25",J. Clark pass incomplete to B. Mau (N. Lester).,"V,4,10,H48",P,NA,NA,NA,NA,NA,NA,NA,7,V,HD,"PUNT,2,12:00,52","PUNT,2,11:30,52",3,0,0:30,PUNT,2,12:00,BD48,PUNT,2,11:30,BD48,NA
BDHD2103,HD,BD,Hamburg Sea Devils,Barcelona Dragons,7/3/2021,Reus,Estadio municipal,19:00,,Y,Y,,0,26 C,no wind,mostly sunny,R.Miras,D.Clemence,J.Fernandez,M.Exposito,A.Gurbiersch,C.Beckmann,V.Cobas,J.Lanz,J.Lanz,HD,4,10,BD48,"V,4,10,H48","7,5,55","PUNT:4,H06",P. Andersen punt 42 yards to the BD6.,"H,1,10,H06",U,NA,NA,NA,NA,NA,NA,NA,7,V,HD,"PUNT,2,12:00,52","PUNT,2,11:30,52",3,0,0:30,PUNT,2,12:00,BD48,PUNT,2,11:30,BD48,NA
BDHD2103,HD,BD,Hamburg Sea Devils,Barcelona Dragons,7/3/2021,Reus,Estadio municipal,19:00,,Y,Y,,0,26 C,no wind,mostly sunny,R.Miras,D.Clemence,J.Fernandez,M.Exposito,A.Gurbiersch,C.Beckmann,V.Cobas,J.Lanz,J.Lanz,BD,1,10,BD06,"H,1,10,H06","8,1,56","{DRIVE}:11:30 RUSH:1,H10, TACK:43,25","BARCELONA DRAGONS drive start at 11:30, Z. Edwards rush for 4 yards to the BD10 (M. Boock;M. Franklin).","H,2,6,H10",R,NA,NA,NA,NA,NA,11:30,NA,8,H,BD,"PUNT,2,11:30,6","PUNT,2,07:34,68",12,62,3:56,PUNT,2,11:30,BD06,PUNT,2,07:34,HD32,NA
BDHD2103,HD,BD,Hamburg Sea Devils,Barcelona Dragons,7/3/2021,Reus,Estadio municipal,19:00,,Y,Y,,0,26 C,no wind,mostly sunny,R.Miras,D.Clemence,J.Fernandez,M.Exposito,A.Gurbiersch,C.Beckmann,V.Cobas,J.Lanz,J.Lanz,BD,2,6,BD10,"H,2,6,H10","8,2,57","RUSH:21,H14, TACK:97",A. Monton rush for 4 yards to the BD14 (B. Tchouadje).,"H,3,2,H14",R,NA,NA,NA,NA,NA,NA,NA,8,H,BD,"PUNT,2,11:30,6","PUNT,2,07:34,68",12,62,3:56,PUNT,2,11:30,BD06,PUNT,2,07:34,HD32,NA
BDHD2103,HD,BD,Hamburg Sea Devils,Barcelona Dragons,7/3/2021,Reus,Estadio municipal,19:00,,Y,Y,,0,26 C,no wind,mostly sunny,R.Miras,D.Clemence,J.Fernandez,M.Exposito,A.Gurbiersch,C.Beckmann,V.Cobas,J.Lanz,J.Lanz,BD,3,2,BD14,"H,3,2,H14","8,3,58","RUSH:21,H18, TACK:45,","A. Monton rush for 4 yards to the BD18, 1ST DOWN BD (J. Sarfo).","H,1,10,H18",R,R,NA,NA,NA,NA,NA,NA,8,H,BD,"PUNT,2,11:30,6","PUNT,2,07:34,68",12,62,3:56,PUNT,2,11:30,BD06,PUNT,2,07:34,HD32,NA
BDHD2103,HD,BD,Hamburg Sea Devils,Barcelona Dragons,7/3/2021,Reus,Estadio municipal,19:00,,Y,Y,,0,26 C,no wind,mostly sunny,R.Miras,D.Clemence,J.Fernandez,M.Exposito,A.Gurbiersch,C.Beckmann,V.Cobas,J.Lanz,J.Lanz,BD,1,10,BD18,"H,1,10,H18","8,4,59","PASS:1,C,5,H31 TACK:52,27","Z. Edwards pass complete to J. Constant for 13 yards to the BD31, 1ST DOWN BD (A. Mati;L. Mueller).","H,1,10,H31",P,P,NA,NA,NA,NA,NA,NA,8,H,BD,"PUNT,2,11:30,6","PUNT,2,07:34,68",12,62,3:56,PUNT,2,11:30,BD06,PUNT,2,07:34,HD32,NA
BDHD2103,HD,BD,Hamburg Sea Devils,Barcelona Dragons,7/3/2021,Reus,Estadio municipal,19:00,,Y,Y,,0,26 C,no wind,mostly sunny,R.Miras,D.Clemence,J.Fernandez,M.Exposito,A.Gurbiersch,C.Beckmann,V.Cobas,J.Lanz,J.Lanz,BD,1,10,BD31,"H,1,10,H31","8,5,60","PASS:1,I,86,*",Z. Edwards pass incomplete to M. Emos.,"H,2,10,H31",P,NA,NA,NA,NA,NA,NA,NA,8,H,BD,"PUNT,2,11:30,6","PUNT,2,07:34,68",12,62,3:56,PUNT,2,11:30,BD06,PUNT,2,07:34,HD32,NA
BDHD2103,HD,BD,Hamburg Sea Devils,Barcelona Dragons,7/3/2021,Reus,Estadio municipal,19:00,,Y,Y,,0,26 C,no wind,mostly sunny,R.Miras,D.Clemence,J.Fernandez,M.Exposito,A.Gurbiersch,C.Beckmann,V.Cobas,J.Lanz,J.Lanz,BD,2,10,BD31,"H,2,10,H31","8,6,61","PASS:1,I,86,*",Z. Edwards pass incomplete to M. Emos.,"H,3,10,H31",P,NA,NA,NA,NA,NA,NA,NA,8,H,BD,"PUNT,2,11:30,6","PUNT,2,07:34,68",12,62,3:56,PUNT,2,11:30,BD06,PUNT,2,07:34,HD32,NA
BDHD2103,HD,BD,Hamburg Sea Devils,Barcelona Dragons,7/3/2021,Reus,Estadio municipal,19:00,,Y,Y,,0,26 C,no wind,mostly sunny,R.Miras,D.Clemence,J.Fernandez,M.Exposito,A.Gurbiersch,C.Beckmann,V.Cobas,J.Lanz,J.Lanz,BD,3,10,BD31,"H,3,10,H31","8,7,62","PASS:1,C,5,V35 OB:","Z. Edwards pass complete to J. Constant for 34 yards to the HD35, 1ST DOWN BD, out-of-bounds.","H,1,10,V35",P,P,Y,NA,NA,NA,NA,NA,8,H,BD,"PUNT,2,11:30,6","PUNT,2,07:34,68",12,62,3:56,PUNT,2,11:30,BD06,PUNT,2,07:34,HD32,NA
BDHD2103,HD,BD,Hamburg Sea Devils,Barcelona Dragons,7/3/2021,Reus,Estadio municipal,19:00,,Y,Y,,0,26 C,no wind,mostly sunny,R.Miras,D.Clemence,J.Fernandez,M.Exposito,A.Gurbiersch,C.Beckmann,V.Cobas,J.Lanz,J.Lanz,BD,1,10,HD35,"H,1,10,V35","8,8,63","PASS:1,I,15,*",Z. Edwards pass incomplete to M. Flores.,"H,2,10,V35",P,NA,NA,NA,NA,NA,NA,NA,8,H,BD,"PUNT,2,11:30,6","PUNT,2,07:34,68",12,62,3:56,PUNT,2,11:30,BD06,PUNT,2,07:34,HD32,NA
BDHD2103,HD,BD,Hamburg Sea Devils,Barcelona Dragons,7/3/2021,Reus,Estadio municipal,19:00,,Y,Y,,0,26 C,no wind,mostly sunny,R.Miras,D.Clemence,J.Fernandez,M.Exposito,A.Gurbiersch,C.Beckmann,V.Cobas,J.Lanz,J.Lanz,BD,2,10,HD35,"H,2,10,V35","8,9,64","PASS:1,C,21,V25 TACK:91","Z. Edwards pass complete to A. Monton for 10 yards to the HD25, 1ST DOWN BD (K. Edebali).","H,1,10,V25",P,P,NA,NA,NA,NA,NA,NA,8,H,BD,"PUNT,2,11:30,6","PUNT,2,07:34,68",12,62,3:56,PUNT,2,11:30,BD06,PUNT,2,07:34,HD32,NA
BDHD2103,HD,BD,Hamburg Sea Devils,Barcelona Dragons,7/3/2021,Reus,Estadio municipal,19:00,,Y,Y,,0,26 C,no wind,mostly sunny,R.Miras,D.Clemence,J.Fernandez,M.Exposito,A.Gurbiersch,C.Beckmann,V.Cobas,J.Lanz,J.Lanz,BD,1,10,HD25,"H,1,10,V25","8,10,65","PASS:1,S,TM,V24 SACK:94,69","Z. Edwards sacked for 1 yard to the HD24 (B. Grube;D, Weinstock).","H,2,9,V24",P,NA,NA,NA,NA,NA,NA,NA,8,H,BD,"PUNT,2,11:30,6","PUNT,2,07:34,68",12,62,3:56,PUNT,2,11:30,BD06,PUNT,2,07:34,HD32,NA
BDHD2103,HD,BD,Hamburg Sea Devils,Barcelona Dragons,7/3/2021,Reus,Estadio municipal,19:00,,Y,Y,,0,26 C,no wind,mostly sunny,R.Miras,D.Clemence,J.Fernandez,M.Exposito,A.Gurbiersch,C.Beckmann,V.Cobas,J.Lanz,J.Lanz,BD,2,9,HD24,"H,2,9,V24","8,11,66","PASS:1,I,86,*",Z. Edwards pass incomplete to M. Emos.,"H,3,9,V24",P,NA,NA,NA,NA,NA,NA,NA,8,H,BD,"PUNT,2,11:30,6","PUNT,2,07:34,68",12,62,3:56,PUNT,2,11:30,BD06,PUNT,2,07:34,HD32,NA
BDHD2103,HD,BD,Hamburg Sea Devils,Barcelona Dragons,7/3/2021,Reus,Estadio municipal,19:00,,Y,Y,,0,26 C,no wind,mostly sunny,R.Miras,D.Clemence,J.Fernandez,M.Exposito,A.Gurbiersch,C.Beckmann,V.Cobas,J.Lanz,J.Lanz,BD,3,9,HD24,"H,3,9,V24","8,12,67","PASS:1,S,TM,V32 SACK:99",Z. Edwards sacked for loss of 8 yards to the HD32 (N. Imasuen).,"H,4,17,V32",P,NA,NA,NA,NA,NA,NA,NA,8,H,BD,"PUNT,2,11:30,6","PUNT,2,07:34,68",12,62,3:56,PUNT,2,11:30,BD06,PUNT,2,07:34,HD32,NA
BDHD2103,HD,BD,Hamburg Sea Devils,Barcelona Dragons,7/3/2021,Reus,Estadio municipal,19:00,,Y,Y,,0,26 C,no wind,mostly sunny,R.Miras,D.Clemence,J.Fernandez,M.Exposito,A.Gurbiersch,C.Beckmann,V.Cobas,J.Lanz,J.Lanz,BD,4,17,HD32,"H,4,17,V32","8,13,68","PUNT:18,V22 OB:","C. Manser punt 10 yards to the HD22, out-of-bounds.","V,1,10,V22",U,NA,Y,NA,NA,NA,NA,NA,8,H,BD,"PUNT,2,11:30,6","PUNT,2,07:34,68",12,62,3:56,PUNT,2,11:30,BD06,PUNT,2,07:34,HD32,NA
BDHD2103,HD,BD,Hamburg Sea Devils,Barcelona Dragons,7/3/2021,Reus,Estadio municipal,19:00,,Y,Y,,0,26 C,no wind,mostly sunny,R.Miras,D.Clemence,J.Fernandez,M.Exposito,A.Gurbiersch,C.Beckmann,V.Cobas,J.Lanz,J.Lanz,HD,1,10,HD22,"V,1,10,V22","9,1,69","{DRIVE}:07:34 RUSH:24,H45, TACK:33","HAMBURG SEA DEVILS drive start at 07:34, X. Johnson rush for 33 yards to the BD45, 1ST DOWN HD (T. Debiez).","V,1,10,H45",R,R,NA,NA,NA,NA,07:34,NA,9,V,HD,"PUNT,2,07:34,22","FG,2,05:10,89",10,67,2:24,PUNT,2,07:34,HD22,FG,2,05:10,BD11,1
BDHD2103,HD,BD,Hamburg Sea Devils,Barcelona Dragons,7/3/2021,Reus,Estadio municipal,19:00,,Y,Y,,0,26 C,no wind,mostly sunny,R.Miras,D.Clemence,J.Fernandez,M.Exposito,A.Gurbiersch,C.Beckmann,V.Cobas,J.Lanz,J.Lanz,HD,1,10,BD45,"V,1,10,H45","9,2,70","RUSH:24,H46, TACK:33 PEN:H,FM,A,33,H31,1","X. Johnson rush for loss of 1 yard to the BD46 (T. Debiez), PENALTY BD face mask (T. Debiez) 15 yards to the BD31, 1ST DOWN HD.","V,1,10,H31",R,E,NA,NA,NA,NA,NA,NA,9,V,HD,"PUNT,2,07:34,22","FG,2,05:10,89",10,67,2:24,PUNT,2,07:34,HD22,FG,2,05:10,BD11,1
BDHD2103,HD,BD,Hamburg Sea Devils,Barcelona Dragons,7/3/2021,Reus,Estadio municipal,19:00,,Y,Y,,0,26 C,no wind,mostly sunny,R.Miras,D.Clemence,J.Fernandez,M.Exposito,A.Gurbiersch,C.Beckmann,V.Cobas,J.Lanz,J.Lanz,HD,1,10,BD31,"V,1,10,H31","9,3,71","D:1,10 PASS:10,C,11,H26 TACK:11","1st and 10, J. Clark pass complete to B. Mau for 5 yards to the BD26 (B. Brooks).","V,2,5,H26",P,NA,NA,NA,NA,NA,NA,NA,9,V,HD,"PUNT,2,07:34,22","FG,2,05:10,89",10,67,2:24,PUNT,2,07:34,HD22,FG,2,05:10,BD11,1
BDHD2103,HD,BD,Hamburg Sea Devils,Barcelona Dragons,7/3/2021,Reus,Estadio municipal,19:00,,Y,Y,,0,26 C,no wind,mostly sunny,R.Miras,D.Clemence,J.Fernandez,M.Exposito,A.Gurbiersch,C.Beckmann,V.Cobas,J.Lanz,J.Lanz,HD,2,5,BD26,"V,2,5,H26","9,4,72","PASS:10,I,12,*",J. Clark pass incomplete to J. Madin Cerezo.,"V,3,5,H26",P,NA,NA,NA,NA,NA,NA,NA,9,V,HD,"PUNT,2,07:34,22","FG,2,05:10,89",10,67,2:24,PUNT,2,07:34,HD22,FG,2,05:10,BD11,1
BDHD2103,HD,BD,Hamburg Sea Devils,Barcelona Dragons,7/3/2021,Reus,Estadio municipal,19:00,,Y,Y,,0,26 C,no wind,mostly sunny,R.Miras,D.Clemence,J.Fernandez,M.Exposito,A.Gurbiersch,C.Beckmann,V.Cobas,J.Lanz,J.Lanz,HD,3,5,BD26,"V,3,5,H26","9,5,73","RUSH:24,H22, TACK:7,2",X. Johnson rush for 4 yards to the BD22 (M. Tavarres;G. Prati).,"V,4,1,H22",R,NA,NA,NA,NA,NA,NA,NA,9,V,HD,"PUNT,2,07:34,22","FG,2,05:10,89",10,67,2:24,PUNT,2,07:34,HD22,FG,2,05:10,BD11,1
BDHD2103,HD,BD,Hamburg Sea Devils,Barcelona Dragons,7/3/2021,Reus,Estadio municipal,19:00,,Y,Y,,0,26 C,no wind,mostly sunny,R.Miras,D.Clemence,J.Fernandez,M.Exposito,A.Gurbiersch,C.Beckmann,V.Cobas,J.Lanz,J.Lanz,HD,4,1,BD22,"V,4,1,H22","9,6,74","RUSH:24,H08, OB: TACK:25","X. Johnson rush for 14 yards to the BD8, 1ST DOWN HD, out-of-bounds (N. Lester).","V,1,0,H08",R,R,Y,NA,NA,NA,NA,NA,9,V,HD,"PUNT,2,07:34,22","FG,2,05:10,89",10,67,2:24,PUNT,2,07:34,HD22,FG,2,05:10,BD11,1
BDHD2103,HD,BD,Hamburg Sea Devils,Barcelona Dragons,7/3/2021,Reus,Estadio municipal,19:00,,Y,Y,,0,26 C,no wind,mostly sunny,R.Miras,D.Clemence,J.Fernandez,M.Exposito,A.Gurbiersch,C.Beckmann,V.Cobas,J.Lanz,J.Lanz,HD,1,0,BD08,"V,1,0,H08","9,7,75","PEN:V,HO,A,76,H18,N",PENALTY HD holding (T. Winter) 10 yards to the BD18.,"V,1,0,H18",E,NA,NA,NA,NA,NA,NA,NA,9,V,HD,"PUNT,2,07:34,22","FG,2,05:10,89",10,67,2:24,PUNT,2,07:34,HD22,FG,2,05:10,BD11,1
BDHD2103,HD,BD,Hamburg Sea Devils,Barcelona Dragons,7/3/2021,Reus,Estadio municipal,19:00,,Y,Y,,0,26 C,no wind,mostly sunny,R.Miras,D.Clemence,J.Fernandez,M.Exposito,A.Gurbiersch,C.Beckmann,V.Cobas,J.Lanz,J.Lanz,HD,1,0,BD18,"V,1,0,H18","9,8,76","PASS:10,I,44,*",J. Clark pass incomplete to J. Kruse.,"V,2,0,H18",P,NA,NA,NA,NA,NA,NA,NA,9,V,HD,"PUNT,2,07:34,22","FG,2,05:10,89",10,67,2:24,PUNT,2,07:34,HD22,FG,2,05:10,BD11,1
BDHD2103,HD,BD,Hamburg Sea Devils,Barcelona Dragons,7/3/2021,Reus,Estadio municipal,19:00,,Y,Y,,0,26 C,no wind,mostly sunny,R.Miras,D.Clemence,J.Fernandez,M.Exposito,A.Gurbiersch,C.Beckmann,V.Cobas,J.Lanz,J.Lanz,HD,2,0,BD18,"V,2,0,H18","9,9,77","RUSH:32,H14, TACK:7",J. Hummel rush for 4 yards to the BD14 (M. Tavarres).,"V,3,0,H14",R,NA,NA,NA,NA,NA,NA,NA,9,V,HD,"PUNT,2,07:34,22","FG,2,05:10,89",10,67,2:24,PUNT,2,07:34,HD22,FG,2,05:10,BD11,1
BDHD2103,HD,BD,Hamburg Sea Devils,Barcelona Dragons,7/3/2021,Reus,Estadio municipal,19:00,,Y,Y,,0,26 C,no wind,mostly sunny,R.Miras,D.Clemence,J.Fernandez,M.Exposito,A.Gurbiersch,C.Beckmann,V.Cobas,J.Lanz,J.Lanz,HD,3,0,BD14,"V,3,0,H14","9,10,78","RUSH:32,H11, TACK:73",J. Hummel rush for 3 yards to the BD11 (S. Bowen).,"V,4,0,H11",R,NA,NA,NA,NA,NA,NA,NA,9,V,HD,"PUNT,2,07:34,22","FG,2,05:10,89",10,67,2:24,PUNT,2,07:34,HD22,FG,2,05:10,BD11,1
BDHD2103,HD,BD,Hamburg Sea Devils,Barcelona Dragons,7/3/2021,Reus,Estadio municipal,19:00,,Y,Y,,0,26 C,no wind,mostly sunny,R.Miras,D.Clemence,J.Fernandez,M.Exposito,A.Gurbiersch,C.Beckmann,V.Cobas,J.Lanz,J.Lanz,HD,4,0,BD11,"V,4,0,H11","9,11,79","FGA:4,11,G T:05:10","P. Andersen field goal attempt from 11 GOOD, clock 05:10.","V,1,0,V35",F,NA,NA,Y,16,0,05:10,NA,9,V,HD,"PUNT,2,07:34,22","FG,2,05:10,89",10,67,2:24,PUNT,2,07:34,HD22,FG,2,05:10,BD11,1
BDHD2103,HD,BD,Hamburg Sea Devils,Barcelona Dragons,7/3/2021,Reus,Estadio municipal,19:00,,Y,Y,,0,26 C,no wind,mostly sunny,R.Miras,D.Clemence,J.Fernandez,M.Exposito,A.Gurbiersch,C.Beckmann,V.Cobas,J.Lanz,J.Lanz,HD,1,0,HD35,"V,1,0,V35","9,12,80","KO:4,H25 RET:5,H26 TACK:52","P. Andersen kickoff 40 yards to the BD25, J. Constant return 1 yards to the BD26 (A. Mati).","H,1,10,H26",K,NA,NA,NA,NA,NA,NA,NA,9,V,HD,"PUNT,2,07:34,22","FG,2,05:10,89",10,67,2:24,PUNT,2,07:34,HD22,FG,2,05:10,BD11,1
BDHD2103,HD,BD,Hamburg Sea Devils,Barcelona Dragons,7/3/2021,Reus,Estadio municipal,19:00,,Y,Y,,0,26 C,no wind,mostly sunny,R.Miras,D.Clemence,J.Fernandez,M.Exposito,A.Gurbiersch,C.Beckmann,V.Cobas,J.Lanz,J.Lanz,BD,1,10,BD26,"H,1,10,H26","10,1,81","{DRIVE}:05:05 PEN:H,DG,A,TM,H21,N","BARCELONA DRAGONS drive start at 05:05, PENALTY BD delay of game 5 yards to the BD21.","H,1,15,H21",E,NA,NA,NA,NA,NA,05:05,NA,10,H,BD,"KO,2,05:05,26","PUNT,2,03:52,11",2,-15,1:13,KO,2,05:05,BD26,PUNT,2,03:52,BD11,NA
BDHD2103,HD,BD,Hamburg Sea Devils,Barcelona Dragons,7/3/2021,Reus,Estadio municipal,19:00,,Y,Y,,0,26 C,no wind,mostly sunny,R.Miras,D.Clemence,J.Fernandez,M.Exposito,A.Gurbiersch,C.Beckmann,V.Cobas,J.Lanz,J.Lanz,BD,1,15,BD21,"H,1,15,H21","10,2,82","PEN:H,FS,A,15,H16,+",PENALTY BD false start (M. Flores) 5 yards to the BD16.,"H,2,20,H16",E,NA,NA,NA,NA,NA,NA,NA,10,H,BD,"KO,2,05:05,26","PUNT,2,03:52,11",2,-15,1:13,KO,2,05:05,BD26,PUNT,2,03:52,BD11,NA
BDHD2103,HD,BD,Hamburg Sea Devils,Barcelona Dragons,7/3/2021,Reus,Estadio municipal,19:00,,Y,Y,,0,26 C,no wind,mostly sunny,R.Miras,D.Clemence,J.Fernandez,M.Exposito,A.Gurbiersch,C.Beckmann,V.Cobas,J.Lanz,J.Lanz,BD,2,20,BD16,"H,2,20,H16","10,3,83","PASS:1,C,15,H20 OB:","Z. Edwards pass complete to M. Flores for 4 yards to the BD20, out-of-bounds.","H,3,16,H20",P,NA,Y,NA,NA,NA,NA,NA,10,H,BD,"KO,2,05:05,26","PUNT,2,03:52,11",2,-15,1:13,KO,2,05:05,BD26,PUNT,2,03:52,BD11,NA
BDHD2103,HD,BD,Hamburg Sea Devils,Barcelona Dragons,7/3/2021,Reus,Estadio municipal,19:00,,Y,Y,,0,26 C,no wind,mostly sunny,R.Miras,D.Clemence,J.Fernandez,M.Exposito,A.Gurbiersch,C.Beckmann,V.Cobas,J.Lanz,J.Lanz,BD,3,16,BD20,"H,3,16,H20","10,4,84","PASS:1,S,TM,H11 SACK:43",Z. Edwards sacked for loss of 9 yards to the BD11 (M. Boock).,"H,4,25,H11",P,NA,NA,NA,NA,NA,NA,NA,10,H,BD,"KO,2,05:05,26","PUNT,2,03:52,11",2,-15,1:13,KO,2,05:05,BD26,PUNT,2,03:52,BD11,NA
BDHD2103,HD,BD,Hamburg Sea Devils,Barcelona Dragons,7/3/2021,Reus,Estadio municipal,19:00,,Y,Y,,0,26 C,no wind,mostly sunny,R.Miras,D.Clemence,J.Fernandez,M.Exposito,A.Gurbiersch,C.Beckmann,V.Cobas,J.Lanz,J.Lanz,BD,4,25,BD11,"H,4,25,H11","10,5,85","PUNT:18,H49 RET:23,H00 T:03:52","C. Manser punt 38 yards to the BD49, J. Rogers return 49 yards to the BD0, TOUCHDOWN, clock 03:52.","V,1,0,H03",U,NA,NA,Y,22,0,03:52,NA,10,H,BD,"KO,2,05:05,26","PUNT,2,03:52,11",2,-15,1:13,KO,2,05:05,BD26,PUNT,2,03:52,BD11,NA
BDHD2103,HD,BD,Hamburg Sea Devils,Barcelona Dragons,7/3/2021,Reus,Estadio municipal,19:00,,Y,Y,,0,26 C,no wind,mostly sunny,R.Miras,D.Clemence,J.Fernandez,M.Exposito,A.Gurbiersch,C.Beckmann,V.Cobas,J.Lanz,J.Lanz,HD,1,0,BD03,"V,1,0,H03","11,1,86","PAT:K,4,G",P. Andersen kick attempt good.,"V,1,0,V35",X,NA,NA,Y,23,0,NA,NA,11,V,HD,"PUNT,2,03:52,100","TD,2,03:52,100",0,0,0:00,PUNT,2,03:52,BD00,TD,2,03:52,BD00,NA
BDHD2103,HD,BD,Hamburg Sea Devils,Barcelona Dragons,7/3/2021,Reus,Estadio municipal,19:00,,Y,Y,,0,26 C,no wind,mostly sunny,R.Miras,D.Clemence,J.Fernandez,M.Exposito,A.Gurbiersch,C.Beckmann,V.Cobas,J.Lanz,J.Lanz,HD,1,0,HD35,"V,1,0,V35","11,2,87","KO:4,H05 RET:5,H22 OB:","P. Andersen kickoff 60 yards to the BD5, J. Constant return 17 yards to the BD22, out-of-bounds.","H,1,10,H22",K,NA,Y,NA,NA,NA,NA,NA,11,V,HD,"PUNT,2,03:52,100","TD,2,03:52,100",0,0,0:00,PUNT,2,03:52,BD00,TD,2,03:52,BD00,NA
BDHD2103,HD,BD,Hamburg Sea Devils,Barcelona Dragons,7/3/2021,Reus,Estadio municipal,19:00,,Y,Y,,0,26 C,no wind,mostly sunny,R.Miras,D.Clemence,J.Fernandez,M.Exposito,A.Gurbiersch,C.Beckmann,V.Cobas,J.Lanz,J.Lanz,BD,1,10,BD22,"H,1,10,H22","12,1,88","{DRIVE}:03:45 PASS:1,I,15,* BRUP:27","BARCELONA DRAGONS drive start at 03:45, Z. Edwards pass incomplete to M. Flores (L. Mueller).","H,2,10,H22",P,NA,NA,NA,NA,NA,03:45,NA,12,H,BD,"KO,2,03:45,22","PUNT,2,02:21,33",5,11,1:24,KO,2,03:45,BD22,PUNT,2,02:21,BD33,NA
BDHD2103,HD,BD,Hamburg Sea Devils,Barcelona Dragons,7/3/2021,Reus,Estadio municipal,19:00,,Y,Y,,0,26 C,no wind,mostly sunny,R.Miras,D.Clemence,J.Fernandez,M.Exposito,A.Gurbiersch,C.Beckmann,V.Cobas,J.Lanz,J.Lanz,BD,2,10,BD22,"H,2,10,H22","12,2,89","RUSH:17,H25, TACK:43 PEN:V,PF,A,58,H40,1","A. Herrero rush for 3 yards to the BD25 (M. Boock), PENALTY HD personal foul (J. Bombek) 15 yards to the BD40, 1ST DOWN BD.","H,1,10,H40",R,E,NA,NA,NA,NA,NA,NA,12,H,BD,"KO,2,03:45,22","PUNT,2,02:21,33",5,11,1:24,KO,2,03:45,BD22,PUNT,2,02:21,BD33,NA
BDHD2103,HD,BD,Hamburg Sea Devils,Barcelona Dragons,7/3/2021,Reus,Estadio municipal,19:00,,Y,Y,,0,26 C,no wind,mostly sunny,R.Miras,D.Clemence,J.Fernandez,M.Exposito,A.Gurbiersch,C.Beckmann,V.Cobas,J.Lanz,J.Lanz,BD,1,10,BD40,"H,1,10,H40","12,3,90","D:1,10 PASS:1,I,4,*","1st and 10, Z. Edwards pass incomplete to R. Bertellin.","H,2,10,H40",P,NA,NA,NA,NA,NA,NA,NA,12,H,BD,"KO,2,03:45,22","PUNT,2,02:21,33",5,11,1:24,KO,2,03:45,BD22,PUNT,2,02:21,BD33,NA
BDHD2103,HD,BD,Hamburg Sea Devils,Barcelona Dragons,7/3/2021,Reus,Estadio municipal,19:00,,Y,Y,,0,26 C,no wind,mostly sunny,R.Miras,D.Clemence,J.Fernandez,M.Exposito,A.Gurbiersch,C.Beckmann,V.Cobas,J.Lanz,J.Lanz,BD,2,10,BD40,"H,2,10,H40","12,4,91","RUSH:82,H40, OB:","J. Hervas rush for no gain to the BD40, out-of-bounds.","H,3,10,H40",R,NA,Y,NA,NA,NA,NA,NA,12,H,BD,"KO,2,03:45,22","PUNT,2,02:21,33",5,11,1:24,KO,2,03:45,BD22,PUNT,2,02:21,BD33,NA
BDHD2103,HD,BD,Hamburg Sea Devils,Barcelona Dragons,7/3/2021,Reus,Estadio municipal,19:00,,Y,Y,,0,26 C,no wind,mostly sunny,R.Miras,D.Clemence,J.Fernandez,M.Exposito,A.Gurbiersch,C.Beckmann,V.Cobas,J.Lanz,J.Lanz,BD,3,10,BD40,"H,3,10,H40","12,5,92","PASS:1,S,TM,H33 SACK:99",Z. Edwards sacked for loss of 7 yards to the BD33 (N. Imasuen).,"H,4,17,H33",P,NA,NA,NA,NA,NA,NA,NA,12,H,BD,"KO,2,03:45,22","PUNT,2,02:21,33",5,11,1:24,KO,2,03:45,BD22,PUNT,2,02:21,BD33,NA
BDHD2103,HD,BD,Hamburg Sea Devils,Barcelona Dragons,7/3/2021,Reus,Estadio municipal,19:00,,Y,Y,,0,26 C,no wind,mostly sunny,R.Miras,D.Clemence,J.Fernandez,M.Exposito,A.Gurbiersch,C.Beckmann,V.Cobas,J.Lanz,J.Lanz,BD,4,17,BD33,"H,4,17,H33","12,6,93","PUNT:18,V24",C. Manser punt 43 yards to the HD24.,"V,1,10,V24",U,NA,NA,NA,NA,NA,NA,NA,12,H,BD,"KO,2,03:45,22","PUNT,2,02:21,33",5,11,1:24,KO,2,03:45,BD22,PUNT,2,02:21,BD33,NA
BDHD2103,HD,BD,Hamburg Sea Devils,Barcelona Dragons,7/3/2021,Reus,Estadio municipal,19:00,,Y,Y,,0,26 C,no wind,mostly sunny,R.Miras,D.Clemence,J.Fernandez,M.Exposito,A.Gurbiersch,C.Beckmann,V.Cobas,J.Lanz,J.Lanz,HD,1,10,HD24,"V,1,10,V24","13,1,94","{DRIVE}:02:21 RUSH:24,V29, TACK:49","HAMBURG SEA DEVILS drive start at 02:21, X. Johnson rush for 5 yards to the HD29 (S. Castaner).","V,2,5,V29",R,NA,NA,NA,NA,NA,02:21,NA,13,V,HD,"PUNT,2,02:21,24","KO,3,15:00,36",4,12,2:21,PUNT,2,02:21,HD24,KO,3,15:00,HD36,NA
BDHD2103,HD,BD,Hamburg Sea Devils,Barcelona Dragons,7/3/2021,Reus,Estadio municipal,19:00,,Y,Y,,0,26 C,no wind,mostly sunny,R.Miras,D.Clemence,J.Fernandez,M.Exposito,A.Gurbiersch,C.Beckmann,V.Cobas,J.Lanz,J.Lanz,HD,2,5,HD29,"V,2,5,V29","13,2,95","RUSH:34,V31, TACK:10",J. Ampaw rush for 2 yards to the HD31 (C. Brugnani).,"V,3,3,V31",R,NA,NA,NA,NA,NA,NA,NA,13,V,HD,"PUNT,2,02:21,24","KO,3,15:00,36",4,12,2:21,PUNT,2,02:21,HD24,KO,3,15:00,HD36,NA
BDHD2103,HD,BD,Hamburg Sea Devils,Barcelona Dragons,7/3/2021,Reus,Estadio municipal,19:00,,Y,Y,,0,26 C,no wind,mostly sunny,R.Miras,D.Clemence,J.Fernandez,M.Exposito,A.Gurbiersch,C.Beckmann,V.Cobas,J.Lanz,J.Lanz,HD,3,3,HD31,"V,3,3,V31","13,3,96","PASS:10,C,12,V36 TACK:45","J. Clark pass complete to J. Madin Cerezo for 5 yards to the HD36, 1ST DOWN HD (A. Posito).","V,1,10,V36",P,P,NA,NA,NA,NA,NA,NA,13,V,HD,"PUNT,2,02:21,24","KO,3,15:00,36",4,12,2:21,PUNT,2,02:21,HD24,KO,3,15:00,HD36,NA
BDHD2103,HD,BD,Hamburg Sea Devils,Barcelona Dragons,7/3/2021,Reus,Estadio municipal,19:00,,Y,Y,,0,26 C,no wind,mostly sunny,R.Miras,D.Clemence,J.Fernandez,M.Exposito,A.Gurbiersch,C.Beckmann,V.Cobas,J.Lanz,J.Lanz,HD,1,10,HD36,"V,1,10,V36","13,4,97","PASS:10,I,11,* BRUP:25",J. Clark pass incomplete to B. Mau (N. Lester).,"V,2,10,V36",P,NA,NA,NA,NA,NA,NA,NA,13,V,HD,"PUNT,2,02:21,24","KO,3,15:00,36",4,12,2:21,PUNT,2,02:21,HD24,KO,3,15:00,HD36,NA
BDHD2103,HD,BD,Hamburg Sea Devils,Barcelona Dragons,7/3/2021,Reus,Estadio municipal,19:00,,Y,Y,,0,26 C,no wind,mostly sunny,R.Miras,D.Clemence,J.Fernandez,M.Exposito,A.Gurbiersch,C.Beckmann,V.Cobas,J.Lanz,J.Lanz,HD,2,10,HD36,"V,2,10,V36","13,5,98","Q:3 T:15:00 KO:4,H00 TB:","Start of 3rd quarter, clock 15:00, P. Andersen kickoff 64 yards to the BD0, touchback.","H,1,10,H25",K,NA,NA,NA,NA,NA,15:00,NA,13,V,HD,"PUNT,2,02:21,24","KO,3,15:00,36",4,12,2:21,PUNT,2,02:21,HD24,KO,3,15:00,HD36,NA
BDHD2103,HD,BD,Hamburg Sea Devils,Barcelona Dragons,7/3/2021,Reus,Estadio municipal,19:00,,Y,Y,,0,26 C,no wind,mostly sunny,R.Miras,D.Clemence,J.Fernandez,M.Exposito,A.Gurbiersch,C.Beckmann,V.Cobas,J.Lanz,J.Lanz,BD,1,10,BD25,"H,1,10,H25","14,1,99","{DRIVE}:15:00 RUSH:3,H27, TACK:94","BARCELONA DRAGONS drive start at 15:00, A. Jimenez rush for 2 yards to the BD27 (B. Grube).","H,2,8,H27",R,NA,NA,NA,NA,NA,15:00,NA,14,H,BD,"KO,3,15:00,25","FGA,3,09:58,75",11,50,5:02,KO,3,15:00,BD25,FGA,3,09:58,HD25,1
BDHD2103,HD,BD,Hamburg Sea Devils,Barcelona Dragons,7/3/2021,Reus,Estadio municipal,19:00,,Y,Y,,0,26 C,no wind,mostly sunny,R.Miras,D.Clemence,J.Fernandez,M.Exposito,A.Gurbiersch,C.Beckmann,V.Cobas,J.Lanz,J.Lanz,BD,2,8,BD27,"H,2,8,H27","14,2,100","RUSH:1,H32, TACK:69,43","Z. Edwards rush for 5 yards to the BD32 (D, Weinstock;M. Boock).","H,3,3,H32",R,NA,NA,NA,NA,NA,NA,NA,14,H,BD,"KO,3,15:00,25","FGA,3,09:58,75",11,50,5:02,KO,3,15:00,BD25,FGA,3,09:58,HD25,1
BDHD2103,HD,BD,Hamburg Sea Devils,Barcelona Dragons,7/3/2021,Reus,Estadio municipal,19:00,,Y,Y,,0,26 C,no wind,mostly sunny,R.Miras,D.Clemence,J.Fernandez,M.Exposito,A.Gurbiersch,C.Beckmann,V.Cobas,J.Lanz,J.Lanz,BD,3,3,BD32,"H,3,3,H32","14,3,101","PASS:1,I,15,* PEN:V,PF,A,58,H47,1 NOPLAY:","Z. Edwards pass incomplete to M. Flores, PENALTY HD personal foul (J. Bombek) 15 yards to the BD47, 1ST DOWN BD, NO PLAY.","H,1,10,H47",E,E,NA,NA,NA,NA,NA,NA,14,H,BD,"KO,3,15:00,25","FGA,3,09:58,75",11,50,5:02,KO,3,15:00,BD25,FGA,3,09:58,HD25,1
BDHD2103,HD,BD,Hamburg Sea Devils,Barcelona Dragons,7/3/2021,Reus,Estadio municipal,19:00,,Y,Y,,0,26 C,no wind,mostly sunny,R.Miras,D.Clemence,J.Fernandez,M.Exposito,A.Gurbiersch,C.Beckmann,V.Cobas,J.Lanz,J.Lanz,BD,1,10,BD47,"H,1,10,H47","14,4,102","PASS:1,C,15,V47 TACK:52",Z. Edwards pass complete to M. Flores for 6 yards to the HD47 (A. Mati).,"H,2,4,V47",P,NA,NA,NA,NA,NA,NA,NA,14,H,BD,"KO,3,15:00,25","FGA,3,09:58,75",11,50,5:02,KO,3,15:00,BD25,FGA,3,09:58,HD25,1
BDHD2103,HD,BD,Hamburg Sea Devils,Barcelona Dragons,7/3/2021,Reus,Estadio municipal,19:00,,Y,Y,,0,26 C,no wind,mostly sunny,R.Miras,D.Clemence,J.Fernandez,M.Exposito,A.Gurbiersch,C.Beckmann,V.Cobas,J.Lanz,J.Lanz,BD,2,4,HD47,"H,2,4,V47","14,5,103","RUSH:17,V47, TACK:93",A. Herrero rush for no gain to the HD47 (A. Babic).,"H,3,4,V47",R,NA,NA,NA,NA,NA,NA,NA,14,H,BD,"KO,3,15:00,25","FGA,3,09:58,75",11,50,5:02,KO,3,15:00,BD25,FGA,3,09:58,HD25,1
BDHD2103,HD,BD,Hamburg Sea Devils,Barcelona Dragons,7/3/2021,Reus,Estadio municipal,19:00,,Y,Y,,0,26 C,no wind,mostly sunny,R.Miras,D.Clemence,J.Fernandez,M.Exposito,A.Gurbiersch,C.Beckmann,V.Cobas,J.Lanz,J.Lanz,BD,3,4,HD47,"H,3,4,V47","14,6,104","PASS:1,C,17,V31 TACK:43","Z. Edwards pass complete to A. Herrero for 16 yards to the HD31, 1ST DOWN BD (M. Boock).","H,1,10,V31",P,P,NA,NA,NA,NA,NA,NA,14,H,BD,"KO,3,15:00,25","FGA,3,09:58,75",11,50,5:02,KO,3,15:00,BD25,FGA,3,09:58,HD25,1
BDHD2103,HD,BD,Hamburg Sea Devils,Barcelona Dragons,7/3/2021,Reus,Estadio municipal,19:00,,Y,Y,,0,26 C,no wind,mostly sunny,R.Miras,D.Clemence,J.Fernandez,M.Exposito,A.Gurbiersch,C.Beckmann,V.Cobas,J.Lanz,J.Lanz,BD,1,10,HD31,"H,1,10,V31","14,7,105",TOUT:V T:12:35,"Timeout Hamburg Sea Devils, clock 12:35.","H,1,10,V31",#,NA,NA,NA,NA,NA,12:35,NA,14,H,BD,"KO,3,15:00,25","FGA,3,09:58,75",11,50,5:02,KO,3,15:00,BD25,FGA,3,09:58,HD25,1
BDHD2103,HD,BD,Hamburg Sea Devils,Barcelona Dragons,7/3/2021,Reus,Estadio municipal,19:00,,Y,Y,,0,26 C,no wind,mostly sunny,R.Miras,D.Clemence,J.Fernandez,M.Exposito,A.Gurbiersch,C.Beckmann,V.Cobas,J.Lanz,J.Lanz,BD,1,10,HD31,"H,1,10,V31","14,8,106","PASS:1,I,5,* BRUP:22",Z. Edwards pass incomplete to J. Constant (A. Astahin).,"H,2,10,V31",P,NA,NA,NA,NA,NA,NA,NA,14,H,BD,"KO,3,15:00,25","FGA,3,09:58,75",11,50,5:02,KO,3,15:00,BD25,FGA,3,09:58,HD25,1
BDHD2103,HD,BD,Hamburg Sea Devils,Barcelona Dragons,7/3/2021,Reus,Estadio municipal,19:00,,Y,Y,,0,26 C,no wind,mostly sunny,R.Miras,D.Clemence,J.Fernandez,M.Exposito,A.Gurbiersch,C.Beckmann,V.Cobas,J.Lanz,J.Lanz,BD,2,10,HD31,"H,2,10,V31","14,9,107","PASS:1,S,TM,V34 SACK:58",Z. Edwards sacked for loss of 3 yards to the HD34 (J. Bombek).,"H,3,13,V34",P,NA,NA,NA,NA,NA,NA,NA,14,H,BD,"KO,3,15:00,25","FGA,3,09:58,75",11,50,5:02,KO,3,15:00,BD25,FGA,3,09:58,HD25,1
BDHD2103,HD,BD,Hamburg Sea Devils,Barcelona Dragons,7/3/2021,Reus,Estadio municipal,19:00,,Y,Y,,0,26 C,no wind,mostly sunny,R.Miras,D.Clemence,J.Fernandez,M.Exposito,A.Gurbiersch,C.Beckmann,V.Cobas,J.Lanz,J.Lanz,BD,3,13,HD34,"H,3,13,V34","14,10,108","PASS:1,C,5,V07 TACK:23 PEN:V,FM,A,23,V03,1","Z. Edwards pass complete to J. Constant for 27 yards to the HD7, 1ST DOWN BD (J. Rogers), PENALTY HD face mask (J. Rogers) 4 yards to the HD3, 1ST DOWN BD.","H,1,0,V03",P,P,NA,NA,NA,NA,NA,NA,14,H,BD,"KO,3,15:00,25","FGA,3,09:58,75",11,50,5:02,KO,3,15:00,BD25,FGA,3,09:58,HD25,1
BDHD2103,HD,BD,Hamburg Sea Devils,Barcelona Dragons,7/3/2021,Reus,Estadio municipal,19:00,,Y,Y,,0,26 C,no wind,mostly sunny,R.Miras,D.Clemence,J.Fernandez,M.Exposito,A.Gurbiersch,C.Beckmann,V.Cobas,J.Lanz,J.Lanz,BD,1,0,HD03,"H,1,0,V03","14,11,109","D:1,3 PASS:1,C,5,V02","1st and 3, Z. Edwards pass complete to J. Constant for 1 yard to the HD2.","H,2,0,V02",P,NA,NA,NA,NA,NA,NA,NA,14,H,BD,"KO,3,15:00,25","FGA,3,09:58,75",11,50,5:02,KO,3,15:00,BD25,FGA,3,09:58,HD25,1
BDHD2103,HD,BD,Hamburg Sea Devils,Barcelona Dragons,7/3/2021,Reus,Estadio municipal,19:00,,Y,Y,,0,26 C,no wind,mostly sunny,R.Miras,D.Clemence,J.Fernandez,M.Exposito,A.Gurbiersch,C.Beckmann,V.Cobas,J.Lanz,J.Lanz,BD,2,0,HD02,"H,2,0,V02","14,12,110","RUSH:3,V01, TACK:97,52 PEN:H,FO,A,TM,V07,N NOPLAY:","A. Jimenez rush for 1 yard to the HD1 (B. Tchouadje;A. Mati), PENALTY BD illegal formation 5 yards to the HD7, NO PLAY.","H,2,0,V07",E,NA,NA,NA,NA,NA,NA,NA,14,H,BD,"KO,3,15:00,25","FGA,3,09:58,75",11,50,5:02,KO,3,15:00,BD25,FGA,3,09:58,HD25,1
BDHD2103,HD,BD,Hamburg Sea Devils,Barcelona Dragons,7/3/2021,Reus,Estadio municipal,19:00,,Y,Y,,0,26 C,no wind,mostly sunny,R.Miras,D.Clemence,J.Fernandez,M.Exposito,A.Gurbiersch,C.Beckmann,V.Cobas,J.Lanz,J.Lanz,BD,2,0,HD07,"H,2,0,V07","14,13,111","PASS:1,S,TM,V25 SACK:23,27",Z. Edwards sacked for loss of 18 yards to the HD25 (J. Rogers;L. Mueller).,"H,3,0,V25",P,NA,NA,NA,NA,NA,NA,NA,14,H,BD,"KO,3,15:00,25","FGA,3,09:58,75",11,50,5:02,KO,3,15:00,BD25,FGA,3,09:58,HD25,1
BDHD2103,HD,BD,Hamburg Sea Devils,Barcelona Dragons,7/3/2021,Reus,Estadio municipal,19:00,,Y,Y,,0,26 C,no wind,mostly sunny,R.Miras,D.Clemence,J.Fernandez,M.Exposito,A.Gurbiersch,C.Beckmann,V.Cobas,J.Lanz,J.Lanz,BD,3,0,HD25,"H,3,0,V25","14,14,112","PEN:H,DG,A,TM,V25,+",PENALTY BD delay of game 0 yards to the HD25.,"H,4,0,V25",E,NA,NA,NA,NA,NA,NA,NA,14,H,BD,"KO,3,15:00,25","FGA,3,09:58,75",11,50,5:02,KO,3,15:00,BD25,FGA,3,09:58,HD25,1
BDHD2103,HD,BD,Hamburg Sea Devils,Barcelona Dragons,7/3/2021,Reus,Estadio municipal,19:00,,Y,Y,,0,26 C,no wind,mostly sunny,R.Miras,D.Clemence,J.Fernandez,M.Exposito,A.Gurbiersch,C.Beckmann,V.Cobas,J.Lanz,J.Lanz,BD,4,0,HD25,"H,4,0,V25","14,15,113","FGA:85,25,M,V37,S T:09:58","J. Llinas field goal attempt from 25 MISSED - short, spot at HD37, clock 09:58.","V,1,10,V37",F,NA,NA,NA,NA,NA,09:58,NA,14,H,BD,"KO,3,15:00,25","FGA,3,09:58,75",11,50,5:02,KO,3,15:00,BD25,FGA,3,09:58,HD25,1
BDHD2103,HD,BD,Hamburg Sea Devils,Barcelona Dragons,7/3/2021,Reus,Estadio municipal,19:00,,Y,Y,,0,26 C,no wind,mostly sunny,R.Miras,D.Clemence,J.Fernandez,M.Exposito,A.Gurbiersch,C.Beckmann,V.Cobas,J.Lanz,J.Lanz,HD,1,10,HD37,"V,1,10,V37","15,1,114","{DRIVE}:09:58 PASS:10,X,23,H32 RET:23,H32 TACK:32","HAMBURG SEA DEVILS drive start at 09:58, J. Clark pass intercepted by J. Brugnani at the BD32, J. Brugnani return 0 yards to the BD32 (J. Hummel).","H,1,10,H32",P,NA,NA,NA,NA,NA,09:58,I,15,V,HD,"FGA,3,09:58,37","INT,3,09:58,37",1,0,0:00,FGA,3,09:58,HD37,INT,3,09:58,HD37,NA
BDHD2103,HD,BD,Hamburg Sea Devils,Barcelona Dragons,7/3/2021,Reus,Estadio municipal,19:00,,Y,Y,,0,26 C,no wind,mostly sunny,R.Miras,D.Clemence,J.Fernandez,M.Exposito,A.Gurbiersch,C.Beckmann,V.Cobas,J.Lanz,J.Lanz,BD,1,10,BD32,"H,1,10,H32","16,1,115","{DRIVE}:09:58 PASS:1,C,4,H32 OB:","BARCELONA DRAGONS drive start at 09:58, Z. Edwards pass complete to R. Bertellin for no gain to the BD32, out-of-bounds.","H,2,10,H32",P,NA,Y,NA,NA,NA,09:58,NA,16,H,BD,"INT,3,09:58,32","INT,3,05:06,57",5,25,4:52,INT,3,09:58,BD32,INT,3,05:06,HD43,NA
BDHD2103,HD,BD,Hamburg Sea Devils,Barcelona Dragons,7/3/2021,Reus,Estadio municipal,19:00,,Y,Y,,0,26 C,no wind,mostly sunny,R.Miras,D.Clemence,J.Fernandez,M.Exposito,A.Gurbiersch,C.Beckmann,V.Cobas,J.Lanz,J.Lanz,BD,2,10,BD32,"H,2,10,H32","16,2,116","RUSH:1,V43, TACK:93","Z. Edwards rush for 25 yards to the HD43, 1ST DOWN BD (A. Babic).","H,1,10,V43",R,R,NA,NA,NA,NA,NA,NA,16,H,BD,"INT,3,09:58,32","INT,3,05:06,57",5,25,4:52,INT,3,09:58,BD32,INT,3,05:06,HD43,NA
BDHD2103,HD,BD,Hamburg Sea Devils,Barcelona Dragons,7/3/2021,Reus,Estadio municipal,19:00,,Y,Y,,0,26 C,no wind,mostly sunny,R.Miras,D.Clemence,J.Fernandez,M.Exposito,A.Gurbiersch,C.Beckmann,V.Cobas,J.Lanz,J.Lanz,BD,1,10,HD43,"H,1,10,V43","16,3,117","PASS:1,I,15,*",Z. Edwards pass incomplete to M. Flores.,"H,2,10,V43",P,NA,NA,NA,NA,NA,NA,NA,16,H,BD,"INT,3,09:58,32","INT,3,05:06,57",5,25,4:52,INT,3,09:58,BD32,INT,3,05:06,HD43,NA
BDHD2103,HD,BD,Hamburg Sea Devils,Barcelona Dragons,7/3/2021,Reus,Estadio municipal,19:00,,Y,Y,,0,26 C,no wind,mostly sunny,R.Miras,D.Clemence,J.Fernandez,M.Exposito,A.Gurbiersch,C.Beckmann,V.Cobas,J.Lanz,J.Lanz,BD,2,10,HD43,"H,2,10,V43","16,4,118","PASS:1,C,86,V43 OB: TACK:43","Z. Edwards pass complete to M. Emos for no gain to the HD43, out-of-bounds (M. Boock).","H,3,10,V43",P,NA,Y,NA,NA,NA,NA,NA,16,H,BD,"INT,3,09:58,32","INT,3,05:06,57",5,25,4:52,INT,3,09:58,BD32,INT,3,05:06,HD43,NA
BDHD2103,HD,BD,Hamburg Sea Devils,Barcelona Dragons,7/3/2021,Reus,Estadio municipal,19:00,,Y,Y,,0,26 C,no wind,mostly sunny,R.Miras,D.Clemence,J.Fernandez,M.Exposito,A.Gurbiersch,C.Beckmann,V.Cobas,J.Lanz,J.Lanz,BD,3,10,HD43,"H,3,10,V43","16,5,119","PASS:1,X,23,V35 RET:23,H42","Z. Edwards pass intercepted by J. Rogers at the HD35, J. Rogers return 23 yards to the BD42.","V,1,10,H42",P,NA,NA,NA,NA,NA,NA,I,16,H,BD,"INT,3,09:58,32","INT,3,05:06,57",5,25,4:52,INT,3,09:58,BD32,INT,3,05:06,HD43,NA
BDHD2103,HD,BD,Hamburg Sea Devils,Barcelona Dragons,7/3/2021,Reus,Estadio municipal,19:00,,Y,Y,,0,26 C,no wind,mostly sunny,R.Miras,D.Clemence,J.Fernandez,M.Exposito,A.Gurbiersch,C.Beckmann,V.Cobas,J.Lanz,J.Lanz,HD,1,10,BD42,"V,1,10,H42","17,1,120","{DRIVE}:05:06 RUSH:34,H41, TACK:93,10","HAMBURG SEA DEVILS drive start at 05:06, J. Ampaw rush for 1 yard to the BD41 (A. Pinheiro;C. Brugnani).","V,2,9,H41",R,NA,NA,NA,NA,NA,05:06,NA,17,V,HD,"INT,3,05:06,58","TD,3,03:52,100",8,42,1:14,INT,3,05:06,BD42,TD,3,03:52,BD00,1
BDHD2103,HD,BD,Hamburg Sea Devils,Barcelona Dragons,7/3/2021,Reus,Estadio municipal,19:00,,Y,Y,,0,26 C,no wind,mostly sunny,R.Miras,D.Clemence,J.Fernandez,M.Exposito,A.Gurbiersch,C.Beckmann,V.Cobas,J.Lanz,J.Lanz,HD,2,9,BD41,"V,2,9,H41","17,2,121","RUSH:34,H29, TACK:10","J. Ampaw rush for 12 yards to the BD29, 1ST DOWN HD (C. Brugnani).","V,1,10,H29",R,R,NA,NA,NA,NA,NA,NA,17,V,HD,"INT,3,05:06,58","TD,3,03:52,100",8,42,1:14,INT,3,05:06,BD42,TD,3,03:52,BD00,1
BDHD2103,HD,BD,Hamburg Sea Devils,Barcelona Dragons,7/3/2021,Reus,Estadio municipal,19:00,,Y,Y,,0,26 C,no wind,mostly sunny,R.Miras,D.Clemence,J.Fernandez,M.Exposito,A.Gurbiersch,C.Beckmann,V.Cobas,J.Lanz,J.Lanz,HD,1,10,BD29,"V,1,10,H29","17,3,122","PEN:V,FS,A,5,H34,N",PENALTY HD false start (5) 5 yards to the BD34.,"V,1,15,H34",E,NA,NA,NA,NA,NA,NA,NA,17,V,HD,"INT,3,05:06,58","TD,3,03:52,100",8,42,1:14,INT,3,05:06,BD42,TD,3,03:52,BD00,1
BDHD2103,HD,BD,Hamburg Sea Devils,Barcelona Dragons,7/3/2021,Reus,Estadio municipal,19:00,,Y,Y,,0,26 C,no wind,mostly sunny,R.Miras,D.Clemence,J.Fernandez,M.Exposito,A.Gurbiersch,C.Beckmann,V.Cobas,J.Lanz,J.Lanz,HD,1,15,BD34,"V,1,15,H34","17,4,123","RUSH:4,H19, TACK:7","P. Andersen rush for 15 yards to the BD19, 1ST DOWN HD (M. Tavarres).","V,1,10,H19",R,R,NA,NA,NA,NA,NA,NA,17,V,HD,"INT,3,05:06,58","TD,3,03:52,100",8,42,1:14,INT,3,05:06,BD42,TD,3,03:52,BD00,1
BDHD2103,HD,BD,Hamburg Sea Devils,Barcelona Dragons,7/3/2021,Reus,Estadio municipal,19:00,,Y,Y,,0,26 C,no wind,mostly sunny,R.Miras,D.Clemence,J.Fernandez,M.Exposito,A.Gurbiersch,C.Beckmann,V.Cobas,J.Lanz,J.Lanz,HD,1,10,BD19,"V,1,10,H19","17,5,124","RUSH:34,H16, TACK:10",J. Ampaw rush for 3 yards to the BD16 (C. Brugnani).,"V,2,7,H16",R,NA,NA,NA,NA,NA,NA,NA,17,V,HD,"INT,3,05:06,58","TD,3,03:52,100",8,42,1:14,INT,3,05:06,BD42,TD,3,03:52,BD00,1
BDHD2103,HD,BD,Hamburg Sea Devils,Barcelona Dragons,7/3/2021,Reus,Estadio municipal,19:00,,Y,Y,,0,26 C,no wind,mostly sunny,R.Miras,D.Clemence,J.Fernandez,M.Exposito,A.Gurbiersch,C.Beckmann,V.Cobas,J.Lanz,J.Lanz,HD,2,7,BD16,"V,2,7,H16","17,6,125","RUSH:34,H01, TACK:10","J. Ampaw rush for 15 yards to the BD1, 1ST DOWN HD (C. Brugnani).","V,1,0,H01",R,R,NA,NA,NA,NA,NA,NA,17,V,HD,"INT,3,05:06,58","TD,3,03:52,100",8,42,1:14,INT,3,05:06,BD42,TD,3,03:52,BD00,1
BDHD2103,HD,BD,Hamburg Sea Devils,Barcelona Dragons,7/3/2021,Reus,Estadio municipal,19:00,,Y,Y,,0,26 C,no wind,mostly sunny,R.Miras,D.Clemence,J.Fernandez,M.Exposito,A.Gurbiersch,C.Beckmann,V.Cobas,J.Lanz,J.Lanz,HD,1,0,BD01,"V,1,0,H01","17,7,126","RUSH:34,H01, TACK:49",J. Ampaw rush for no gain to the BD1 (S. Castaner).,"V,2,0,H01",R,NA,NA,NA,NA,NA,NA,NA,17,V,HD,"INT,3,05:06,58","TD,3,03:52,100",8,42,1:14,INT,3,05:06,BD42,TD,3,03:52,BD00,1
BDHD2103,HD,BD,Hamburg Sea Devils,Barcelona Dragons,7/3/2021,Reus,Estadio municipal,19:00,,Y,Y,,0,26 C,no wind,mostly sunny,R.Miras,D.Clemence,J.Fernandez,M.Exposito,A.Gurbiersch,C.Beckmann,V.Cobas,J.Lanz,J.Lanz,HD,2,0,BD01,"V,2,0,H01","17,8,127","RUSH:34,H04, TACK:71",J. Ampaw rush for loss of 3 yards to the BD4 (71).,"V,3,0,H04",R,NA,NA,NA,NA,NA,NA,NA,17,V,HD,"INT,3,05:06,58","TD,3,03:52,100",8,42,1:14,INT,3,05:06,BD42,TD,3,03:52,BD00,1
BDHD2103,HD,BD,Hamburg Sea Devils,Barcelona Dragons,7/3/2021,Reus,Estadio municipal,19:00,,Y,Y,,0,26 C,no wind,mostly sunny,R.Miras,D.Clemence,J.Fernandez,M.Exposito,A.Gurbiersch,C.Beckmann,V.Cobas,J.Lanz,J.Lanz,HD,3,0,BD04,"V,3,0,H04","17,9,128","PASS:10,C,88,H00 T:04:11","J. Clark pass complete to A. Botella for 4 yards to the BD0, TOUCHDOWN, clock 04:11.","V,1,0,H03",P,NA,NA,Y,29,0,04:11,NA,17,V,HD,"INT,3,05:06,58","TD,3,03:52,100",8,42,1:14,INT,3,05:06,BD42,TD,3,03:52,BD00,1
BDHD2103,HD,BD,Hamburg Sea Devils,Barcelona Dragons,7/3/2021,Reus,Estadio municipal,19:00,,Y,Y,,0,26 C,no wind,mostly sunny,R.Miras,D.Clemence,J.Fernandez,M.Exposito,A.Gurbiersch,C.Beckmann,V.Cobas,J.Lanz,J.Lanz,HD,1,0,BD03,"V,1,0,H03","17,10,129","PAT:K,4,M",P. Andersen kick attempt failed.,"V,1,0,V35",X,NA,NA,NA,NA,NA,NA,NA,17,V,HD,"INT,3,05:06,58","TD,3,03:52,100",8,42,1:14,INT,3,05:06,BD42,TD,3,03:52,BD00,1
BDHD2103,HD,BD,Hamburg Sea Devils,Barcelona Dragons,7/3/2021,Reus,Estadio municipal,19:00,,Y,Y,,0,26 C,no wind,mostly sunny,R.Miras,D.Clemence,J.Fernandez,M.Exposito,A.Gurbiersch,C.Beckmann,V.Cobas,J.Lanz,J.Lanz,HD,1,0,HD35,"V,1,0,V35","17,11,130","KO:4,H03 RET:5,H41 OB:","P. Andersen kickoff 62 yards to the BD3, J. Constant return 38 yards to the BD41, out-of-bounds.","H,1,10,H41",K,NA,Y,NA,NA,NA,NA,NA,17,V,HD,"INT,3,05:06,58","TD,3,03:52,100",8,42,1:14,INT,3,05:06,BD42,TD,3,03:52,BD00,1
BDHD2103,HD,BD,Hamburg Sea Devils,Barcelona Dragons,7/3/2021,Reus,Estadio municipal,19:00,,Y,Y,,0,26 C,no wind,mostly sunny,R.Miras,D.Clemence,J.Fernandez,M.Exposito,A.Gurbiersch,C.Beckmann,V.Cobas,J.Lanz,J.Lanz,BD,1,10,BD41,"H,1,10,H41","18,1,131","RUSH:3,H41, FORCE:25 FUMB:V,H31,25 OB:","A. Jimenez rush for no gain to the BD41, fumble forced by M. Franklin, fumble by A. Jimenez recovered by HD M. Franklin at BD31, out-of-bounds.","V,1,10,H31",R,NA,Y,NA,NA,NA,NA,F,18,H,BD,"KO,3,04:11,41","FUMB,3,03:52,31",1,-10,0:19,KO,3,04:11,BD41,FUMB,3,03:52,BD31,NA
BDHD2103,HD,BD,Hamburg Sea Devils,Barcelona Dragons,7/3/2021,Reus,Estadio municipal,19:00,,Y,Y,,0,26 C,no wind,mostly sunny,R.Miras,D.Clemence,J.Fernandez,M.Exposito,A.Gurbiersch,C.Beckmann,V.Cobas,J.Lanz,J.Lanz,HD,1,10,BD31,"V,1,10,H31","19,1,132","PEN:V,UC,A,25,V46,1","PENALTY HD unsportsmanlike conduct (M. Franklin) 23 yards to the HD46, 1ST DOWN HD.","V,1,10,V46",E,E,NA,NA,NA,NA,NA,NA,19,V,HD,"FUMB,3,03:52,46","FG,4,13:45,83",8,37,5:07,FUMB,3,03:52,HD46,FG,4,13:45,BD17,1
BDHD2103,HD,BD,Hamburg Sea Devils,Barcelona Dragons,7/3/2021,Reus,Estadio municipal,19:00,,Y,Y,,0,26 C,no wind,mostly sunny,R.Miras,D.Clemence,J.Fernandez,M.Exposito,A.Gurbiersch,C.Beckmann,V.Cobas,J.Lanz,J.Lanz,HD,1,10,HD46,"V,1,10,V46","19,2,133","{DRIVE}:03:52 SPOT:V,V46,Y","HAMBURG SEA DEVILS drive start at 03:52, HD ball on HD46.","V,1,10,V46",NA,NA,NA,NA,NA,NA,03:52,NA,19,V,HD,"FUMB,3,03:52,46","FG,4,13:45,83",8,37,5:07,FUMB,3,03:52,HD46,FG,4,13:45,BD17,1
BDHD2103,HD,BD,Hamburg Sea Devils,Barcelona Dragons,7/3/2021,Reus,Estadio municipal,19:00,,Y,Y,,0,26 C,no wind,mostly sunny,R.Miras,D.Clemence,J.Fernandez,M.Exposito,A.Gurbiersch,C.Beckmann,V.Cobas,J.Lanz,J.Lanz,HD,1,10,HD46,"V,1,10,V46","19,3,134","RUSH:32,V47, TACK:7",J. Hummel rush for 1 yard to the HD47 (M. Tavarres).,"V,2,9,V47",R,NA,NA,NA,NA,NA,NA,NA,19,V,HD,"FUMB,3,03:52,46","FG,4,13:45,83",8,37,5:07,FUMB,3,03:52,HD46,FG,4,13:45,BD17,1
BDHD2103,HD,BD,Hamburg Sea Devils,Barcelona Dragons,7/3/2021,Reus,Estadio municipal,19:00,,Y,Y,,0,26 C,no wind,mostly sunny,R.Miras,D.Clemence,J.Fernandez,M.Exposito,A.Gurbiersch,C.Beckmann,V.Cobas,J.Lanz,J.Lanz,HD,2,9,HD47,"V,2,9,V47","19,4,135","RUSH:10,H32, TACK:45","J. Clark rush for 21 yards to the BD32, 1ST DOWN HD (A. Posito).","V,1,10,H32",R,R,NA,NA,NA,NA,NA,NA,19,V,HD,"FUMB,3,03:52,46","FG,4,13:45,83",8,37,5:07,FUMB,3,03:52,HD46,FG,4,13:45,BD17,1
BDHD2103,HD,BD,Hamburg Sea Devils,Barcelona Dragons,7/3/2021,Reus,Estadio municipal,19:00,,Y,Y,,0,26 C,no wind,mostly sunny,R.Miras,D.Clemence,J.Fernandez,M.Exposito,A.Gurbiersch,C.Beckmann,V.Cobas,J.Lanz,J.Lanz,HD,1,10,BD32,"V,1,10,H32","19,5,136","PEN:V,DG,A,TM,H37,N",PENALTY HD delay of game 5 yards to the BD37.,"V,1,15,H37",E,NA,NA,NA,NA,NA,NA,NA,19,V,HD,"FUMB,3,03:52,46","FG,4,13:45,83",8,37,5:07,FUMB,3,03:52,HD46,FG,4,13:45,BD17,1
BDHD2103,HD,BD,Hamburg Sea Devils,Barcelona Dragons,7/3/2021,Reus,Estadio municipal,19:00,,Y,Y,,0,26 C,no wind,mostly sunny,R.Miras,D.Clemence,J.Fernandez,M.Exposito,A.Gurbiersch,C.Beckmann,V.Cobas,J.Lanz,J.Lanz,HD,1,15,BD37,"V,1,15,H37","19,6,137","RUSH:32,H37, TACK:7,73",J. Hummel rush for no gain to the BD37 (M. Tavarres;S. Bowen).,"V,2,15,H37",R,NA,NA,NA,NA,NA,NA,NA,19,V,HD,"FUMB,3,03:52,46","FG,4,13:45,83",8,37,5:07,FUMB,3,03:52,HD46,FG,4,13:45,BD17,1
BDHD2103,HD,BD,Hamburg Sea Devils,Barcelona Dragons,7/3/2021,Reus,Estadio municipal,19:00,,Y,Y,,0,26 C,no wind,mostly sunny,R.Miras,D.Clemence,J.Fernandez,M.Exposito,A.Gurbiersch,C.Beckmann,V.Cobas,J.Lanz,J.Lanz,HD,2,15,BD37,"V,2,15,H37","19,7,138","PASS:10,C,88,H10 TACK:33","J. Clark pass complete to A. Botella for 27 yards to the BD10, 1ST DOWN HD (T. Debiez).","V,1,0,H10",P,P,NA,NA,NA,NA,NA,NA,19,V,HD,"FUMB,3,03:52,46","FG,4,13:45,83",8,37,5:07,FUMB,3,03:52,HD46,FG,4,13:45,BD17,1
BDHD2103,HD,BD,Hamburg Sea Devils,Barcelona Dragons,7/3/2021,Reus,Estadio municipal,19:00,,Y,Y,,0,26 C,no wind,mostly sunny,R.Miras,D.Clemence,J.Fernandez,M.Exposito,A.Gurbiersch,C.Beckmann,V.Cobas,J.Lanz,J.Lanz,HD,1,0,BD10,"V,1,0,H10","19,8,139","RUSH:32,H08, TACK:11",J. Hummel rush for 2 yards to the BD8 (B. Brooks).,"V,2,0,H08",R,NA,NA,NA,NA,NA,NA,NA,19,V,HD,"FUMB,3,03:52,46","FG,4,13:45,83",8,37,5:07,FUMB,3,03:52,HD46,FG,4,13:45,BD17,1
BDHD2103,HD,BD,Hamburg Sea Devils,Barcelona Dragons,7/3/2021,Reus,Estadio municipal,19:00,,Y,Y,,0,26 C,no wind,mostly sunny,R.Miras,D.Clemence,J.Fernandez,M.Exposito,A.Gurbiersch,C.Beckmann,V.Cobas,J.Lanz,J.Lanz,HD,2,0,BD08,"V,2,0,H08","19,9,140","PASS:10,S,TM,H17 SACK:TM",J. Clark sacked for loss of 9 yards to the BD17 (Team).,"V,3,0,H17",P,NA,NA,NA,NA,NA,NA,NA,19,V,HD,"FUMB,3,03:52,46","FG,4,13:45,83",8,37,5:07,FUMB,3,03:52,HD46,FG,4,13:45,BD17,1
BDHD2103,HD,BD,Hamburg Sea Devils,Barcelona Dragons,7/3/2021,Reus,Estadio municipal,19:00,,Y,Y,,0,26 C,no wind,mostly sunny,R.Miras,D.Clemence,J.Fernandez,M.Exposito,A.Gurbiersch,C.Beckmann,V.Cobas,J.Lanz,J.Lanz,HD,3,0,BD17,"V,3,0,H17","19,10,141","Q:4 T:15:00 RUSH:32,H17, TACK:7","Start of 4th quarter, clock 15:00, J. Hummel rush for no gain to the BD17 (M. Tavarres).","V,4,0,H17",R,NA,NA,NA,NA,NA,15:00,NA,19,V,HD,"FUMB,3,03:52,46","FG,4,13:45,83",8,37,5:07,FUMB,3,03:52,HD46,FG,4,13:45,BD17,1
BDHD2103,HD,BD,Hamburg Sea Devils,Barcelona Dragons,7/3/2021,Reus,Estadio municipal,19:00,,Y,Y,,0,26 C,no wind,mostly sunny,R.Miras,D.Clemence,J.Fernandez,M.Exposito,A.Gurbiersch,C.Beckmann,V.Cobas,J.Lanz,J.Lanz,HD,4,0,BD17,"V,4,0,H17","19,11,142","FGA:4,17,G T:13:45","P. Andersen field goal attempt from 17 GOOD, clock 13:45.","V,1,0,V35",F,NA,NA,Y,32,0,13:45,NA,19,V,HD,"FUMB,3,03:52,46","FG,4,13:45,83",8,37,5:07,FUMB,3,03:52,HD46,FG,4,13:45,BD17,1
BDHD2103,HD,BD,Hamburg Sea Devils,Barcelona Dragons,7/3/2021,Reus,Estadio municipal,19:00,,Y,Y,,0,26 C,no wind,mostly sunny,R.Miras,D.Clemence,J.Fernandez,M.Exposito,A.Gurbiersch,C.Beckmann,V.Cobas,J.Lanz,J.Lanz,HD,1,0,HD35,"V,1,0,V35","19,12,143","KO:4,H00 TB:","P. Andersen kickoff 65 yards to the BD0, touchback.","H,1,10,H25",K,NA,NA,NA,NA,NA,NA,NA,19,V,HD,"FUMB,3,03:52,46","FG,4,13:45,83",8,37,5:07,FUMB,3,03:52,HD46,FG,4,13:45,BD17,1
BDHD2103,HD,BD,Hamburg Sea Devils,Barcelona Dragons,7/3/2021,Reus,Estadio municipal,19:00,,Y,Y,,0,26 C,no wind,mostly sunny,R.Miras,D.Clemence,J.Fernandez,M.Exposito,A.Gurbiersch,C.Beckmann,V.Cobas,J.Lanz,J.Lanz,BD,1,10,BD25,"H,1,10,H25","20,1,144",{DRIVE}:13:25,BARCELONA DRAGONS drive start at 13:25.,"H,1,10,H25",NA,NA,NA,NA,NA,NA,13:25,NA,20,H,BD,"KO,4,13:25,25","PUNT,4,07:10,36",6,11,6:15,KO,4,13:25,BD25,PUNT,4,07:10,BD36,NA
BDHD2103,HD,BD,Hamburg Sea Devils,Barcelona Dragons,7/3/2021,Reus,Estadio municipal,19:00,,Y,Y,,0,26 C,no wind,mostly sunny,R.Miras,D.Clemence,J.Fernandez,M.Exposito,A.Gurbiersch,C.Beckmann,V.Cobas,J.Lanz,J.Lanz,BD,1,10,BD25,"H,1,10,H25","20,2,145","PASS:1,I,15,* BRUP:40",Z. Edwards pass incomplete to M. Flores (M. Spiegel).,"H,2,10,H25",P,NA,NA,NA,NA,NA,NA,NA,20,H,BD,"KO,4,13:25,25","PUNT,4,07:10,36",6,11,6:15,KO,4,13:25,BD25,PUNT,4,07:10,BD36,NA
BDHD2103,HD,BD,Hamburg Sea Devils,Barcelona Dragons,7/3/2021,Reus,Estadio municipal,19:00,,Y,Y,,0,26 C,no wind,mostly sunny,R.Miras,D.Clemence,J.Fernandez,M.Exposito,A.Gurbiersch,C.Beckmann,V.Cobas,J.Lanz,J.Lanz,BD,2,10,BD25,"H,2,10,H25","20,3,146","PASS:1,C,5,H39 TACK:29","Z. Edwards pass complete to J. Constant for 14 yards to the BD39, 1ST DOWN BD (D. Aboagye-Duah).","H,1,10,H39",P,P,NA,NA,NA,NA,NA,NA,20,H,BD,"KO,4,13:25,25","PUNT,4,07:10,36",6,11,6:15,KO,4,13:25,BD25,PUNT,4,07:10,BD36,NA
BDHD2103,HD,BD,Hamburg Sea Devils,Barcelona Dragons,7/3/2021,Reus,Estadio municipal,19:00,,Y,Y,,0,26 C,no wind,mostly sunny,R.Miras,D.Clemence,J.Fernandez,M.Exposito,A.Gurbiersch,C.Beckmann,V.Cobas,J.Lanz,J.Lanz,BD,1,10,BD39,"H,1,10,H39","20,4,147","PASS:1,I,4,* BRUP:33 PEN:H,HO,A,79,H29,N","Z. Edwards pass incomplete to R. Bertellin (K. Soussoukpo), PENALTY BD holding (I. Santana) 10 yards to the BD29.","H,1,20,H29",P,NA,NA,NA,NA,NA,NA,NA,20,H,BD,"KO,4,13:25,25","PUNT,4,07:10,36",6,11,6:15,KO,4,13:25,BD25,PUNT,4,07:10,BD36,NA
BDHD2103,HD,BD,Hamburg Sea Devils,Barcelona Dragons,7/3/2021,Reus,Estadio municipal,19:00,,Y,Y,,0,26 C,no wind,mostly sunny,R.Miras,D.Clemence,J.Fernandez,M.Exposito,A.Gurbiersch,C.Beckmann,V.Cobas,J.Lanz,J.Lanz,BD,1,20,BD29,"H,1,20,H29","20,5,148","D:1,20 PASS:1,C,86,H40 TACK:29","1st and 20, Z. Edwards pass complete to M. Emos for 11 yards to the BD40 (D. Aboagye-Duah).","H,2,9,H40",P,NA,NA,NA,NA,NA,NA,NA,20,H,BD,"KO,4,13:25,25","PUNT,4,07:10,36",6,11,6:15,KO,4,13:25,BD25,PUNT,4,07:10,BD36,NA
BDHD2103,HD,BD,Hamburg Sea Devils,Barcelona Dragons,7/3/2021,Reus,Estadio municipal,19:00,,Y,Y,,0,26 C,no wind,mostly sunny,R.Miras,D.Clemence,J.Fernandez,M.Exposito,A.Gurbiersch,C.Beckmann,V.Cobas,J.Lanz,J.Lanz,BD,2,9,BD40,"H,2,9,H40","20,6,149","PASS:1,S,TM,H29 SACK:91",Z. Edwards sacked for loss of 11 yards to the BD29 (K. Edebali).,"H,3,20,H29",P,NA,NA,NA,NA,NA,NA,NA,20,H,BD,"KO,4,13:25,25","PUNT,4,07:10,36",6,11,6:15,KO,4,13:25,BD25,PUNT,4,07:10,BD36,NA
BDHD2103,HD,BD,Hamburg Sea Devils,Barcelona Dragons,7/3/2021,Reus,Estadio municipal,19:00,,Y,Y,,0,26 C,no wind,mostly sunny,R.Miras,D.Clemence,J.Fernandez,M.Exposito,A.Gurbiersch,C.Beckmann,V.Cobas,J.Lanz,J.Lanz,BD,3,20,BD29,"H,3,20,H29","20,7,150","PASS:1,C,4,H36 TACK:45",Z. Edwards pass complete to R. Bertellin for 7 yards to the BD36 (J. Sarfo).,"H,4,13,H36",P,NA,NA,NA,NA,NA,NA,NA,20,H,BD,"KO,4,13:25,25","PUNT,4,07:10,36",6,11,6:15,KO,4,13:25,BD25,PUNT,4,07:10,BD36,NA
BDHD2103,HD,BD,Hamburg Sea Devils,Barcelona Dragons,7/3/2021,Reus,Estadio municipal,19:00,,Y,Y,,0,26 C,no wind,mostly sunny,R.Miras,D.Clemence,J.Fernandez,M.Exposito,A.Gurbiersch,C.Beckmann,V.Cobas,J.Lanz,J.Lanz,BD,4,13,BD36,"H,4,13,H36","20,8,151","PUNT:18,V20",C. Manser punt 44 yards to the HD20.,"V,1,10,V20",U,NA,NA,NA,NA,NA,NA,NA,20,H,BD,"KO,4,13:25,25","PUNT,4,07:10,36",6,11,6:15,KO,4,13:25,BD25,PUNT,4,07:10,BD36,NA
BDHD2103,HD,BD,Hamburg Sea Devils,Barcelona Dragons,7/3/2021,Reus,Estadio municipal,19:00,,Y,Y,,0,26 C,no wind,mostly sunny,R.Miras,D.Clemence,J.Fernandez,M.Exposito,A.Gurbiersch,C.Beckmann,V.Cobas,J.Lanz,J.Lanz,HD,1,10,HD20,"V,1,10,V20","21,1,152","{DRIVE}:07:10 RUSH:32,V23, TACK:7","HAMBURG SEA DEVILS drive start at 07:10, J. Hummel rush for 3 yards to the HD23 (M. Tavarres).","V,2,7,V23",R,NA,NA,NA,NA,NA,07:10,NA,21,V,HD,"PUNT,4,07:10,20","PUNT,4,06:58,23",3,3,0:12,PUNT,4,07:10,HD20,PUNT,4,06:58,HD23,NA
BDHD2103,HD,BD,Hamburg Sea Devils,Barcelona Dragons,7/3/2021,Reus,Estadio municipal,19:00,,Y,Y,,0,26 C,no wind,mostly sunny,R.Miras,D.Clemence,J.Fernandez,M.Exposito,A.Gurbiersch,C.Beckmann,V.Cobas,J.Lanz,J.Lanz,HD,2,7,HD23,"V,2,7,V23","21,2,153","PASS:10,C,89,V25 TACK:45",J. Clark pass complete to L. Rehder for 2 yards to the HD25 (A. Posito).,"V,3,5,V25",P,NA,NA,NA,NA,NA,NA,NA,21,V,HD,"PUNT,4,07:10,20","PUNT,4,06:58,23",3,3,0:12,PUNT,4,07:10,HD20,PUNT,4,06:58,HD23,NA
BDHD2103,HD,BD,Hamburg Sea Devils,Barcelona Dragons,7/3/2021,Reus,Estadio municipal,19:00,,Y,Y,,0,26 C,no wind,mostly sunny,R.Miras,D.Clemence,J.Fernandez,M.Exposito,A.Gurbiersch,C.Beckmann,V.Cobas,J.Lanz,J.Lanz,HD,3,5,HD25,"V,3,5,V25","21,3,154","RUSH:32,V28, TACK:TM",J. Hummel rush for 3 yards to the HD28 (Team).,"V,4,2,V28",R,NA,NA,NA,NA,NA,NA,NA,21,V,HD,"PUNT,4,07:10,20","PUNT,4,06:58,23",3,3,0:12,PUNT,4,07:10,HD20,PUNT,4,06:58,HD23,NA
BDHD2103,HD,BD,Hamburg Sea Devils,Barcelona Dragons,7/3/2021,Reus,Estadio municipal,19:00,,Y,Y,,0,26 C,no wind,mostly sunny,R.Miras,D.Clemence,J.Fernandez,M.Exposito,A.Gurbiersch,C.Beckmann,V.Cobas,J.Lanz,J.Lanz,HD,4,2,HD28,"V,4,2,V28","21,4,155","PEN:V,DG,A,TM,V23,N",PENALTY HD delay of game 5 yards to the HD23.,"V,4,7,V23",E,NA,NA,NA,NA,NA,NA,NA,21,V,HD,"PUNT,4,07:10,20","PUNT,4,06:58,23",3,3,0:12,PUNT,4,07:10,HD20,PUNT,4,06:58,HD23,NA
BDHD2103,HD,BD,Hamburg Sea Devils,Barcelona Dragons,7/3/2021,Reus,Estadio municipal,19:00,,Y,Y,,0,26 C,no wind,mostly sunny,R.Miras,D.Clemence,J.Fernandez,M.Exposito,A.Gurbiersch,C.Beckmann,V.Cobas,J.Lanz,J.Lanz,HD,4,7,HD23,"V,4,7,V23","21,5,156","PUNT:4,H31 RET:5,H31 TACK:94","P. Andersen punt 46 yards to the BD31, J. Constant return 0 yards to the BD31 (B. Grube).","H,1,10,H31",U,NA,NA,NA,NA,NA,NA,NA,21,V,HD,"PUNT,4,07:10,20","PUNT,4,06:58,23",3,3,0:12,PUNT,4,07:10,HD20,PUNT,4,06:58,HD23,NA
BDHD2103,HD,BD,Hamburg Sea Devils,Barcelona Dragons,7/3/2021,Reus,Estadio municipal,19:00,,Y,Y,,0,26 C,no wind,mostly sunny,R.Miras,D.Clemence,J.Fernandez,M.Exposito,A.Gurbiersch,C.Beckmann,V.Cobas,J.Lanz,J.Lanz,BD,1,10,BD31,"H,1,10,H31","22,1,157","{DRIVE}:06:58 PASS:1,C,5,H41 TACK:50,95","BARCELONA DRAGONS drive start at 06:58, Z. Edwards pass complete to J. Constant for 10 yards to the BD41, 1ST DOWN BD (50;E. Yeboah).","H,1,10,H41",P,P,NA,NA,NA,NA,06:58,NA,22,H,BD,"PUNT,4,06:58,31","TD,4,04:44,100",8,69,2:14,PUNT,4,06:58,BD31,TD,4,04:44,HD00,1
BDHD2103,HD,BD,Hamburg Sea Devils,Barcelona Dragons,7/3/2021,Reus,Estadio municipal,19:00,,Y,Y,,0,26 C,no wind,mostly sunny,R.Miras,D.Clemence,J.Fernandez,M.Exposito,A.Gurbiersch,C.Beckmann,V.Cobas,J.Lanz,J.Lanz,BD,1,10,BD41,"H,1,10,H41","22,2,158","PASS:1,C,86,V48 TACK:40,58 PEN:H,PF,O PEN:V,PF,O","Z. Edwards pass complete to M. Emos for 11 yards to the HD48, 1ST DOWN BD (M. Spiegel;J. Bombek), PENALTY BD personal foul off-setting, PENALTY HD personal foul off-setting.","H,1,10,V48",P,P,NA,NA,NA,NA,NA,NA,22,H,BD,"PUNT,4,06:58,31","TD,4,04:44,100",8,69,2:14,PUNT,4,06:58,BD31,TD,4,04:44,HD00,1
BDHD2103,HD,BD,Hamburg Sea Devils,Barcelona Dragons,7/3/2021,Reus,Estadio municipal,19:00,,Y,Y,,0,26 C,no wind,mostly sunny,R.Miras,D.Clemence,J.Fernandez,M.Exposito,A.Gurbiersch,C.Beckmann,V.Cobas,J.Lanz,J.Lanz,BD,1,10,HD48,"H,1,10,V48","22,3,159","PEN:H,FS,A,45,H47,N",PENALTY BD false start (A. Posito) 5 yards to the BD47.,"H,1,15,H47",E,NA,NA,NA,NA,NA,NA,NA,22,H,BD,"PUNT,4,06:58,31","TD,4,04:44,100",8,69,2:14,PUNT,4,06:58,BD31,TD,4,04:44,HD00,1
BDHD2103,HD,BD,Hamburg Sea Devils,Barcelona Dragons,7/3/2021,Reus,Estadio municipal,19:00,,Y,Y,,0,26 C,no wind,mostly sunny,R.Miras,D.Clemence,J.Fernandez,M.Exposito,A.Gurbiersch,C.Beckmann,V.Cobas,J.Lanz,J.Lanz,BD,1,15,BD47,"H,1,15,H47","22,4,160","PASS:1,C,86,V32 TACK:49","Z. Edwards pass complete to M. Emos for 21 yards to the HD32, 1ST DOWN BD (S. Kaya).","H,1,10,V32",P,P,NA,NA,NA,NA,NA,NA,22,H,BD,"PUNT,4,06:58,31","TD,4,04:44,100",8,69,2:14,PUNT,4,06:58,BD31,TD,4,04:44,HD00,1
BDHD2103,HD,BD,Hamburg Sea Devils,Barcelona Dragons,7/3/2021,Reus,Estadio municipal,19:00,,Y,Y,,0,26 C,no wind,mostly sunny,R.Miras,D.Clemence,J.Fernandez,M.Exposito,A.Gurbiersch,C.Beckmann,V.Cobas,J.Lanz,J.Lanz,BD,1,10,HD32,"H,1,10,V32","22,5,161","PASS:1,I,4,*",Z. Edwards pass incomplete to R. Bertellin.,"H,2,10,V32",P,NA,NA,NA,NA,NA,NA,NA,22,H,BD,"PUNT,4,06:58,31","TD,4,04:44,100",8,69,2:14,PUNT,4,06:58,BD31,TD,4,04:44,HD00,1
BDHD2103,HD,BD,Hamburg Sea Devils,Barcelona Dragons,7/3/2021,Reus,Estadio municipal,19:00,,Y,Y,,0,26 C,no wind,mostly sunny,R.Miras,D.Clemence,J.Fernandez,M.Exposito,A.Gurbiersch,C.Beckmann,V.Cobas,J.Lanz,J.Lanz,BD,2,10,HD32,"H,2,10,V32","22,6,162","PASS:1,C,3,V13 TACK:33,21","Z. Edwards pass complete to A. Jimenez for 19 yards to the HD13, 1ST DOWN BD (K. Soussoukpo;V. Wilson-Oberk).","H,1,10,V13",P,P,NA,NA,NA,NA,NA,NA,22,H,BD,"PUNT,4,06:58,31","TD,4,04:44,100",8,69,2:14,PUNT,4,06:58,BD31,TD,4,04:44,HD00,1
BDHD2103,HD,BD,Hamburg Sea Devils,Barcelona Dragons,7/3/2021,Reus,Estadio municipal,19:00,,Y,Y,,0,26 C,no wind,mostly sunny,R.Miras,D.Clemence,J.Fernandez,M.Exposito,A.Gurbiersch,C.Beckmann,V.Cobas,J.Lanz,J.Lanz,BD,1,10,HD13,"H,1,10,V13","22,7,163","PASS:1,I,5,*",Z. Edwards pass incomplete to J. Constant.,"H,2,10,V13",P,NA,NA,NA,NA,NA,NA,NA,22,H,BD,"PUNT,4,06:58,31","TD,4,04:44,100",8,69,2:14,PUNT,4,06:58,BD31,TD,4,04:44,HD00,1
BDHD2103,HD,BD,Hamburg Sea Devils,Barcelona Dragons,7/3/2021,Reus,Estadio municipal,19:00,,Y,Y,,0,26 C,no wind,mostly sunny,R.Miras,D.Clemence,J.Fernandez,M.Exposito,A.Gurbiersch,C.Beckmann,V.Cobas,J.Lanz,J.Lanz,BD,2,10,HD13,"H,2,10,V13","22,8,164","PASS:1,S,TM,V19 SACK:58,99",Z. Edwards sacked for loss of 6 yards to the HD19 (J. Bombek;N. Imasuen).,"H,3,16,V19",P,NA,NA,NA,NA,NA,NA,NA,22,H,BD,"PUNT,4,06:58,31","TD,4,04:44,100",8,69,2:14,PUNT,4,06:58,BD31,TD,4,04:44,HD00,1
BDHD2103,HD,BD,Hamburg Sea Devils,Barcelona Dragons,7/3/2021,Reus,Estadio municipal,19:00,,Y,Y,,0,26 C,no wind,mostly sunny,R.Miras,D.Clemence,J.Fernandez,M.Exposito,A.Gurbiersch,C.Beckmann,V.Cobas,J.Lanz,J.Lanz,BD,3,16,HD19,"H,3,16,V19","22,9,165","PASS:1,C,5,V00 T:04:44","Z. Edwards pass complete to J. Constant for 19 yards to the HD0, 1ST DOWN BD, TOUCHDOWN, clock 04:44.","H,1,0,V03",P,P,NA,Y,32,6,04:44,NA,22,H,BD,"PUNT,4,06:58,31","TD,4,04:44,100",8,69,2:14,PUNT,4,06:58,BD31,TD,4,04:44,HD00,1
BDHD2103,HD,BD,Hamburg Sea Devils,Barcelona Dragons,7/3/2021,Reus,Estadio municipal,19:00,,Y,Y,,0,26 C,no wind,mostly sunny,R.Miras,D.Clemence,J.Fernandez,M.Exposito,A.Gurbiersch,C.Beckmann,V.Cobas,J.Lanz,J.Lanz,BD,1,0,HD03,"H,1,0,V03","22,10,166","PEN:V,12,A,TM,V01,N",PENALTY HD 12 men on the field 2 yards to the HD1.,"H,1,0,V01",E,NA,NA,NA,NA,NA,NA,NA,22,H,BD,"PUNT,4,06:58,31","TD,4,04:44,100",8,69,2:14,PUNT,4,06:58,BD31,TD,4,04:44,HD00,1
BDHD2103,HD,BD,Hamburg Sea Devils,Barcelona Dragons,7/3/2021,Reus,Estadio municipal,19:00,,Y,Y,,0,26 C,no wind,mostly sunny,R.Miras,D.Clemence,J.Fernandez,M.Exposito,A.Gurbiersch,C.Beckmann,V.Cobas,J.Lanz,J.Lanz,BD,1,0,HD01,"H,1,0,V01","22,11,167","PAT:R,1,G",Z. Edwards rush attempt good.,"H,1,0,H35",X,NA,NA,Y,32,8,NA,NA,22,H,BD,"PUNT,4,06:58,31","TD,4,04:44,100",8,69,2:14,PUNT,4,06:58,BD31,TD,4,04:44,HD00,1
BDHD2103,HD,BD,Hamburg Sea Devils,Barcelona Dragons,7/3/2021,Reus,Estadio municipal,19:00,,Y,Y,,0,26 C,no wind,mostly sunny,R.Miras,D.Clemence,J.Fernandez,M.Exposito,A.Gurbiersch,C.Beckmann,V.Cobas,J.Lanz,J.Lanz,BD,1,0,BD35,"H,1,0,H35","22,12,168","KO:85,V10 RET:82,V22 TACK:53","J. Llinas kickoff 55 yards to the HD10, T. Nill return 12 yards to the HD22 (P. Tricas).","V,1,10,V22",K,NA,NA,NA,NA,NA,NA,NA,22,H,BD,"PUNT,4,06:58,31","TD,4,04:44,100",8,69,2:14,PUNT,4,06:58,BD31,TD,4,04:44,HD00,1
BDHD2103,HD,BD,Hamburg Sea Devils,Barcelona Dragons,7/3/2021,Reus,Estadio municipal,19:00,,Y,Y,,0,26 C,no wind,mostly sunny,R.Miras,D.Clemence,J.Fernandez,M.Exposito,A.Gurbiersch,C.Beckmann,V.Cobas,J.Lanz,J.Lanz,HD,1,10,HD22,"V,1,10,V22","23,1,169",{DRIVE}:03:16,HAMBURG SEA DEVILS drive start at 03:16.,"V,1,10,V22",NA,NA,NA,NA,NA,NA,03:16,NA,23,V,HD,"KO,4,03:16,22","PUNT,4,01:55,18",7,-4,1:21,KO,4,03:16,HD22,PUNT,4,01:55,HD18,NA
BDHD2103,HD,BD,Hamburg Sea Devils,Barcelona Dragons,7/3/2021,Reus,Estadio municipal,19:00,,Y,Y,,0,26 C,no wind,mostly sunny,R.Miras,D.Clemence,J.Fernandez,M.Exposito,A.Gurbiersch,C.Beckmann,V.Cobas,J.Lanz,J.Lanz,HD,1,10,HD22,"V,1,10,V22","23,2,170","PEN:V,DG,A,TM,V17,N",PENALTY HD delay of game 5 yards to the HD17.,"V,1,15,V17",E,NA,NA,NA,NA,NA,NA,NA,23,V,HD,"KO,4,03:16,22","PUNT,4,01:55,18",7,-4,1:21,KO,4,03:16,HD22,PUNT,4,01:55,HD18,NA
BDHD2103,HD,BD,Hamburg Sea Devils,Barcelona Dragons,7/3/2021,Reus,Estadio municipal,19:00,,Y,Y,,0,26 C,no wind,mostly sunny,R.Miras,D.Clemence,J.Fernandez,M.Exposito,A.Gurbiersch,C.Beckmann,V.Cobas,J.Lanz,J.Lanz,HD,1,15,HD17,"V,1,15,V17","23,3,171","PASS:10,C,26,V19 OB: TACK:49","J. Clark pass complete to S. Homadi for 2 yards to the HD19, out-of-bounds (S. Castaner).","V,2,13,V19",P,NA,Y,NA,NA,NA,NA,NA,23,V,HD,"KO,4,03:16,22","PUNT,4,01:55,18",7,-4,1:21,KO,4,03:16,HD22,PUNT,4,01:55,HD18,NA
BDHD2103,HD,BD,Hamburg Sea Devils,Barcelona Dragons,7/3/2021,Reus,Estadio municipal,19:00,,Y,Y,,0,26 C,no wind,mostly sunny,R.Miras,D.Clemence,J.Fernandez,M.Exposito,A.Gurbiersch,C.Beckmann,V.Cobas,J.Lanz,J.Lanz,HD,2,13,HD19,"V,2,13,V19","23,4,172","RUSH:26,V21, TACK:TM",S. Homadi rush for 2 yards to the HD21 (Team).,"V,3,11,V21",R,NA,NA,NA,NA,NA,NA,NA,23,V,HD,"KO,4,03:16,22","PUNT,4,01:55,18",7,-4,1:21,KO,4,03:16,HD22,PUNT,4,01:55,HD18,NA
BDHD2103,HD,BD,Hamburg Sea Devils,Barcelona Dragons,7/3/2021,Reus,Estadio municipal,19:00,,Y,Y,,0,26 C,no wind,mostly sunny,R.Miras,D.Clemence,J.Fernandez,M.Exposito,A.Gurbiersch,C.Beckmann,V.Cobas,J.Lanz,J.Lanz,HD,3,11,HD21,"V,3,11,V21","23,5,173","PASS:1,C,44,V35 TACK:23,11","S. Ceesay pass complete to J. Kruse for 14 yards to the HD35, 1ST DOWN HD (J. Brugnani;B. Brooks).","V,1,10,V35",P,P,NA,NA,NA,NA,NA,NA,23,V,HD,"KO,4,03:16,22","PUNT,4,01:55,18",7,-4,1:21,KO,4,03:16,HD22,PUNT,4,01:55,HD18,NA
BDHD2103,HD,BD,Hamburg Sea Devils,Barcelona Dragons,7/3/2021,Reus,Estadio municipal,19:00,,Y,Y,,0,26 C,no wind,mostly sunny,R.Miras,D.Clemence,J.Fernandez,M.Exposito,A.Gurbiersch,C.Beckmann,V.Cobas,J.Lanz,J.Lanz,HD,1,10,HD35,"V,1,10,V35","23,6,174","PEN:V,UC,A,15,V20,1","PENALTY HD unsportsmanlike conduct (J. Voelling) 15 yards to the HD20, 1ST DOWN HD.","V,1,10,V20",E,E,NA,NA,NA,NA,NA,NA,23,V,HD,"KO,4,03:16,22","PUNT,4,01:55,18",7,-4,1:21,KO,4,03:16,HD22,PUNT,4,01:55,HD18,NA
BDHD2103,HD,BD,Hamburg Sea Devils,Barcelona Dragons,7/3/2021,Reus,Estadio municipal,19:00,,Y,Y,,0,26 C,no wind,mostly sunny,R.Miras,D.Clemence,J.Fernandez,M.Exposito,A.Gurbiersch,C.Beckmann,V.Cobas,J.Lanz,J.Lanz,HD,1,10,HD20,"V,1,10,V20","23,7,175","PASS:1,C,82,V28 TACK:25",S. Ceesay pass complete to T. Nill for 8 yards to the HD28 (N. Lester).,"V,2,2,V28",P,NA,NA,NA,NA,NA,NA,NA,23,V,HD,"KO,4,03:16,22","PUNT,4,01:55,18",7,-4,1:21,KO,4,03:16,HD22,PUNT,4,01:55,HD18,NA
BDHD2103,HD,BD,Hamburg Sea Devils,Barcelona Dragons,7/3/2021,Reus,Estadio municipal,19:00,,Y,Y,,0,26 C,no wind,mostly sunny,R.Miras,D.Clemence,J.Fernandez,M.Exposito,A.Gurbiersch,C.Beckmann,V.Cobas,J.Lanz,J.Lanz,HD,2,2,HD28,"V,2,2,V28","23,8,176","RUSH:26,V31, TACK:33","S. Homadi rush for 3 yards to the HD31, 1ST DOWN HD (T. Debiez).","V,1,10,V31",R,R,NA,NA,NA,NA,NA,NA,23,V,HD,"KO,4,03:16,22","PUNT,4,01:55,18",7,-4,1:21,KO,4,03:16,HD22,PUNT,4,01:55,HD18,NA
BDHD2103,HD,BD,Hamburg Sea Devils,Barcelona Dragons,7/3/2021,Reus,Estadio municipal,19:00,,Y,Y,,0,26 C,no wind,mostly sunny,R.Miras,D.Clemence,J.Fernandez,M.Exposito,A.Gurbiersch,C.Beckmann,V.Cobas,J.Lanz,J.Lanz,HD,1,10,HD31,"V,1,10,V31","23,9,177","PEN:V,IG,A,10,V21,+",PENALTY HD intentional grounding (J. Clark) 10 yards to the HD21.,"V,2,20,V21",E,NA,NA,NA,NA,NA,NA,NA,23,V,HD,"KO,4,03:16,22","PUNT,4,01:55,18",7,-4,1:21,KO,4,03:16,HD22,PUNT,4,01:55,HD18,NA
BDHD2103,HD,BD,Hamburg Sea Devils,Barcelona Dragons,7/3/2021,Reus,Estadio municipal,19:00,,Y,Y,,0,26 C,no wind,mostly sunny,R.Miras,D.Clemence,J.Fernandez,M.Exposito,A.Gurbiersch,C.Beckmann,V.Cobas,J.Lanz,J.Lanz,HD,2,20,HD21,"V,2,20,V21","23,10,178","PASS:1,C,82,V27 OB: TACK:20","S. Ceesay pass complete to T. Nill for 6 yards to the HD27, out-of-bounds (L. Masero).","V,3,14,V27",P,NA,Y,NA,NA,NA,NA,NA,23,V,HD,"KO,4,03:16,22","PUNT,4,01:55,18",7,-4,1:21,KO,4,03:16,HD22,PUNT,4,01:55,HD18,NA
BDHD2103,HD,BD,Hamburg Sea Devils,Barcelona Dragons,7/3/2021,Reus,Estadio municipal,19:00,,Y,Y,,0,26 C,no wind,mostly sunny,R.Miras,D.Clemence,J.Fernandez,M.Exposito,A.Gurbiersch,C.Beckmann,V.Cobas,J.Lanz,J.Lanz,HD,3,14,HD27,"V,3,14,V27","23,11,179","RUSH:1,V31, TACK:23,45 PEN:V,HO,A,70,V18,N NOPLAY:","S. Ceesay rush for 4 yards to the HD31 (J. Brugnani;A. Posito), PENALTY HD holding (H. Knuth) 9 yards to the HD18, NO PLAY.","V,3,23,V18",E,NA,NA,NA,NA,NA,NA,NA,23,V,HD,"KO,4,03:16,22","PUNT,4,01:55,18",7,-4,1:21,KO,4,03:16,HD22,PUNT,4,01:55,HD18,NA
BDHD2103,HD,BD,Hamburg Sea Devils,Barcelona Dragons,7/3/2021,Reus,Estadio municipal,19:00,,Y,Y,,0,26 C,no wind,mostly sunny,R.Miras,D.Clemence,J.Fernandez,M.Exposito,A.Gurbiersch,C.Beckmann,V.Cobas,J.Lanz,J.Lanz,HD,3,23,HD18,"V,3,23,V18","23,12,180","RUSH:26,V18, TACK:7",S. Homadi rush for no gain to the HD18 (M. Tavarres).,"V,4,23,V18",R,NA,NA,NA,NA,NA,NA,NA,23,V,HD,"KO,4,03:16,22","PUNT,4,01:55,18",7,-4,1:21,KO,4,03:16,HD22,PUNT,4,01:55,HD18,NA
BDHD2103,HD,BD,Hamburg Sea Devils,Barcelona Dragons,7/3/2021,Reus,Estadio municipal,19:00,,Y,Y,,0,26 C,no wind,mostly sunny,R.Miras,D.Clemence,J.Fernandez,M.Exposito,A.Gurbiersch,C.Beckmann,V.Cobas,J.Lanz,J.Lanz,HD,4,23,HD18,"V,4,23,V18","23,13,181","PUNT:4,V00 RET:25,V00 T:01:55","P. Andersen punt -18 yards to the HD0, N. Lester return 0 yards to the HD0, TOUCHDOWN, clock 01:55.","H,1,0,V03",U,NA,NA,Y,32,14,01:55,NA,23,V,HD,"KO,4,03:16,22","PUNT,4,01:55,18",7,-4,1:21,KO,4,03:16,HD22,PUNT,4,01:55,HD18,NA
BDHD2103,HD,BD,Hamburg Sea Devils,Barcelona Dragons,7/3/2021,Reus,Estadio municipal,19:00,,Y,Y,,0,26 C,no wind,mostly sunny,R.Miras,D.Clemence,J.Fernandez,M.Exposito,A.Gurbiersch,C.Beckmann,V.Cobas,J.Lanz,J.Lanz,BD,1,0,HD03,"H,1,0,V03","24,1,182","PAT:P,4,M",R. Bertellin pass attempt failed.,"H,1,0,H35",X,NA,NA,NA,NA,NA,NA,NA,24,H,BD,"PUNT,4,01:55,100","TD,4,01:55,100",0,0,0:00,PUNT,4,01:55,HD00,TD,4,01:55,HD00,NA
BDHD2103,HD,BD,Hamburg Sea Devils,Barcelona Dragons,7/3/2021,Reus,Estadio municipal,19:00,,Y,Y,,0,26 C,no wind,mostly sunny,R.Miras,D.Clemence,J.Fernandez,M.Exposito,A.Gurbiersch,C.Beckmann,V.Cobas,J.Lanz,J.Lanz,BD,1,0,BD35,"H,1,0,H35","24,2,183","KO:85,H44 RET:26,H44 OB:","J. Llinas kickoff 9 yards to the BD44, S. Homadi return 0 yards to the BD44, out-of-bounds.","V,1,10,H44",K,NA,Y,NA,NA,NA,NA,NA,24,H,BD,"PUNT,4,01:55,100","TD,4,01:55,100",0,0,0:00,PUNT,4,01:55,HD00,TD,4,01:55,HD00,NA
BDHD2103,HD,BD,Hamburg Sea Devils,Barcelona Dragons,7/3/2021,Reus,Estadio municipal,19:00,,Y,Y,,0,26 C,no wind,mostly sunny,R.Miras,D.Clemence,J.Fernandez,M.Exposito,A.Gurbiersch,C.Beckmann,V.Cobas,J.Lanz,J.Lanz,HD,1,10,BD44,"V,1,10,H44","25,1,184",{DRIVE}:01:45,HAMBURG SEA DEVILS drive start at 01:45.,"V,1,10,H44",NA,NA,NA,NA,NA,NA,01:45,NA,25,V,HD,"KO,4,01:45,56",",4,01:30,73",6,17,0:15,KO,4,01:45,BD44,,4,01:30,BD27,NA
BDHD2103,HD,BD,Hamburg Sea Devils,Barcelona Dragons,7/3/2021,Reus,Estadio municipal,19:00,,Y,Y,,0,26 C,no wind,mostly sunny,R.Miras,D.Clemence,J.Fernandez,M.Exposito,A.Gurbiersch,C.Beckmann,V.Cobas,J.Lanz,J.Lanz,HD,1,10,BD44,"V,1,10,H44","25,2,185","RUSH:26,H41, TACK:25",S. Homadi rush for 3 yards to the BD41 (N. Lester).,"V,2,7,H41",R,NA,NA,NA,NA,NA,NA,NA,25,V,HD,"KO,4,01:45,56",",4,01:30,73",6,17,0:15,KO,4,01:45,BD44,,4,01:30,BD27,NA
BDHD2103,HD,BD,Hamburg Sea Devils,Barcelona Dragons,7/3/2021,Reus,Estadio municipal,19:00,,Y,Y,,0,26 C,no wind,mostly sunny,R.Miras,D.Clemence,J.Fernandez,M.Exposito,A.Gurbiersch,C.Beckmann,V.Cobas,J.Lanz,J.Lanz,HD,2,7,BD41,"V,2,7,H41","25,3,186",TOUT:H T:01:44,"Timeout Barcelona Dragons, clock 01:44.","V,2,7,H41",#,NA,NA,NA,NA,NA,01:44,NA,25,V,HD,"KO,4,01:45,56",",4,01:30,73",6,17,0:15,KO,4,01:45,BD44,,4,01:30,BD27,NA
BDHD2103,HD,BD,Hamburg Sea Devils,Barcelona Dragons,7/3/2021,Reus,Estadio municipal,19:00,,Y,Y,,0,26 C,no wind,mostly sunny,R.Miras,D.Clemence,J.Fernandez,M.Exposito,A.Gurbiersch,C.Beckmann,V.Cobas,J.Lanz,J.Lanz,HD,2,7,BD41,"V,2,7,H41","25,4,187","RUSH:26,H33, TACK:23","S. Homadi rush for 8 yards to the BD33, 1ST DOWN HD (J. Brugnani).","V,1,10,H33",R,R,NA,NA,NA,NA,NA,NA,25,V,HD,"KO,4,01:45,56",",4,01:30,73",6,17,0:15,KO,4,01:45,BD44,,4,01:30,BD27,NA
BDHD2103,HD,BD,Hamburg Sea Devils,Barcelona Dragons,7/3/2021,Reus,Estadio municipal,19:00,,Y,Y,,0,26 C,no wind,mostly sunny,R.Miras,D.Clemence,J.Fernandez,M.Exposito,A.Gurbiersch,C.Beckmann,V.Cobas,J.Lanz,J.Lanz,HD,1,10,BD33,"V,1,10,H33","25,5,188","RUSH:26,H27, TACK:25",S. Homadi rush for 6 yards to the BD27 (N. Lester).,"V,2,4,H27",R,NA,NA,NA,NA,NA,NA,NA,25,V,HD,"KO,4,01:45,56",",4,01:30,73",6,17,0:15,KO,4,01:45,BD44,,4,01:30,BD27,NA
BDHD2103,HD,BD,Hamburg Sea Devils,Barcelona Dragons,7/3/2021,Reus,Estadio municipal,19:00,,Y,Y,,0,26 C,no wind,mostly sunny,R.Miras,D.Clemence,J.Fernandez,M.Exposito,A.Gurbiersch,C.Beckmann,V.Cobas,J.Lanz,J.Lanz,HD,2,4,BD27,"V,2,4,H27","25,6,189",TOUT:H T:01:30,"Timeout Barcelona Dragons, clock 01:30.","V,2,4,H27",#,NA,NA,NA,NA,NA,01:30,NA,25,V,HD,"KO,4,01:45,56",",4,01:30,73",6,17,0:15,KO,4,01:45,BD44,,4,01:30,BD27,NA
BDHD2103,HD,BD,Hamburg Sea Devils,Barcelona Dragons,7/3/2021,Reus,Estadio municipal,19:00,,Y,Y,,0,26 C,no wind,mostly sunny,R.Miras,D.Clemence,J.Fernandez,M.Exposito,A.Gurbiersch,C.Beckmann,V.Cobas,J.Lanz,J.Lanz,HD,2,4,BD27,"V,2,4,H27","25,7,190","RUSH:26,H24, TACK:49",S. Homadi rush for 3 yards to the BD24 (S. Castaner).,"V,3,1,H24",R,NA,NA,NA,NA,NA,NA,NA,25,V,HD,"KO,4,01:45,56",",4,01:30,73",6,17,0:15,KO,4,01:45,BD44,,4,01:30,BD27,NA
BDHD2103,HD,BD,Hamburg Sea Devils,Barcelona Dragons,7/3/2021,Reus,Estadio municipal,19:00,,Y,Y,,0,26 C,no wind,mostly sunny,R.Miras,D.Clemence,J.Fernandez,M.Exposito,A.Gurbiersch,C.Beckmann,V.Cobas,J.Lanz,J.Lanz,HD,3,1,BD24,"V,3,1,H24","25,8,191","RUSH:26,H20, TACK:45","S. Homadi rush for 4 yards to the BD20, 1ST DOWN HD (A. Posito).","V,1,10,H20",R,R,NA,NA,NA,NA,NA,NA,25,V,HD,"KO,4,01:45,56",",4,01:30,73",6,17,0:15,KO,4,01:45,BD44,,4,01:30,BD27,NA
BDHD2103,HD,BD,Hamburg Sea Devils,Barcelona Dragons,7/3/2021,Reus,Estadio municipal,19:00,,Y,Y,,0,26 C,no wind,mostly sunny,R.Miras,D.Clemence,J.Fernandez,M.Exposito,A.Gurbiersch,C.Beckmann,V.Cobas,J.Lanz,J.Lanz,HD,1,10,BD20,"V,1,10,H20","25,9,192","PEN:V,HO,A,77,H30,N",PENALTY HD holding (R. Fensch) 10 yards to the BD30.,"V,1,20,H30",E,NA,NA,NA,NA,NA,NA,NA,25,V,HD,"KO,4,01:45,56",",4,01:30,73",6,17,0:15,KO,4,01:45,BD44,,4,01:30,BD27,NA
BDHD2103,HD,BD,Hamburg Sea Devils,Barcelona Dragons,7/3/2021,Reus,Estadio municipal,19:00,,Y,Y,,0,26 C,no wind,mostly sunny,R.Miras,D.Clemence,J.Fernandez,M.Exposito,A.Gurbiersch,C.Beckmann,V.Cobas,J.Lanz,J.Lanz,HD,1,20,BD30,"V,1,20,H30","25,10,193","RUSH:26,H27, TACK:7",S. Homadi rush for 3 yards to the BD27 (M. Tavarres).,"V,2,17,H27",R,NA,NA,NA,NA,NA,NA,NA,25,V,HD,"KO,4,01:45,56",",4,01:30,73",6,17,0:15,KO,4,01:45,BD44,,4,01:30,BD27,NA
