gameid,visid,homeid,visname,homename,date,location,stadium,start,end,leaguegame,nitegame,duration,attend,temp,wind,weather,ref,ump,line,lj,bj,fj,sj,hasball,down,togo,spot,context,playid,tokens,desc,newcontext,type,ob,clock,first,turnover,score,vscore,hscore,drive_number,drive_vh,drive_team,drive_start,drive_end,drive_plays,drive_yards,drive_top,drive_start_how,drive_start_qtr,drive_start_time,drive_start_spot,drive_end_how,drive_end_qtr,drive_end_time,drive_end_spot,drive_rz
BDSS2101,SS,BD,Stuttgart Surge,Barcelona Dragons,6/19/2021,Barcelona,Camp Municipal Reus,19:00,21:45,Y,Y,2:45,1100,24,,cloudy,Z. Hamiko,R. Miras,J. Fernandez F.,H. Horak,J. Scott,A. Flaisch-J.,V. Cobas Otero,SS,1,10,SS35,"V,1,10,V35","0,1,0","CMT:SS wins coin toss and elects to defend N goal, BD to receive","SS wins coin toss and elects to defend N goal, BD to receive","V,1,10,V35",NA,NA,NA,NA,NA,NA,NA,NA,0,NA,NA,NA,NA,NA,NA,NA,NA,NA,NA,NA,NA,NA,NA,NA,NA
BDSS2101,SS,BD,Stuttgart Surge,Barcelona Dragons,6/19/2021,Barcelona,Camp Municipal Reus,19:00,21:45,Y,Y,2:45,1100,24,,cloudy,Z. Hamiko,R. Miras,J. Fernandez F.,H. Horak,J. Scott,A. Flaisch-J.,V. Cobas Otero,SS,1,10,SS35,"V,1,10,V35","0,2,1","SPOT:V,V35,N",SS ball on SS35.,"V,1,10,V35",NA,NA,NA,NA,NA,NA,NA,NA,0,NA,NA,NA,NA,NA,NA,NA,NA,NA,NA,NA,NA,NA,NA,NA,NA
BDSS2101,SS,BD,Stuttgart Surge,Barcelona Dragons,6/19/2021,Barcelona,Camp Municipal Reus,19:00,21:45,Y,Y,2:45,1100,24,,cloudy,Z. Hamiko,R. Miras,J. Fernandez F.,H. Horak,J. Scott,A. Flaisch-J.,V. Cobas Otero,SS,1,10,SS35,"V,1,10,V35","0,3,2","KO:3,H04 RET:5,H10 OB:","T. Bronn kickoff 61 yards to the BD4, J. Constant return 6 yards to the BD10, out-of-bounds.","H,1,10,H10",K,Y,NA,NA,NA,NA,NA,NA,0,NA,NA,NA,NA,NA,NA,NA,NA,NA,NA,NA,NA,NA,NA,NA,NA
BDSS2101,SS,BD,Stuttgart Surge,Barcelona Dragons,6/19/2021,Barcelona,Camp Municipal Reus,19:00,21:45,Y,Y,2:45,1100,24,,cloudy,Z. Hamiko,R. Miras,J. Fernandez F.,H. Horak,J. Scott,A. Flaisch-J.,V. Cobas Otero,BD,1,10,BD10,"H,1,10,H10","1,1,3","PASS:1,I,4,*",Z. Edwards pass incomplete to R. Bertellin.,"H,2,10,H10",P,NA,NA,NA,NA,NA,NA,NA,1,H,BD,"KO,1,15:00,10","PUNT,1,12:23,18",3,8,2:37,KO,1,15:00,BD10,PUNT,1,12:23,BD18,NA
BDSS2101,SS,BD,Stuttgart Surge,Barcelona Dragons,6/19/2021,Barcelona,Camp Municipal Reus,19:00,21:45,Y,Y,2:45,1100,24,,cloudy,Z. Hamiko,R. Miras,J. Fernandez F.,H. Horak,J. Scott,A. Flaisch-J.,V. Cobas Otero,BD,2,10,BD10,"H,2,10,H10","1,2,4","RUSH:21,H15, TACK:45",A. Monton rush for 5 yards to the BD15 (N. Hamulic).,"H,3,5,H15",R,NA,NA,NA,NA,NA,NA,NA,1,H,BD,"KO,1,15:00,10","PUNT,1,12:23,18",3,8,2:37,KO,1,15:00,BD10,PUNT,1,12:23,BD18,NA
BDSS2101,SS,BD,Stuttgart Surge,Barcelona Dragons,6/19/2021,Barcelona,Camp Municipal Reus,19:00,21:45,Y,Y,2:45,1100,24,,cloudy,Z. Hamiko,R. Miras,J. Fernandez F.,H. Horak,J. Scott,A. Flaisch-J.,V. Cobas Otero,BD,3,5,BD15,"H,3,5,H15","1,3,5","RUSH:21,H18, TACK:45,5",A. Monton rush for 3 yards to the BD18 (N. Hamulic;D. Meza).,"H,4,2,H18",R,NA,NA,NA,NA,NA,NA,NA,1,H,BD,"KO,1,15:00,10","PUNT,1,12:23,18",3,8,2:37,KO,1,15:00,BD10,PUNT,1,12:23,BD18,NA
BDSS2101,SS,BD,Stuttgart Surge,Barcelona Dragons,6/19/2021,Barcelona,Camp Municipal Reus,19:00,21:45,Y,Y,2:45,1100,24,,cloudy,Z. Hamiko,R. Miras,J. Fernandez F.,H. Horak,J. Scott,A. Flaisch-J.,V. Cobas Otero,BD,4,2,BD18,"H,4,2,H18","1,4,6","PUNT:18,V44 PEN:V,PF,A,30,V29,N D:1,10 SPOT:V,V29,Y","C. Manser punt 38 yards to the SS44, PENALTY SS personal foul (T. Becker) 15 yards to the SS29, 1st and 10, SS ball on SS29.","V,1,10,V29",U,NA,NA,NA,NA,NA,NA,NA,1,H,BD,"KO,1,15:00,10","PUNT,1,12:23,18",3,8,2:37,KO,1,15:00,BD10,PUNT,1,12:23,BD18,NA
BDSS2101,SS,BD,Stuttgart Surge,Barcelona Dragons,6/19/2021,Barcelona,Camp Municipal Reus,19:00,21:45,Y,Y,2:45,1100,24,,cloudy,Z. Hamiko,R. Miras,J. Fernandez F.,H. Horak,J. Scott,A. Flaisch-J.,V. Cobas Otero,SS,1,10,SS29,"V,1,10,V29","2,1,7",{DRIVE}:12:23,STUTTGART SURGE drive start at 12:23.,"V,1,10,V29",NA,NA,12:23,NA,NA,NA,NA,NA,2,V,SS,"PUNT,1,12:23,29","INT,1,10:03,43",4,14,2:20,PUNT,1,12:23,SS29,INT,1,10:03,SS43,NA
BDSS2101,SS,BD,Stuttgart Surge,Barcelona Dragons,6/19/2021,Barcelona,Camp Municipal Reus,19:00,21:45,Y,Y,2:45,1100,24,,cloudy,Z. Hamiko,R. Miras,J. Fernandez F.,H. Horak,J. Scott,A. Flaisch-J.,V. Cobas Otero,SS,1,10,SS29,"V,1,10,V29","2,2,8","PASS:6,C,37,V40 TACK:8","J. Wright pass complete to K. Bannasch for 11 yards to the SS40, 1ST DOWN SS (T. Costa).","V,1,10,V40",P,NA,NA,P,NA,NA,NA,NA,2,V,SS,"PUNT,1,12:23,29","INT,1,10:03,43",4,14,2:20,PUNT,1,12:23,SS29,INT,1,10:03,SS43,NA
BDSS2101,SS,BD,Stuttgart Surge,Barcelona Dragons,6/19/2021,Barcelona,Camp Municipal Reus,19:00,21:45,Y,Y,2:45,1100,24,,cloudy,Z. Hamiko,R. Miras,J. Fernandez F.,H. Horak,J. Scott,A. Flaisch-J.,V. Cobas Otero,SS,1,10,SS40,"V,1,10,V40","2,3,9","RUSH:6,V39, TACK:7,93",J. Wright rush for loss of 1 yard to the SS39 (M. Tavarres;A. Pinheiro).,"V,2,11,V39",R,NA,NA,NA,NA,NA,NA,NA,2,V,SS,"PUNT,1,12:23,29","INT,1,10:03,43",4,14,2:20,PUNT,1,12:23,SS29,INT,1,10:03,SS43,NA
BDSS2101,SS,BD,Stuttgart Surge,Barcelona Dragons,6/19/2021,Barcelona,Camp Municipal Reus,19:00,21:45,Y,Y,2:45,1100,24,,cloudy,Z. Hamiko,R. Miras,J. Fernandez F.,H. Horak,J. Scott,A. Flaisch-J.,V. Cobas Otero,SS,2,11,SS39,"V,2,11,V39","2,4,10","RUSH:27,V43, TACK:33",S. Shannon rush for 4 yards to the SS43 (T. Debiez).,"V,3,7,V43",R,NA,NA,NA,NA,NA,NA,NA,2,V,SS,"PUNT,1,12:23,29","INT,1,10:03,43",4,14,2:20,PUNT,1,12:23,SS29,INT,1,10:03,SS43,NA
BDSS2101,SS,BD,Stuttgart Surge,Barcelona Dragons,6/19/2021,Barcelona,Camp Municipal Reus,19:00,21:45,Y,Y,2:45,1100,24,,cloudy,Z. Hamiko,R. Miras,J. Fernandez F.,H. Horak,J. Scott,A. Flaisch-J.,V. Cobas Otero,SS,3,7,SS43,"V,3,7,V43","2,5,11","PASS:6,X,23,H25 RET:23,H25","J. Wright pass intercepted by J. Brugnani at the BD25, J. Brugnani return 0 yards to the BD25.","H,1,10,H25",P,NA,NA,NA,I,NA,NA,NA,2,V,SS,"PUNT,1,12:23,29","INT,1,10:03,43",4,14,2:20,PUNT,1,12:23,SS29,INT,1,10:03,SS43,NA
BDSS2101,SS,BD,Stuttgart Surge,Barcelona Dragons,6/19/2021,Barcelona,Camp Municipal Reus,19:00,21:45,Y,Y,2:45,1100,24,,cloudy,Z. Hamiko,R. Miras,J. Fernandez F.,H. Horak,J. Scott,A. Flaisch-J.,V. Cobas Otero,BD,1,10,BD25,"H,1,10,H25","3,1,12",{DRIVE}:10:03,BARCELONA DRAGONS drive start at 10:03.,"H,1,10,H25",NA,NA,10:03,NA,NA,NA,NA,NA,3,H,BD,"INT,1,10:03,25","DOWNS,1,05:44,66",6,41,4:19,INT,1,10:03,BD25,DOWNS,1,05:44,SS34,NA
BDSS2101,SS,BD,Stuttgart Surge,Barcelona Dragons,6/19/2021,Barcelona,Camp Municipal Reus,19:00,21:45,Y,Y,2:45,1100,24,,cloudy,Z. Hamiko,R. Miras,J. Fernandez F.,H. Horak,J. Scott,A. Flaisch-J.,V. Cobas Otero,BD,1,10,BD25,"H,1,10,H25","3,2,13","PASS:1,C,5,H45 OB:","Z. Edwards pass complete to J. Constant for 20 yards to the BD45, 1ST DOWN BD, out-of-bounds.","H,1,10,H45",P,Y,NA,P,NA,NA,NA,NA,3,H,BD,"INT,1,10:03,25","DOWNS,1,05:44,66",6,41,4:19,INT,1,10:03,BD25,DOWNS,1,05:44,SS34,NA
BDSS2101,SS,BD,Stuttgart Surge,Barcelona Dragons,6/19/2021,Barcelona,Camp Municipal Reus,19:00,21:45,Y,Y,2:45,1100,24,,cloudy,Z. Hamiko,R. Miras,J. Fernandez F.,H. Horak,J. Scott,A. Flaisch-J.,V. Cobas Otero,BD,1,10,BD45,"H,1,10,H45","3,3,14","PASS:1,C,4,V41 TACK:23","Z. Edwards pass complete to R. Bertellin for 14 yards to the SS41, 1ST DOWN BD (M. Dabo).","H,1,10,V41",P,NA,NA,P,NA,NA,NA,NA,3,H,BD,"INT,1,10:03,25","DOWNS,1,05:44,66",6,41,4:19,INT,1,10:03,BD25,DOWNS,1,05:44,SS34,NA
BDSS2101,SS,BD,Stuttgart Surge,Barcelona Dragons,6/19/2021,Barcelona,Camp Municipal Reus,19:00,21:45,Y,Y,2:45,1100,24,,cloudy,Z. Hamiko,R. Miras,J. Fernandez F.,H. Horak,J. Scott,A. Flaisch-J.,V. Cobas Otero,BD,1,10,SS41,"H,1,10,V41","3,4,15","PEN:H,DG,A,1,V46,N",PENALTY BD delay of game (Z. Edwards) 5 yards to the SS46.,"H,1,15,V46",E,NA,NA,NA,NA,NA,NA,NA,3,H,BD,"INT,1,10:03,25","DOWNS,1,05:44,66",6,41,4:19,INT,1,10:03,BD25,DOWNS,1,05:44,SS34,NA
BDSS2101,SS,BD,Stuttgart Surge,Barcelona Dragons,6/19/2021,Barcelona,Camp Municipal Reus,19:00,21:45,Y,Y,2:45,1100,24,,cloudy,Z. Hamiko,R. Miras,J. Fernandez F.,H. Horak,J. Scott,A. Flaisch-J.,V. Cobas Otero,BD,1,15,SS46,"H,1,15,V46","3,5,16","PASS:1,C,5,V34 TACK:45",Z. Edwards pass complete to J. Constant for 12 yards to the SS34 (N. Hamulic).,"H,2,3,V34",P,NA,NA,NA,NA,NA,NA,NA,3,H,BD,"INT,1,10:03,25","DOWNS,1,05:44,66",6,41,4:19,INT,1,10:03,BD25,DOWNS,1,05:44,SS34,NA
BDSS2101,SS,BD,Stuttgart Surge,Barcelona Dragons,6/19/2021,Barcelona,Camp Municipal Reus,19:00,21:45,Y,Y,2:45,1100,24,,cloudy,Z. Hamiko,R. Miras,J. Fernandez F.,H. Horak,J. Scott,A. Flaisch-J.,V. Cobas Otero,BD,2,3,SS34,"H,2,3,V34","3,6,17","RUSH:1,V33, TACK:99",Z. Edwards rush for 1 yard to the SS33 (S. Vardar).,"H,3,2,V33",R,NA,NA,NA,NA,NA,NA,NA,3,H,BD,"INT,1,10:03,25","DOWNS,1,05:44,66",6,41,4:19,INT,1,10:03,BD25,DOWNS,1,05:44,SS34,NA
BDSS2101,SS,BD,Stuttgart Surge,Barcelona Dragons,6/19/2021,Barcelona,Camp Municipal Reus,19:00,21:45,Y,Y,2:45,1100,24,,cloudy,Z. Hamiko,R. Miras,J. Fernandez F.,H. Horak,J. Scott,A. Flaisch-J.,V. Cobas Otero,BD,3,2,SS33,"H,3,2,V33","3,7,18","RUSH:17,V32, TACK:44",A. Herrero rush for 1 yard to the SS32 (J. Mbala).,"H,4,1,V32",R,NA,NA,NA,NA,NA,NA,NA,3,H,BD,"INT,1,10:03,25","DOWNS,1,05:44,66",6,41,4:19,INT,1,10:03,BD25,DOWNS,1,05:44,SS34,NA
BDSS2101,SS,BD,Stuttgart Surge,Barcelona Dragons,6/19/2021,Barcelona,Camp Municipal Reus,19:00,21:45,Y,Y,2:45,1100,24,,cloudy,Z. Hamiko,R. Miras,J. Fernandez F.,H. Horak,J. Scott,A. Flaisch-J.,V. Cobas Otero,BD,4,1,SS32,"H,4,1,V32","3,8,19","RUSH:3,V34, TACK:97,99",A. Jimenez rush for loss of 2 yards to the SS34 (P. Ungericht;S. Vardar).,"V,1,10,V34",R,NA,NA,NA,NA,NA,NA,NA,3,H,BD,"INT,1,10:03,25","DOWNS,1,05:44,66",6,41,4:19,INT,1,10:03,BD25,DOWNS,1,05:44,SS34,NA
BDSS2101,SS,BD,Stuttgart Surge,Barcelona Dragons,6/19/2021,Barcelona,Camp Municipal Reus,19:00,21:45,Y,Y,2:45,1100,24,,cloudy,Z. Hamiko,R. Miras,J. Fernandez F.,H. Horak,J. Scott,A. Flaisch-J.,V. Cobas Otero,SS,1,10,SS34,"V,1,10,V34","4,1,20",{DRIVE}:05:44,STUTTGART SURGE drive start at 05:44.,"V,1,10,V34",NA,NA,05:44,NA,NA,NA,NA,NA,4,V,SS,"DOWNS,1,05:44,34","PUNT,1,02:03,54",5,20,3:41,DOWNS,1,05:44,SS34,PUNT,1,02:03,BD46,NA
BDSS2101,SS,BD,Stuttgart Surge,Barcelona Dragons,6/19/2021,Barcelona,Camp Municipal Reus,19:00,21:45,Y,Y,2:45,1100,24,,cloudy,Z. Hamiko,R. Miras,J. Fernandez F.,H. Horak,J. Scott,A. Flaisch-J.,V. Cobas Otero,SS,1,10,SS34,"V,1,10,V34","4,2,21","RUSH:27,V41, TACK:7",S. Shannon rush for 7 yards to the SS41 (M. Tavarres).,"V,2,3,V41",R,NA,NA,NA,NA,NA,NA,NA,4,V,SS,"DOWNS,1,05:44,34","PUNT,1,02:03,54",5,20,3:41,DOWNS,1,05:44,SS34,PUNT,1,02:03,BD46,NA
BDSS2101,SS,BD,Stuttgart Surge,Barcelona Dragons,6/19/2021,Barcelona,Camp Municipal Reus,19:00,21:45,Y,Y,2:45,1100,24,,cloudy,Z. Hamiko,R. Miras,J. Fernandez F.,H. Horak,J. Scott,A. Flaisch-J.,V. Cobas Otero,SS,2,3,SS41,"V,2,3,V41","4,3,22","RUSH:27,V46, TACK:11","S. Shannon rush for 5 yards to the SS46, 1ST DOWN SS (B. Brooks).","V,1,10,V46",R,NA,NA,R,NA,NA,NA,NA,4,V,SS,"DOWNS,1,05:44,34","PUNT,1,02:03,54",5,20,3:41,DOWNS,1,05:44,SS34,PUNT,1,02:03,BD46,NA
BDSS2101,SS,BD,Stuttgart Surge,Barcelona Dragons,6/19/2021,Barcelona,Camp Municipal Reus,19:00,21:45,Y,Y,2:45,1100,24,,cloudy,Z. Hamiko,R. Miras,J. Fernandez F.,H. Horak,J. Scott,A. Flaisch-J.,V. Cobas Otero,SS,1,10,SS46,"V,1,10,V46","4,4,23","PASS:6,C,17,H45 TACK:23",J. Wright pass complete to P. Floeser for 9 yards to the BD45 (J. Brugnani).,"V,2,1,H45",P,NA,NA,NA,NA,NA,NA,NA,4,V,SS,"DOWNS,1,05:44,34","PUNT,1,02:03,54",5,20,3:41,DOWNS,1,05:44,SS34,PUNT,1,02:03,BD46,NA
BDSS2101,SS,BD,Stuttgart Surge,Barcelona Dragons,6/19/2021,Barcelona,Camp Municipal Reus,19:00,21:45,Y,Y,2:45,1100,24,,cloudy,Z. Hamiko,R. Miras,J. Fernandez F.,H. Horak,J. Scott,A. Flaisch-J.,V. Cobas Otero,SS,2,1,BD45,"V,2,1,H45","4,5,24","RUSH:27,H45, TACK:25,93",S. Shannon rush for no gain to the BD45 (N. Lester;A. Pinheiro).,"V,3,1,H45",R,NA,NA,NA,NA,NA,NA,NA,4,V,SS,"DOWNS,1,05:44,34","PUNT,1,02:03,54",5,20,3:41,DOWNS,1,05:44,SS34,PUNT,1,02:03,BD46,NA
BDSS2101,SS,BD,Stuttgart Surge,Barcelona Dragons,6/19/2021,Barcelona,Camp Municipal Reus,19:00,21:45,Y,Y,2:45,1100,24,,cloudy,Z. Hamiko,R. Miras,J. Fernandez F.,H. Horak,J. Scott,A. Flaisch-J.,V. Cobas Otero,SS,3,1,BD45,"V,3,1,H45","4,6,25","RUSH:6,H46, TACK:25,99",J. Wright rush for loss of 1 yard to the BD46 (N. Lester;Y. Rivero).,"V,4,2,H46",R,NA,NA,NA,NA,NA,NA,NA,4,V,SS,"DOWNS,1,05:44,34","PUNT,1,02:03,54",5,20,3:41,DOWNS,1,05:44,SS34,PUNT,1,02:03,BD46,NA
BDSS2101,SS,BD,Stuttgart Surge,Barcelona Dragons,6/19/2021,Barcelona,Camp Municipal Reus,19:00,21:45,Y,Y,2:45,1100,24,,cloudy,Z. Hamiko,R. Miras,J. Fernandez F.,H. Horak,J. Scott,A. Flaisch-J.,V. Cobas Otero,SS,4,2,BD46,"V,4,2,H46","4,7,26","PUNT:3,H19 DEAD: PEN:H,UC,O PEN:H,UC,O","T. Bronn punt 27 yards to the BD19, deadball foul, PENALTY BD unsportsmanlike conduct off-setting, PENALTY BD unsportsmanlike conduct off-setting.","H,1,10,H19",U,NA,NA,NA,NA,NA,NA,NA,4,V,SS,"DOWNS,1,05:44,34","PUNT,1,02:03,54",5,20,3:41,DOWNS,1,05:44,SS34,PUNT,1,02:03,BD46,NA
BDSS2101,SS,BD,Stuttgart Surge,Barcelona Dragons,6/19/2021,Barcelona,Camp Municipal Reus,19:00,21:45,Y,Y,2:45,1100,24,,cloudy,Z. Hamiko,R. Miras,J. Fernandez F.,H. Horak,J. Scott,A. Flaisch-J.,V. Cobas Otero,BD,1,10,BD19,"H,1,10,H19","5,1,27",{DRIVE}:02:03,BARCELONA DRAGONS drive start at 02:03.,"H,1,10,H19",NA,NA,02:03,NA,NA,NA,NA,NA,5,H,BD,"PUNT,1,02:03,19","PUNT,2,14:49,17",3,-2,2:14,PUNT,1,02:03,BD19,PUNT,2,14:49,BD17,NA
BDSS2101,SS,BD,Stuttgart Surge,Barcelona Dragons,6/19/2021,Barcelona,Camp Municipal Reus,19:00,21:45,Y,Y,2:45,1100,24,,cloudy,Z. Hamiko,R. Miras,J. Fernandez F.,H. Horak,J. Scott,A. Flaisch-J.,V. Cobas Otero,BD,1,10,BD19,"H,1,10,H19","5,2,28","PASS:1,I,86,* BRUP:31",Z. Edwards pass incomplete to M. Emos (N. Wenzelburger).,"H,2,10,H19",P,NA,NA,NA,NA,NA,NA,NA,5,H,BD,"PUNT,1,02:03,19","PUNT,2,14:49,17",3,-2,2:14,PUNT,1,02:03,BD19,PUNT,2,14:49,BD17,NA
BDSS2101,SS,BD,Stuttgart Surge,Barcelona Dragons,6/19/2021,Barcelona,Camp Municipal Reus,19:00,21:45,Y,Y,2:45,1100,24,,cloudy,Z. Hamiko,R. Miras,J. Fernandez F.,H. Horak,J. Scott,A. Flaisch-J.,V. Cobas Otero,BD,2,10,BD19,"H,2,10,H19","5,3,29","PEN:H,DG,A,1,H14,N",PENALTY BD delay of game (Z. Edwards) 5 yards to the BD14.,"H,2,15,H14",E,NA,NA,NA,NA,NA,NA,NA,5,H,BD,"PUNT,1,02:03,19","PUNT,2,14:49,17",3,-2,2:14,PUNT,1,02:03,BD19,PUNT,2,14:49,BD17,NA
BDSS2101,SS,BD,Stuttgart Surge,Barcelona Dragons,6/19/2021,Barcelona,Camp Municipal Reus,19:00,21:45,Y,Y,2:45,1100,24,,cloudy,Z. Hamiko,R. Miras,J. Fernandez F.,H. Horak,J. Scott,A. Flaisch-J.,V. Cobas Otero,BD,2,15,BD14,"H,2,15,H14","5,4,30","RUSH:1,H25, TACK:33 PEN:H,HO,A,68,H09,N NOPLAY:","Z. Edwards rush for 11 yards to the BD25 (B. Wenzler), PENALTY BD holding (N. Moeller-H.) 5 yards to the BD9, NO PLAY.","H,2,20,H09",E,NA,NA,NA,NA,NA,NA,NA,5,H,BD,"PUNT,1,02:03,19","PUNT,2,14:49,17",3,-2,2:14,PUNT,1,02:03,BD19,PUNT,2,14:49,BD17,NA
BDSS2101,SS,BD,Stuttgart Surge,Barcelona Dragons,6/19/2021,Barcelona,Camp Municipal Reus,19:00,21:45,Y,Y,2:45,1100,24,,cloudy,Z. Hamiko,R. Miras,J. Fernandez F.,H. Horak,J. Scott,A. Flaisch-J.,V. Cobas Otero,BD,2,20,BD09,"H,2,20,H09","5,5,31","PASS:1,I,4,* BRUP:23",Z. Edwards pass incomplete to R. Bertellin (M. Dabo).,"H,3,20,H09",P,NA,NA,NA,NA,NA,NA,NA,5,H,BD,"PUNT,1,02:03,19","PUNT,2,14:49,17",3,-2,2:14,PUNT,1,02:03,BD19,PUNT,2,14:49,BD17,NA
BDSS2101,SS,BD,Stuttgart Surge,Barcelona Dragons,6/19/2021,Barcelona,Camp Municipal Reus,19:00,21:45,Y,Y,2:45,1100,24,,cloudy,Z. Hamiko,R. Miras,J. Fernandez F.,H. Horak,J. Scott,A. Flaisch-J.,V. Cobas Otero,BD,3,20,BD09,"H,3,20,H09","5,6,32","PASS:1,C,24,H17 TACK:31,93",Z. Edwards pass complete to J. Castanon for 8 yards to the BD17 (N. Wenzelburger;F. Beitenbach).,"H,4,12,H17",P,NA,NA,NA,NA,NA,NA,NA,5,H,BD,"PUNT,1,02:03,19","PUNT,2,14:49,17",3,-2,2:14,PUNT,1,02:03,BD19,PUNT,2,14:49,BD17,NA
BDSS2101,SS,BD,Stuttgart Surge,Barcelona Dragons,6/19/2021,Barcelona,Camp Municipal Reus,19:00,21:45,Y,Y,2:45,1100,24,,cloudy,Z. Hamiko,R. Miras,J. Fernandez F.,H. Horak,J. Scott,A. Flaisch-J.,V. Cobas Otero,BD,4,12,BD17,"H,4,12,H17","5,7,33",Q:2 T:15:00,"Start of 2nd quarter, clock 15:00.","H,4,12,H17",#,NA,15:00,NA,NA,NA,NA,NA,5,H,BD,"PUNT,1,02:03,19","PUNT,2,14:49,17",3,-2,2:14,PUNT,1,02:03,BD19,PUNT,2,14:49,BD17,NA
BDSS2101,SS,BD,Stuttgart Surge,Barcelona Dragons,6/19/2021,Barcelona,Camp Municipal Reus,19:00,21:45,Y,Y,2:45,1100,24,,cloudy,Z. Hamiko,R. Miras,J. Fernandez F.,H. Horak,J. Scott,A. Flaisch-J.,V. Cobas Otero,BD,4,12,BD17,"H,4,12,H17","5,8,34","PUNT:18,V40",C. Manser punt 43 yards to the SS40.,"V,1,10,V40",U,NA,NA,NA,NA,NA,NA,NA,5,H,BD,"PUNT,1,02:03,19","PUNT,2,14:49,17",3,-2,2:14,PUNT,1,02:03,BD19,PUNT,2,14:49,BD17,NA
BDSS2101,SS,BD,Stuttgart Surge,Barcelona Dragons,6/19/2021,Barcelona,Camp Municipal Reus,19:00,21:45,Y,Y,2:45,1100,24,,cloudy,Z. Hamiko,R. Miras,J. Fernandez F.,H. Horak,J. Scott,A. Flaisch-J.,V. Cobas Otero,SS,1,10,SS40,"V,1,10,V40","6,1,35",{DRIVE}:14:49,STUTTGART SURGE drive start at 14:49.,"V,1,10,V40",NA,NA,14:49,NA,NA,NA,NA,NA,6,V,SS,"PUNT,2,14:49,40","PUNT,2,12:05,45",3,5,2:44,PUNT,2,14:49,SS40,PUNT,2,12:05,SS45,NA
BDSS2101,SS,BD,Stuttgart Surge,Barcelona Dragons,6/19/2021,Barcelona,Camp Municipal Reus,19:00,21:45,Y,Y,2:45,1100,24,,cloudy,Z. Hamiko,R. Miras,J. Fernandez F.,H. Horak,J. Scott,A. Flaisch-J.,V. Cobas Otero,SS,1,10,SS40,"V,1,10,V40","6,2,36","PASS:6,C,14,V47 TACK:7",J. Wright pass complete to L. Geyer for 7 yards to the SS47 (M. Tavarres).,"V,2,3,V47",P,NA,NA,NA,NA,NA,NA,NA,6,V,SS,"PUNT,2,14:49,40","PUNT,2,12:05,45",3,5,2:44,PUNT,2,14:49,SS40,PUNT,2,12:05,SS45,NA
BDSS2101,SS,BD,Stuttgart Surge,Barcelona Dragons,6/19/2021,Barcelona,Camp Municipal Reus,19:00,21:45,Y,Y,2:45,1100,24,,cloudy,Z. Hamiko,R. Miras,J. Fernandez F.,H. Horak,J. Scott,A. Flaisch-J.,V. Cobas Otero,SS,2,3,SS47,"V,2,3,V47","6,3,37","PASS:6,I,14,*",J. Wright pass incomplete to L. Geyer.,"V,3,3,V47",P,NA,NA,NA,NA,NA,NA,NA,6,V,SS,"PUNT,2,14:49,40","PUNT,2,12:05,45",3,5,2:44,PUNT,2,14:49,SS40,PUNT,2,12:05,SS45,NA
BDSS2101,SS,BD,Stuttgart Surge,Barcelona Dragons,6/19/2021,Barcelona,Camp Municipal Reus,19:00,21:45,Y,Y,2:45,1100,24,,cloudy,Z. Hamiko,R. Miras,J. Fernandez F.,H. Horak,J. Scott,A. Flaisch-J.,V. Cobas Otero,SS,3,3,SS47,"V,3,3,V47","6,4,38","PASS:6,C,14,H00 T:13:12 PEN:V,HO,A,77,V45,N NOPLAY:","J. Wright pass complete to L. Geyer for 53 yards to the BD0, clock 13:12, PENALTY SS holding (M. Kuppinger) 2 yards to the SS45, NO PLAY.","V,3,5,V45",E,NA,13:12,NA,NA,NA,NA,NA,6,V,SS,"PUNT,2,14:49,40","PUNT,2,12:05,45",3,5,2:44,PUNT,2,14:49,SS40,PUNT,2,12:05,SS45,NA
BDSS2101,SS,BD,Stuttgart Surge,Barcelona Dragons,6/19/2021,Barcelona,Camp Municipal Reus,19:00,21:45,Y,Y,2:45,1100,24,,cloudy,Z. Hamiko,R. Miras,J. Fernandez F.,H. Horak,J. Scott,A. Flaisch-J.,V. Cobas Otero,SS,3,5,SS45,"V,3,5,V45","6,5,39","PASS:6,I,4,* BRUP:7",J. Wright pass incomplete to A. Eitel (M. Tavarres).,"V,4,5,V45",P,NA,NA,NA,NA,NA,NA,NA,6,V,SS,"PUNT,2,14:49,40","PUNT,2,12:05,45",3,5,2:44,PUNT,2,14:49,SS40,PUNT,2,12:05,SS45,NA
BDSS2101,SS,BD,Stuttgart Surge,Barcelona Dragons,6/19/2021,Barcelona,Camp Municipal Reus,19:00,21:45,Y,Y,2:45,1100,24,,cloudy,Z. Hamiko,R. Miras,J. Fernandez F.,H. Horak,J. Scott,A. Flaisch-J.,V. Cobas Otero,SS,4,5,SS45,"V,4,5,V45","6,6,40","PUNT:3,H28 OB:","T. Bronn punt 27 yards to the BD28, out-of-bounds.","H,1,10,H28",U,Y,NA,NA,NA,NA,NA,NA,6,V,SS,"PUNT,2,14:49,40","PUNT,2,12:05,45",3,5,2:44,PUNT,2,14:49,SS40,PUNT,2,12:05,SS45,NA
BDSS2101,SS,BD,Stuttgart Surge,Barcelona Dragons,6/19/2021,Barcelona,Camp Municipal Reus,19:00,21:45,Y,Y,2:45,1100,24,,cloudy,Z. Hamiko,R. Miras,J. Fernandez F.,H. Horak,J. Scott,A. Flaisch-J.,V. Cobas Otero,BD,1,10,BD28,"H,1,10,H28","7,1,41",{DRIVE}:12:05,BARCELONA DRAGONS drive start at 12:05.,"H,1,10,H28",NA,NA,12:05,NA,NA,NA,NA,NA,7,H,BD,"PUNT,2,12:05,28","TD,2,10:30,100",3,72,1:35,PUNT,2,12:05,BD28,TD,2,10:30,SS00,NA
BDSS2101,SS,BD,Stuttgart Surge,Barcelona Dragons,6/19/2021,Barcelona,Camp Municipal Reus,19:00,21:45,Y,Y,2:45,1100,24,,cloudy,Z. Hamiko,R. Miras,J. Fernandez F.,H. Horak,J. Scott,A. Flaisch-J.,V. Cobas Otero,BD,1,10,BD28,"H,1,10,H28","7,2,42","RUSH:3,H44, OB:","A. Jimenez rush for 16 yards to the BD44, 1ST DOWN BD, out-of-bounds.","H,1,10,H44",R,Y,NA,R,NA,NA,NA,NA,7,H,BD,"PUNT,2,12:05,28","TD,2,10:30,100",3,72,1:35,PUNT,2,12:05,BD28,TD,2,10:30,SS00,NA
BDSS2101,SS,BD,Stuttgart Surge,Barcelona Dragons,6/19/2021,Barcelona,Camp Municipal Reus,19:00,21:45,Y,Y,2:45,1100,24,,cloudy,Z. Hamiko,R. Miras,J. Fernandez F.,H. Horak,J. Scott,A. Flaisch-J.,V. Cobas Otero,BD,1,10,BD44,"H,1,10,H44","7,3,43","PASS:1,I,5,* PEN:H,PI,O PEN:V,RP,O NOPLAY:","Z. Edwards pass incomplete to J. Constant, PENALTY BD pass interference off-setting, PENALTY SS roughing passer off-setting, NO PLAY.","H,1,10,H44",E,NA,NA,NA,NA,NA,NA,NA,7,H,BD,"PUNT,2,12:05,28","TD,2,10:30,100",3,72,1:35,PUNT,2,12:05,BD28,TD,2,10:30,SS00,NA
BDSS2101,SS,BD,Stuttgart Surge,Barcelona Dragons,6/19/2021,Barcelona,Camp Municipal Reus,19:00,21:45,Y,Y,2:45,1100,24,,cloudy,Z. Hamiko,R. Miras,J. Fernandez F.,H. Horak,J. Scott,A. Flaisch-J.,V. Cobas Otero,BD,1,10,BD44,"H,1,10,H44","7,4,44","PEN:V,OD,A,TM,H49,N",PENALTY SS offside defense 5 yards to the BD49.,"H,1,5,H49",E,NA,NA,NA,NA,NA,NA,NA,7,H,BD,"PUNT,2,12:05,28","TD,2,10:30,100",3,72,1:35,PUNT,2,12:05,BD28,TD,2,10:30,SS00,NA
BDSS2101,SS,BD,Stuttgart Surge,Barcelona Dragons,6/19/2021,Barcelona,Camp Municipal Reus,19:00,21:45,Y,Y,2:45,1100,24,,cloudy,Z. Hamiko,R. Miras,J. Fernandez F.,H. Horak,J. Scott,A. Flaisch-J.,V. Cobas Otero,BD,1,5,BD49,"H,1,5,H49","7,5,45","PASS:1,C,86,V49 TACK:5",Z. Edwards pass complete to M. Emos for 2 yards to the SS49 (D. Meza).,"H,2,3,V49",P,NA,NA,NA,NA,NA,NA,NA,7,H,BD,"PUNT,2,12:05,28","TD,2,10:30,100",3,72,1:35,PUNT,2,12:05,BD28,TD,2,10:30,SS00,NA
BDSS2101,SS,BD,Stuttgart Surge,Barcelona Dragons,6/19/2021,Barcelona,Camp Municipal Reus,19:00,21:45,Y,Y,2:45,1100,24,,cloudy,Z. Hamiko,R. Miras,J. Fernandez F.,H. Horak,J. Scott,A. Flaisch-J.,V. Cobas Otero,BD,2,3,SS49,"H,2,3,V49","7,6,46","PASS:1,C,15,V49 TACK:31,20 PEN:V,RP,A,99,V34,N NOPLAY:","Z. Edwards pass complete to M. Flores for no gain to the SS49 (N. Wenzelburger;D. Warren), PENALTY SS roughing passer (S. Vardar) 15 yards to the SS34, 1ST DOWN BD, NO PLAY.","H,1,10,V34",E,NA,NA,E,NA,NA,NA,NA,7,H,BD,"PUNT,2,12:05,28","TD,2,10:30,100",3,72,1:35,PUNT,2,12:05,BD28,TD,2,10:30,SS00,NA
BDSS2101,SS,BD,Stuttgart Surge,Barcelona Dragons,6/19/2021,Barcelona,Camp Municipal Reus,19:00,21:45,Y,Y,2:45,1100,24,,cloudy,Z. Hamiko,R. Miras,J. Fernandez F.,H. Horak,J. Scott,A. Flaisch-J.,V. Cobas Otero,BD,1,10,SS34,"H,1,10,V34","7,7,47","PASS:1,C,21,V00 T:10:30 TOUT:H T:10:30 PAT:P,1/15,G","Z. Edwards pass complete to A. Monton for 34 yards to the SS0, 1ST DOWN BD, TOUCHDOWN, clock 10:30, timeout Barcelona Dragons, clock 10:30, Z. Edwards pass attempt to M. Flores good.","H,1,0,H35",X,NA,10:30,P,NA,Y,0,8,7,H,BD,"PUNT,2,12:05,28","TD,2,10:30,100",3,72,1:35,PUNT,2,12:05,BD28,TD,2,10:30,SS00,NA
BDSS2101,SS,BD,Stuttgart Surge,Barcelona Dragons,6/19/2021,Barcelona,Camp Municipal Reus,19:00,21:45,Y,Y,2:45,1100,24,,cloudy,Z. Hamiko,R. Miras,J. Fernandez F.,H. Horak,J. Scott,A. Flaisch-J.,V. Cobas Otero,BD,1,0,BD35,"H,1,0,H35","7,8,48","KO:9,V04 RET:4,V47 OB:","L. Cereceda kickoff 61 yards to the SS4, A. Eitel return 43 yards to the SS47, out-of-bounds.","V,1,10,V47",K,Y,NA,NA,NA,NA,NA,NA,7,H,BD,"PUNT,2,12:05,28","TD,2,10:30,100",3,72,1:35,PUNT,2,12:05,BD28,TD,2,10:30,SS00,NA
BDSS2101,SS,BD,Stuttgart Surge,Barcelona Dragons,6/19/2021,Barcelona,Camp Municipal Reus,19:00,21:45,Y,Y,2:45,1100,24,,cloudy,Z. Hamiko,R. Miras,J. Fernandez F.,H. Horak,J. Scott,A. Flaisch-J.,V. Cobas Otero,SS,1,10,SS47,"V,1,10,V47","8,1,49",{DRIVE}:10:21,STUTTGART SURGE drive start at 10:21.,"V,1,10,V47",NA,NA,10:21,NA,NA,NA,NA,NA,8,V,SS,"KO,2,10:21,47","TD,2,09:15,100",2,53,1:06,KO,2,10:21,SS47,TD,2,09:15,BD00,NA
BDSS2101,SS,BD,Stuttgart Surge,Barcelona Dragons,6/19/2021,Barcelona,Camp Municipal Reus,19:00,21:45,Y,Y,2:45,1100,24,,cloudy,Z. Hamiko,R. Miras,J. Fernandez F.,H. Horak,J. Scott,A. Flaisch-J.,V. Cobas Otero,SS,1,10,SS47,"V,1,10,V47","8,2,50","PASS:6,C,27,H44 TACK:45 PEN:V,HO,A,63,V37,N NOPLAY:","J. Wright pass complete to S. Shannon for 9 yards to the BD44 (A. Posito), PENALTY SS holding (63) 10 yards to the SS37, NO PLAY.","V,1,20,V37",E,NA,NA,NA,NA,NA,NA,NA,8,V,SS,"KO,2,10:21,47","TD,2,09:15,100",2,53,1:06,KO,2,10:21,SS47,TD,2,09:15,BD00,NA
BDSS2101,SS,BD,Stuttgart Surge,Barcelona Dragons,6/19/2021,Barcelona,Camp Municipal Reus,19:00,21:45,Y,Y,2:45,1100,24,,cloudy,Z. Hamiko,R. Miras,J. Fernandez F.,H. Horak,J. Scott,A. Flaisch-J.,V. Cobas Otero,SS,1,20,SS37,"V,1,20,V37","8,3,51","PASS:6,C,14,H23 OB:","J. Wright pass complete to L. Geyer for 40 yards to the BD23, 1ST DOWN SS, out-of-bounds.","V,1,10,H23",P,Y,NA,P,NA,NA,NA,NA,8,V,SS,"KO,2,10:21,47","TD,2,09:15,100",2,53,1:06,KO,2,10:21,SS47,TD,2,09:15,BD00,NA
BDSS2101,SS,BD,Stuttgart Surge,Barcelona Dragons,6/19/2021,Barcelona,Camp Municipal Reus,19:00,21:45,Y,Y,2:45,1100,24,,cloudy,Z. Hamiko,R. Miras,J. Fernandez F.,H. Horak,J. Scott,A. Flaisch-J.,V. Cobas Otero,SS,1,10,BD23,"V,1,10,H23","8,4,52","PASS:6,C,14,H00 T:09:15 PAT:K,3,M","J. Wright pass complete to L. Geyer for 23 yards to the BD0, 1ST DOWN SS, TOUCHDOWN, clock 09:15, T. Bronn kick attempt failed.","V,1,0,V35",X,NA,09:15,P,NA,Y,6,8,8,V,SS,"KO,2,10:21,47","TD,2,09:15,100",2,53,1:06,KO,2,10:21,SS47,TD,2,09:15,BD00,NA
BDSS2101,SS,BD,Stuttgart Surge,Barcelona Dragons,6/19/2021,Barcelona,Camp Municipal Reus,19:00,21:45,Y,Y,2:45,1100,24,,cloudy,Z. Hamiko,R. Miras,J. Fernandez F.,H. Horak,J. Scott,A. Flaisch-J.,V. Cobas Otero,SS,1,0,SS35,"V,1,0,V35","8,5,53","KO:3,H00 RET:5,V40 OB: PEN:H,PF,A,82,H25,N D:1,10 SPOT:H,H25,Y","T. Bronn kickoff 65 yards to the BD0, J. Constant return 60 yards to the SS40, out-of-bounds, PENALTY BD personal foul (J. Hervas) 35 yards to the BD25, 1st and 10, BD ball on BD25.","H,1,10,H25",K,Y,NA,NA,NA,NA,NA,NA,8,V,SS,"KO,2,10:21,47","TD,2,09:15,100",2,53,1:06,KO,2,10:21,SS47,TD,2,09:15,BD00,NA
BDSS2101,SS,BD,Stuttgart Surge,Barcelona Dragons,6/19/2021,Barcelona,Camp Municipal Reus,19:00,21:45,Y,Y,2:45,1100,24,,cloudy,Z. Hamiko,R. Miras,J. Fernandez F.,H. Horak,J. Scott,A. Flaisch-J.,V. Cobas Otero,BD,1,10,BD25,"H,1,10,H25","9,1,54","PASS:1,C,4,H32 TACK:23",Z. Edwards pass complete to R. Bertellin for 7 yards to the BD32 (M. Dabo).,"H,2,3,H32",P,NA,NA,NA,NA,NA,NA,NA,9,H,BD,"KO,2,07:43,25","INT,2,03:13,82",10,57,4:30,KO,2,07:43,BD25,INT,2,03:13,SS18,1
BDSS2101,SS,BD,Stuttgart Surge,Barcelona Dragons,6/19/2021,Barcelona,Camp Municipal Reus,19:00,21:45,Y,Y,2:45,1100,24,,cloudy,Z. Hamiko,R. Miras,J. Fernandez F.,H. Horak,J. Scott,A. Flaisch-J.,V. Cobas Otero,BD,2,3,BD32,"H,2,3,H32","9,2,55","PASS:1,C,15,H31 TACK:44,3",Z. Edwards pass complete to M. Flores for loss of 1 yard to the BD31 (J. Mbala;T. Bronn).,"H,3,4,H31",P,NA,NA,NA,NA,NA,NA,NA,9,H,BD,"KO,2,07:43,25","INT,2,03:13,82",10,57,4:30,KO,2,07:43,BD25,INT,2,03:13,SS18,1
BDSS2101,SS,BD,Stuttgart Surge,Barcelona Dragons,6/19/2021,Barcelona,Camp Municipal Reus,19:00,21:45,Y,Y,2:45,1100,24,,cloudy,Z. Hamiko,R. Miras,J. Fernandez F.,H. Horak,J. Scott,A. Flaisch-J.,V. Cobas Otero,BD,3,4,BD31,"H,3,4,H31","9,3,56","{DRIVE}:07:43 SPOT:H,H31,N","BARCELONA DRAGONS drive start at 07:43, BD ball on BD31.","H,3,4,H31",NA,NA,07:43,NA,NA,NA,NA,NA,9,H,BD,"KO,2,07:43,25","INT,2,03:13,82",10,57,4:30,KO,2,07:43,BD25,INT,2,03:13,SS18,1
BDSS2101,SS,BD,Stuttgart Surge,Barcelona Dragons,6/19/2021,Barcelona,Camp Municipal Reus,19:00,21:45,Y,Y,2:45,1100,24,,cloudy,Z. Hamiko,R. Miras,J. Fernandez F.,H. Horak,J. Scott,A. Flaisch-J.,V. Cobas Otero,BD,3,4,BD31,"H,3,4,H31","9,4,57","PASS:1,C,86,H36 OB:","Z. Edwards pass complete to M. Emos for 5 yards to the BD36, 1ST DOWN BD, out-of-bounds.","H,1,10,H36",P,Y,NA,P,NA,NA,NA,NA,9,H,BD,"KO,2,07:43,25","INT,2,03:13,82",10,57,4:30,KO,2,07:43,BD25,INT,2,03:13,SS18,1
BDSS2101,SS,BD,Stuttgart Surge,Barcelona Dragons,6/19/2021,Barcelona,Camp Municipal Reus,19:00,21:45,Y,Y,2:45,1100,24,,cloudy,Z. Hamiko,R. Miras,J. Fernandez F.,H. Horak,J. Scott,A. Flaisch-J.,V. Cobas Otero,BD,1,10,BD36,"H,1,10,H36","9,5,58","PASS:1,C,86,H41 TACK:33",Z. Edwards pass complete to M. Emos for 5 yards to the BD41 (B. Wenzler).,"H,2,5,H41",P,NA,NA,NA,NA,NA,NA,NA,9,H,BD,"KO,2,07:43,25","INT,2,03:13,82",10,57,4:30,KO,2,07:43,BD25,INT,2,03:13,SS18,1
BDSS2101,SS,BD,Stuttgart Surge,Barcelona Dragons,6/19/2021,Barcelona,Camp Municipal Reus,19:00,21:45,Y,Y,2:45,1100,24,,cloudy,Z. Hamiko,R. Miras,J. Fernandez F.,H. Horak,J. Scott,A. Flaisch-J.,V. Cobas Otero,BD,2,5,BD41,"H,2,5,H41","9,6,59","RUSH:21,H43, TACK:20",A. Monton rush for 2 yards to the BD43 (D. Warren).,"H,3,3,H43",R,NA,NA,NA,NA,NA,NA,NA,9,H,BD,"KO,2,07:43,25","INT,2,03:13,82",10,57,4:30,KO,2,07:43,BD25,INT,2,03:13,SS18,1
BDSS2101,SS,BD,Stuttgart Surge,Barcelona Dragons,6/19/2021,Barcelona,Camp Municipal Reus,19:00,21:45,Y,Y,2:45,1100,24,,cloudy,Z. Hamiko,R. Miras,J. Fernandez F.,H. Horak,J. Scott,A. Flaisch-J.,V. Cobas Otero,BD,3,3,BD43,"H,3,3,H43","9,7,60","PASS:1,C,3,H50 TACK:55,97 PEN:H,HO,A,65,H33,N","Z. Edwards pass complete to A. Jimenez for 7 yards to the 50 yardline (D. Graza;P. Ungericht), PENALTY BD holding (J. Raus) 17 yards to the BD33.","H,3,13,H33",P,NA,NA,NA,NA,NA,NA,NA,9,H,BD,"KO,2,07:43,25","INT,2,03:13,82",10,57,4:30,KO,2,07:43,BD25,INT,2,03:13,SS18,1
BDSS2101,SS,BD,Stuttgart Surge,Barcelona Dragons,6/19/2021,Barcelona,Camp Municipal Reus,19:00,21:45,Y,Y,2:45,1100,24,,cloudy,Z. Hamiko,R. Miras,J. Fernandez F.,H. Horak,J. Scott,A. Flaisch-J.,V. Cobas Otero,BD,3,13,BD33,"H,3,13,H33","9,8,61","D:3,13",3rd and 13.,"H,3,13,H33",NA,NA,NA,NA,NA,NA,NA,NA,9,H,BD,"KO,2,07:43,25","INT,2,03:13,82",10,57,4:30,KO,2,07:43,BD25,INT,2,03:13,SS18,1
BDSS2101,SS,BD,Stuttgart Surge,Barcelona Dragons,6/19/2021,Barcelona,Camp Municipal Reus,19:00,21:45,Y,Y,2:45,1100,24,,cloudy,Z. Hamiko,R. Miras,J. Fernandez F.,H. Horak,J. Scott,A. Flaisch-J.,V. Cobas Otero,BD,3,13,BD33,"H,3,13,H33","9,9,62","PEN:H,DG,A,1,H28,N",PENALTY BD delay of game (Z. Edwards) 5 yards to the BD28.,"H,3,18,H28",E,NA,NA,NA,NA,NA,NA,NA,9,H,BD,"KO,2,07:43,25","INT,2,03:13,82",10,57,4:30,KO,2,07:43,BD25,INT,2,03:13,SS18,1
BDSS2101,SS,BD,Stuttgart Surge,Barcelona Dragons,6/19/2021,Barcelona,Camp Municipal Reus,19:00,21:45,Y,Y,2:45,1100,24,,cloudy,Z. Hamiko,R. Miras,J. Fernandez F.,H. Horak,J. Scott,A. Flaisch-J.,V. Cobas Otero,BD,3,18,BD28,"H,3,18,H28","9,10,63","PASS:1,C,4,V38 TACK:3","Z. Edwards pass complete to R. Bertellin for 34 yards to the SS38, 1ST DOWN BD (T. Bronn).","H,1,10,V38",P,NA,NA,P,NA,NA,NA,NA,9,H,BD,"KO,2,07:43,25","INT,2,03:13,82",10,57,4:30,KO,2,07:43,BD25,INT,2,03:13,SS18,1
BDSS2101,SS,BD,Stuttgart Surge,Barcelona Dragons,6/19/2021,Barcelona,Camp Municipal Reus,19:00,21:45,Y,Y,2:45,1100,24,,cloudy,Z. Hamiko,R. Miras,J. Fernandez F.,H. Horak,J. Scott,A. Flaisch-J.,V. Cobas Otero,BD,1,10,SS38,"H,1,10,V38","9,11,64","PASS:1,I,86,*",Z. Edwards pass incomplete to M. Emos.,"H,2,10,V38",P,NA,NA,NA,NA,NA,NA,NA,9,H,BD,"KO,2,07:43,25","INT,2,03:13,82",10,57,4:30,KO,2,07:43,BD25,INT,2,03:13,SS18,1
BDSS2101,SS,BD,Stuttgart Surge,Barcelona Dragons,6/19/2021,Barcelona,Camp Municipal Reus,19:00,21:45,Y,Y,2:45,1100,24,,cloudy,Z. Hamiko,R. Miras,J. Fernandez F.,H. Horak,J. Scott,A. Flaisch-J.,V. Cobas Otero,BD,2,10,SS38,"H,2,10,V38","9,12,65","RUSH:3,V33, TACK:5,3 PEN:V,FM,A,5,V18,1","A. Jimenez rush for 5 yards to the SS33 (D. Meza;T. Bronn), PENALTY SS face mask (D. Meza) 15 yards to the SS18, 1ST DOWN BD.","H,1,10,V18",R,NA,NA,E,NA,NA,NA,NA,9,H,BD,"KO,2,07:43,25","INT,2,03:13,82",10,57,4:30,KO,2,07:43,BD25,INT,2,03:13,SS18,1
BDSS2101,SS,BD,Stuttgart Surge,Barcelona Dragons,6/19/2021,Barcelona,Camp Municipal Reus,19:00,21:45,Y,Y,2:45,1100,24,,cloudy,Z. Hamiko,R. Miras,J. Fernandez F.,H. Horak,J. Scott,A. Flaisch-J.,V. Cobas Otero,BD,1,10,SS18,"H,1,10,V18","9,13,66","D:1,10",1st and 10.,"H,1,10,V18",NA,NA,NA,NA,NA,NA,NA,NA,9,H,BD,"KO,2,07:43,25","INT,2,03:13,82",10,57,4:30,KO,2,07:43,BD25,INT,2,03:13,SS18,1
BDSS2101,SS,BD,Stuttgart Surge,Barcelona Dragons,6/19/2021,Barcelona,Camp Municipal Reus,19:00,21:45,Y,Y,2:45,1100,24,,cloudy,Z. Hamiko,R. Miras,J. Fernandez F.,H. Horak,J. Scott,A. Flaisch-J.,V. Cobas Otero,BD,1,10,SS18,"H,1,10,V18","9,14,67","PASS:1,X,33,V00 RET:33,V18 TACK:86,75 PEN:V,PF,A,5,V09,N D:1,10 SPOT:V,V09,Y","Z. Edwards pass intercepted by B. Wenzler at the SS0, B. Wenzler return 18 yards to the SS18 (M. Emos;N. Ishwar Lalw.), PENALTY SS personal foul (D. Meza) 9 yards to the SS9, 1st and 10, SS ball on SS9.","V,1,10,V09",P,NA,NA,NA,I,NA,NA,NA,9,H,BD,"KO,2,07:43,25","INT,2,03:13,82",10,57,4:30,KO,2,07:43,BD25,INT,2,03:13,SS18,1
BDSS2101,SS,BD,Stuttgart Surge,Barcelona Dragons,6/19/2021,Barcelona,Camp Municipal Reus,19:00,21:45,Y,Y,2:45,1100,24,,cloudy,Z. Hamiko,R. Miras,J. Fernandez F.,H. Horak,J. Scott,A. Flaisch-J.,V. Cobas Otero,SS,1,10,SS09,"V,1,10,V09","10,1,68",{DRIVE}:03:13,STUTTGART SURGE drive start at 03:13.,"V,1,10,V09",NA,NA,03:13,NA,NA,NA,NA,NA,10,V,SS,"INT,2,03:13,9","SAF,2,02:10,0",4,-9,1:03,INT,2,03:13,SS09,SAF,2,02:10,SS00,NA
BDSS2101,SS,BD,Stuttgart Surge,Barcelona Dragons,6/19/2021,Barcelona,Camp Municipal Reus,19:00,21:45,Y,Y,2:45,1100,24,,cloudy,Z. Hamiko,R. Miras,J. Fernandez F.,H. Horak,J. Scott,A. Flaisch-J.,V. Cobas Otero,SS,1,10,SS09,"V,1,10,V09","10,2,69","RUSH:27,V12, TACK:73",S. Shannon rush for 3 yards to the SS12 (S. Bowen).,"V,2,7,V12",R,NA,NA,NA,NA,NA,NA,NA,10,V,SS,"INT,2,03:13,9","SAF,2,02:10,0",4,-9,1:03,INT,2,03:13,SS09,SAF,2,02:10,SS00,NA
BDSS2101,SS,BD,Stuttgart Surge,Barcelona Dragons,6/19/2021,Barcelona,Camp Municipal Reus,19:00,21:45,Y,Y,2:45,1100,24,,cloudy,Z. Hamiko,R. Miras,J. Fernandez F.,H. Horak,J. Scott,A. Flaisch-J.,V. Cobas Otero,SS,2,7,SS12,"V,2,7,V12","10,3,70","PASS:6,I,TM,*",J. Wright pass incomplete.,"V,3,7,V12",P,NA,NA,NA,NA,NA,NA,NA,10,V,SS,"INT,2,03:13,9","SAF,2,02:10,0",4,-9,1:03,INT,2,03:13,SS09,SAF,2,02:10,SS00,NA
BDSS2101,SS,BD,Stuttgart Surge,Barcelona Dragons,6/19/2021,Barcelona,Camp Municipal Reus,19:00,21:45,Y,Y,2:45,1100,24,,cloudy,Z. Hamiko,R. Miras,J. Fernandez F.,H. Horak,J. Scott,A. Flaisch-J.,V. Cobas Otero,SS,3,7,SS12,"V,3,7,V12","10,4,71","PASS:6,I,TM,*",J. Wright pass incomplete.,"V,4,7,V12",P,NA,NA,NA,NA,NA,NA,NA,10,V,SS,"INT,2,03:13,9","SAF,2,02:10,0",4,-9,1:03,INT,2,03:13,SS09,SAF,2,02:10,SS00,NA
BDSS2101,SS,BD,Stuttgart Surge,Barcelona Dragons,6/19/2021,Barcelona,Camp Municipal Reus,19:00,21:45,Y,Y,2:45,1100,24,,cloudy,Z. Hamiko,R. Miras,J. Fernandez F.,H. Horak,J. Scott,A. Flaisch-J.,V. Cobas Otero,SS,4,7,SS12,"V,4,7,V12","10,5,72","RUSH:7,V00, SAF:H,TM T:02:10","T. Edel rush for loss of 12 yards to the SS0, Team safety, clock 02:10.","V,1,0,V20",R,NA,02:10,NA,NA,Y,6,10,10,V,SS,"INT,2,03:13,9","SAF,2,02:10,0",4,-9,1:03,INT,2,03:13,SS09,SAF,2,02:10,SS00,NA
BDSS2101,SS,BD,Stuttgart Surge,Barcelona Dragons,6/19/2021,Barcelona,Camp Municipal Reus,19:00,21:45,Y,Y,2:45,1100,24,,cloudy,Z. Hamiko,R. Miras,J. Fernandez F.,H. Horak,J. Scott,A. Flaisch-J.,V. Cobas Otero,SS,1,0,SS20,"V,1,0,V20","10,6,73","KO:3,H19 RET:4,H40 TACK:30","T. Bronn kickoff 61 yards to the BD19, R. Bertellin return 21 yards to the BD40 (T. Becker).","H,1,10,H40",K,NA,NA,NA,NA,NA,NA,NA,10,V,SS,"INT,2,03:13,9","SAF,2,02:10,0",4,-9,1:03,INT,2,03:13,SS09,SAF,2,02:10,SS00,NA
BDSS2101,SS,BD,Stuttgart Surge,Barcelona Dragons,6/19/2021,Barcelona,Camp Municipal Reus,19:00,21:45,Y,Y,2:45,1100,24,,cloudy,Z. Hamiko,R. Miras,J. Fernandez F.,H. Horak,J. Scott,A. Flaisch-J.,V. Cobas Otero,BD,1,10,BD40,"H,1,10,H40","11,1,74",{DRIVE}:01:54,BARCELONA DRAGONS drive start at 01:54.,"H,1,10,H40",NA,NA,01:54,NA,NA,NA,NA,NA,11,H,BD,"KO,2,01:54,40","FGA,2,00:08,75",5,35,1:46,KO,2,01:54,BD40,FGA,2,00:08,SS25,NA
BDSS2101,SS,BD,Stuttgart Surge,Barcelona Dragons,6/19/2021,Barcelona,Camp Municipal Reus,19:00,21:45,Y,Y,2:45,1100,24,,cloudy,Z. Hamiko,R. Miras,J. Fernandez F.,H. Horak,J. Scott,A. Flaisch-J.,V. Cobas Otero,BD,1,10,BD40,"H,1,10,H40","11,2,75","RUSH:21,V45, OB:","A. Monton rush for 15 yards to the SS45, 1ST DOWN BD, out-of-bounds.","H,1,10,V45",R,Y,NA,R,NA,NA,NA,NA,11,H,BD,"KO,2,01:54,40","FGA,2,00:08,75",5,35,1:46,KO,2,01:54,BD40,FGA,2,00:08,SS25,NA
BDSS2101,SS,BD,Stuttgart Surge,Barcelona Dragons,6/19/2021,Barcelona,Camp Municipal Reus,19:00,21:45,Y,Y,2:45,1100,24,,cloudy,Z. Hamiko,R. Miras,J. Fernandez F.,H. Horak,J. Scott,A. Flaisch-J.,V. Cobas Otero,BD,1,10,SS45,"H,1,10,V45","11,3,76","RUSH:21,V43, TACK:20",A. Monton rush for 2 yards to the SS43 (D. Warren).,"H,2,8,V43",R,NA,NA,NA,NA,NA,NA,NA,11,H,BD,"KO,2,01:54,40","FGA,2,00:08,75",5,35,1:46,KO,2,01:54,BD40,FGA,2,00:08,SS25,NA
BDSS2101,SS,BD,Stuttgart Surge,Barcelona Dragons,6/19/2021,Barcelona,Camp Municipal Reus,19:00,21:45,Y,Y,2:45,1100,24,,cloudy,Z. Hamiko,R. Miras,J. Fernandez F.,H. Horak,J. Scott,A. Flaisch-J.,V. Cobas Otero,BD,2,8,SS43,"H,2,8,V43","11,4,77","PASS:1,C,15,V27 TACK:44,31","Z. Edwards pass complete to M. Flores for 16 yards to the SS27, 1ST DOWN BD (J. Mbala;N. Wenzelburger).","H,1,10,V27",P,NA,NA,P,NA,NA,NA,NA,11,H,BD,"KO,2,01:54,40","FGA,2,00:08,75",5,35,1:46,KO,2,01:54,BD40,FGA,2,00:08,SS25,NA
BDSS2101,SS,BD,Stuttgart Surge,Barcelona Dragons,6/19/2021,Barcelona,Camp Municipal Reus,19:00,21:45,Y,Y,2:45,1100,24,,cloudy,Z. Hamiko,R. Miras,J. Fernandez F.,H. Horak,J. Scott,A. Flaisch-J.,V. Cobas Otero,BD,1,10,SS27,"H,1,10,V27","11,5,78","RUSH:21,V25, TACK:44",A. Monton rush for 2 yards to the SS25 (J. Mbala).,"H,2,8,V25",R,NA,NA,NA,NA,NA,NA,NA,11,H,BD,"KO,2,01:54,40","FGA,2,00:08,75",5,35,1:46,KO,2,01:54,BD40,FGA,2,00:08,SS25,NA
BDSS2101,SS,BD,Stuttgart Surge,Barcelona Dragons,6/19/2021,Barcelona,Camp Municipal Reus,19:00,21:45,Y,Y,2:45,1100,24,,cloudy,Z. Hamiko,R. Miras,J. Fernandez F.,H. Horak,J. Scott,A. Flaisch-J.,V. Cobas Otero,BD,2,8,SS25,"H,2,8,V25","11,6,79","FGA:9,48,M,V38,L T:00:08","L. Cereceda field goal attempt from 48 MISSED - wide left, spot at SS38, clock 00:08.","V,1,10,V38",F,NA,00:08,NA,NA,NA,NA,NA,11,H,BD,"KO,2,01:54,40","FGA,2,00:08,75",5,35,1:46,KO,2,01:54,BD40,FGA,2,00:08,SS25,NA
BDSS2101,SS,BD,Stuttgart Surge,Barcelona Dragons,6/19/2021,Barcelona,Camp Municipal Reus,19:00,21:45,Y,Y,2:45,1100,24,,cloudy,Z. Hamiko,R. Miras,J. Fernandez F.,H. Horak,J. Scott,A. Flaisch-J.,V. Cobas Otero,SS,1,10,SS38,"V,1,10,V38","12,1,80",{DRIVE}:00:08,STUTTGART SURGE drive start at 00:08.,"V,1,10,V38",NA,NA,00:08,NA,NA,NA,NA,NA,12,V,SS,"FGA,2,00:08,38","HALF,2,00:00,65",1,27,0:08,FGA,2,00:08,SS38,HALF,2,00:00,BD35,NA
BDSS2101,SS,BD,Stuttgart Surge,Barcelona Dragons,6/19/2021,Barcelona,Camp Municipal Reus,19:00,21:45,Y,Y,2:45,1100,24,,cloudy,Z. Hamiko,R. Miras,J. Fernandez F.,H. Horak,J. Scott,A. Flaisch-J.,V. Cobas Otero,SS,1,10,SS38,"V,1,10,V38","12,2,81","RUSH:6,H35, OB:","J. Wright rush for 27 yards to the BD35, 1ST DOWN SS, out-of-bounds.","V,1,10,H35",R,Y,NA,R,NA,NA,NA,NA,12,V,SS,"FGA,2,00:08,38","HALF,2,00:00,65",1,27,0:08,FGA,2,00:08,SS38,HALF,2,00:00,BD35,NA
BDSS2101,SS,BD,Stuttgart Surge,Barcelona Dragons,6/19/2021,Barcelona,Camp Municipal Reus,19:00,21:45,Y,Y,2:45,1100,24,,cloudy,Z. Hamiko,R. Miras,J. Fernandez F.,H. Horak,J. Scott,A. Flaisch-J.,V. Cobas Otero,SS,1,10,BD35,"V,1,10,H35","12,3,82",HALF: T:00:00,"End of half, clock 00:00.","V,1,10,H35",#,NA,00:00,NA,NA,NA,NA,NA,12,V,SS,"FGA,2,00:08,38","HALF,2,00:00,65",1,27,0:08,FGA,2,00:08,SS38,HALF,2,00:00,BD35,NA
BDSS2101,SS,BD,Stuttgart Surge,Barcelona Dragons,6/19/2021,Barcelona,Camp Municipal Reus,19:00,21:45,Y,Y,2:45,1100,24,,cloudy,Z. Hamiko,R. Miras,J. Fernandez F.,H. Horak,J. Scott,A. Flaisch-J.,V. Cobas Otero,SS,1,10,BD35,"V,1,10,H35","12,4,83","Q:3 T:15:00 SPOT:H,H35,N","Start of 3rd quarter, clock 15:00, BD ball on BD35.","H,1,10,H35",#,NA,15:00,NA,NA,NA,NA,NA,12,V,SS,"FGA,2,00:08,38","HALF,2,00:00,65",1,27,0:08,FGA,2,00:08,SS38,HALF,2,00:00,BD35,NA
BDSS2101,SS,BD,Stuttgart Surge,Barcelona Dragons,6/19/2021,Barcelona,Camp Municipal Reus,19:00,21:45,Y,Y,2:45,1100,24,,cloudy,Z. Hamiko,R. Miras,J. Fernandez F.,H. Horak,J. Scott,A. Flaisch-J.,V. Cobas Otero,BD,1,10,BD35,"H,1,10,H35","12,5,84","KO:9,V03 OB: SPOT:V,V40,Y","L. Cereceda kickoff 62 yards to the SS3, out-of-bounds, SS ball on SS40.","V,1,10,V40",K,Y,NA,NA,NA,NA,NA,NA,12,V,SS,"FGA,2,00:08,38","HALF,2,00:00,65",1,27,0:08,FGA,2,00:08,SS38,HALF,2,00:00,BD35,NA
BDSS2101,SS,BD,Stuttgart Surge,Barcelona Dragons,6/19/2021,Barcelona,Camp Municipal Reus,19:00,21:45,Y,Y,2:45,1100,24,,cloudy,Z. Hamiko,R. Miras,J. Fernandez F.,H. Horak,J. Scott,A. Flaisch-J.,V. Cobas Otero,SS,1,10,SS40,"V,1,10,V40","13,1,85",{DRIVE}:15:00,STUTTGART SURGE drive start at 15:00.,"V,1,10,V40",NA,NA,15:00,NA,NA,NA,NA,NA,13,V,SS,"KO,3,15:00,40","TD,3,10:21,100",8,60,4:39,KO,3,15:00,SS40,TD,3,10:21,BD00,1
BDSS2101,SS,BD,Stuttgart Surge,Barcelona Dragons,6/19/2021,Barcelona,Camp Municipal Reus,19:00,21:45,Y,Y,2:45,1100,24,,cloudy,Z. Hamiko,R. Miras,J. Fernandez F.,H. Horak,J. Scott,A. Flaisch-J.,V. Cobas Otero,SS,1,10,SS40,"V,1,10,V40","13,2,86","RUSH:27,V47, TACK:93,33",S. Shannon rush for 7 yards to the SS47 (A. Pinheiro;T. Debiez).,"V,2,3,V47",R,NA,NA,NA,NA,NA,NA,NA,13,V,SS,"KO,3,15:00,40","TD,3,10:21,100",8,60,4:39,KO,3,15:00,SS40,TD,3,10:21,BD00,1
BDSS2101,SS,BD,Stuttgart Surge,Barcelona Dragons,6/19/2021,Barcelona,Camp Municipal Reus,19:00,21:45,Y,Y,2:45,1100,24,,cloudy,Z. Hamiko,R. Miras,J. Fernandez F.,H. Horak,J. Scott,A. Flaisch-J.,V. Cobas Otero,SS,2,3,SS47,"V,2,3,V47","13,3,87","PASS:6,C,17,H48 OB:","J. Wright pass complete to P. Floeser for 5 yards to the BD48, 1ST DOWN SS, out-of-bounds.","V,1,10,H48",P,Y,NA,P,NA,NA,NA,NA,13,V,SS,"KO,3,15:00,40","TD,3,10:21,100",8,60,4:39,KO,3,15:00,SS40,TD,3,10:21,BD00,1
BDSS2101,SS,BD,Stuttgart Surge,Barcelona Dragons,6/19/2021,Barcelona,Camp Municipal Reus,19:00,21:45,Y,Y,2:45,1100,24,,cloudy,Z. Hamiko,R. Miras,J. Fernandez F.,H. Horak,J. Scott,A. Flaisch-J.,V. Cobas Otero,SS,1,10,BD48,"V,1,10,H48","13,4,88","RUSH:27,H39, TACK:93",S. Shannon rush for 9 yards to the BD39 (A. Pinheiro).,"V,2,1,H39",R,NA,NA,NA,NA,NA,NA,NA,13,V,SS,"KO,3,15:00,40","TD,3,10:21,100",8,60,4:39,KO,3,15:00,SS40,TD,3,10:21,BD00,1
BDSS2101,SS,BD,Stuttgart Surge,Barcelona Dragons,6/19/2021,Barcelona,Camp Municipal Reus,19:00,21:45,Y,Y,2:45,1100,24,,cloudy,Z. Hamiko,R. Miras,J. Fernandez F.,H. Horak,J. Scott,A. Flaisch-J.,V. Cobas Otero,SS,2,1,BD39,"V,2,1,H39","13,5,89","RUSH:6,H22,","J. Wright rush for 17 yards to the BD22, 1ST DOWN SS.","V,1,10,H22",R,NA,NA,R,NA,NA,NA,NA,13,V,SS,"KO,3,15:00,40","TD,3,10:21,100",8,60,4:39,KO,3,15:00,SS40,TD,3,10:21,BD00,1
BDSS2101,SS,BD,Stuttgart Surge,Barcelona Dragons,6/19/2021,Barcelona,Camp Municipal Reus,19:00,21:45,Y,Y,2:45,1100,24,,cloudy,Z. Hamiko,R. Miras,J. Fernandez F.,H. Horak,J. Scott,A. Flaisch-J.,V. Cobas Otero,SS,1,10,BD22,"V,1,10,H22","13,6,90","RUSH:27,H20, TACK:2",S. Shannon rush for 2 yards to the BD20 (G. Prati).,"V,2,8,H20",R,NA,NA,NA,NA,NA,NA,NA,13,V,SS,"KO,3,15:00,40","TD,3,10:21,100",8,60,4:39,KO,3,15:00,SS40,TD,3,10:21,BD00,1
BDSS2101,SS,BD,Stuttgart Surge,Barcelona Dragons,6/19/2021,Barcelona,Camp Municipal Reus,19:00,21:45,Y,Y,2:45,1100,24,,cloudy,Z. Hamiko,R. Miras,J. Fernandez F.,H. Horak,J. Scott,A. Flaisch-J.,V. Cobas Otero,SS,2,8,BD20,"V,2,8,H20","13,7,91","PASS:6,I,37,*",J. Wright pass incomplete to K. Bannasch.,"V,3,8,H20",P,NA,NA,NA,NA,NA,NA,NA,13,V,SS,"KO,3,15:00,40","TD,3,10:21,100",8,60,4:39,KO,3,15:00,SS40,TD,3,10:21,BD00,1
BDSS2101,SS,BD,Stuttgart Surge,Barcelona Dragons,6/19/2021,Barcelona,Camp Municipal Reus,19:00,21:45,Y,Y,2:45,1100,24,,cloudy,Z. Hamiko,R. Miras,J. Fernandez F.,H. Horak,J. Scott,A. Flaisch-J.,V. Cobas Otero,SS,3,8,BD20,"V,3,8,H20","13,8,92","PASS:6,I,37,* PEN:H,RP,A,7,H10,1 NOPLAY:","J. Wright pass incomplete to K. Bannasch, PENALTY BD roughing passer (M. Tavarres) 10 yards to the BD10, 1ST DOWN SS, NO PLAY.","V,1,0,H10",E,NA,NA,E,NA,NA,NA,NA,13,V,SS,"KO,3,15:00,40","TD,3,10:21,100",8,60,4:39,KO,3,15:00,SS40,TD,3,10:21,BD00,1
BDSS2101,SS,BD,Stuttgart Surge,Barcelona Dragons,6/19/2021,Barcelona,Camp Municipal Reus,19:00,21:45,Y,Y,2:45,1100,24,,cloudy,Z. Hamiko,R. Miras,J. Fernandez F.,H. Horak,J. Scott,A. Flaisch-J.,V. Cobas Otero,SS,1,0,BD10,"V,1,0,H10","13,9,93","RUSH:27,H02, TACK:93,7",S. Shannon rush for 8 yards to the BD2 (A. Pinheiro;M. Tavarres).,"V,2,0,H02",R,NA,NA,NA,NA,NA,NA,NA,13,V,SS,"KO,3,15:00,40","TD,3,10:21,100",8,60,4:39,KO,3,15:00,SS40,TD,3,10:21,BD00,1
BDSS2101,SS,BD,Stuttgart Surge,Barcelona Dragons,6/19/2021,Barcelona,Camp Municipal Reus,19:00,21:45,Y,Y,2:45,1100,24,,cloudy,Z. Hamiko,R. Miras,J. Fernandez F.,H. Horak,J. Scott,A. Flaisch-J.,V. Cobas Otero,SS,2,0,BD02,"V,2,0,H02","13,10,94","RUSH:6,H00, T:10:21 PAT:P,6/7,G","J. Wright rush for 2 yards to the BD0, 1ST DOWN SS, TOUCHDOWN, clock 10:21, J. Wright pass attempt to T. Edel good.","V,1,0,V35",X,NA,10:21,R,NA,Y,14,10,13,V,SS,"KO,3,15:00,40","TD,3,10:21,100",8,60,4:39,KO,3,15:00,SS40,TD,3,10:21,BD00,1
BDSS2101,SS,BD,Stuttgart Surge,Barcelona Dragons,6/19/2021,Barcelona,Camp Municipal Reus,19:00,21:45,Y,Y,2:45,1100,24,,cloudy,Z. Hamiko,R. Miras,J. Fernandez F.,H. Horak,J. Scott,A. Flaisch-J.,V. Cobas Otero,SS,1,0,SS35,"V,1,0,V35","13,11,95","KO:3,H03 RET:25,H34 TACK:30 PEN:H,HO,A,3,H24,N D:1,10 SPOT:H,H24,Y","T. Bronn kickoff 62 yards to the BD3, N. Lester return 31 yards to the BD34 (T. Becker), PENALTY BD holding (A. Jimenez) 10 yards to the BD24, 1st and 10, BD ball on BD24.","H,1,10,H24",K,NA,NA,NA,NA,NA,NA,NA,13,V,SS,"KO,3,15:00,40","TD,3,10:21,100",8,60,4:39,KO,3,15:00,SS40,TD,3,10:21,BD00,1
BDSS2101,SS,BD,Stuttgart Surge,Barcelona Dragons,6/19/2021,Barcelona,Camp Municipal Reus,19:00,21:45,Y,Y,2:45,1100,24,,cloudy,Z. Hamiko,R. Miras,J. Fernandez F.,H. Horak,J. Scott,A. Flaisch-J.,V. Cobas Otero,BD,1,10,BD24,"H,1,10,H24","14,1,96",{DRIVE}:10:15,BARCELONA DRAGONS drive start at 10:15.,"H,1,10,H24",NA,NA,10:15,NA,NA,NA,NA,NA,14,H,BD,"KO,3,07:51,24","PUNT,3,05:19,48",8,24,2:32,KO,3,07:51,BD24,PUNT,3,05:19,BD48,1
BDSS2101,SS,BD,Stuttgart Surge,Barcelona Dragons,6/19/2021,Barcelona,Camp Municipal Reus,19:00,21:45,Y,Y,2:45,1100,24,,cloudy,Z. Hamiko,R. Miras,J. Fernandez F.,H. Horak,J. Scott,A. Flaisch-J.,V. Cobas Otero,BD,1,10,BD24,"H,1,10,H24","14,2,97","PASS:1,B,TM,* BRUP:93",Z. Edwards pass incomplete (F. Beitenbach).,"H,2,10,H24",P,NA,NA,NA,NA,NA,NA,NA,14,H,BD,"KO,3,07:51,24","PUNT,3,05:19,48",8,24,2:32,KO,3,07:51,BD24,PUNT,3,05:19,BD48,1
BDSS2101,SS,BD,Stuttgart Surge,Barcelona Dragons,6/19/2021,Barcelona,Camp Municipal Reus,19:00,21:45,Y,Y,2:45,1100,24,,cloudy,Z. Hamiko,R. Miras,J. Fernandez F.,H. Horak,J. Scott,A. Flaisch-J.,V. Cobas Otero,BD,2,10,BD24,"H,2,10,H24","14,3,98","RUSH:1,H35,","Z. Edwards rush for 11 yards to the BD35, 1ST DOWN BD.","H,1,10,H35",R,NA,NA,R,NA,NA,NA,NA,14,H,BD,"KO,3,07:51,24","PUNT,3,05:19,48",8,24,2:32,KO,3,07:51,BD24,PUNT,3,05:19,BD48,1
BDSS2101,SS,BD,Stuttgart Surge,Barcelona Dragons,6/19/2021,Barcelona,Camp Municipal Reus,19:00,21:45,Y,Y,2:45,1100,24,,cloudy,Z. Hamiko,R. Miras,J. Fernandez F.,H. Horak,J. Scott,A. Flaisch-J.,V. Cobas Otero,BD,1,10,BD35,"H,1,10,H35","14,4,99","PASS:1,I,4,*",Z. Edwards pass incomplete to R. Bertellin.,"H,2,10,H35",P,NA,NA,NA,NA,NA,NA,NA,14,H,BD,"KO,3,07:51,24","PUNT,3,05:19,48",8,24,2:32,KO,3,07:51,BD24,PUNT,3,05:19,BD48,1
BDSS2101,SS,BD,Stuttgart Surge,Barcelona Dragons,6/19/2021,Barcelona,Camp Municipal Reus,19:00,21:45,Y,Y,2:45,1100,24,,cloudy,Z. Hamiko,R. Miras,J. Fernandez F.,H. Horak,J. Scott,A. Flaisch-J.,V. Cobas Otero,BD,2,10,BD35,"H,2,10,H35","14,5,100","RUSH:1,H39, TACK:99,5",Z. Edwards rush for 4 yards to the BD39 (S. Vardar;D. Meza).,"H,3,6,H39",R,NA,NA,NA,NA,NA,NA,NA,14,H,BD,"KO,3,07:51,24","PUNT,3,05:19,48",8,24,2:32,KO,3,07:51,BD24,PUNT,3,05:19,BD48,1
BDSS2101,SS,BD,Stuttgart Surge,Barcelona Dragons,6/19/2021,Barcelona,Camp Municipal Reus,19:00,21:45,Y,Y,2:45,1100,24,,cloudy,Z. Hamiko,R. Miras,J. Fernandez F.,H. Horak,J. Scott,A. Flaisch-J.,V. Cobas Otero,BD,3,6,BD39,"H,3,6,H39","14,6,101","PASS:1,I,4,*",Z. Edwards pass incomplete to R. Bertellin.,"H,4,6,H39",P,NA,NA,NA,NA,NA,NA,NA,14,H,BD,"KO,3,07:51,24","PUNT,3,05:19,48",8,24,2:32,KO,3,07:51,BD24,PUNT,3,05:19,BD48,1
BDSS2101,SS,BD,Stuttgart Surge,Barcelona Dragons,6/19/2021,Barcelona,Camp Municipal Reus,19:00,21:45,Y,Y,2:45,1100,24,,cloudy,Z. Hamiko,R. Miras,J. Fernandez F.,H. Horak,J. Scott,A. Flaisch-J.,V. Cobas Otero,BD,4,6,BD39,"H,4,6,H39","14,7,102","PUNT:18,V31 DN: PEN:V,PF,A,TM,V16,N D:1,10 SPOT:V,V16,N PEN:V,UC,A,54,V08,N NOPLAY:","C. Manser punt 30 yards to the SS31, downed, PENALTY SS personal foul 45 yards to the SS16, 1ST DOWN BD, 1st and 10, SS ball on SS16, PENALTY SS unsportsmanlike conduct (54) 8 yards to the SS8, NO PLAY.","H,1,0,V08",E,NA,NA,E,NA,NA,NA,NA,14,H,BD,"KO,3,07:51,24","PUNT,3,05:19,48",8,24,2:32,KO,3,07:51,BD24,PUNT,3,05:19,BD48,1
BDSS2101,SS,BD,Stuttgart Surge,Barcelona Dragons,6/19/2021,Barcelona,Camp Municipal Reus,19:00,21:45,Y,Y,2:45,1100,24,,cloudy,Z. Hamiko,R. Miras,J. Fernandez F.,H. Horak,J. Scott,A. Flaisch-J.,V. Cobas Otero,BD,1,0,SS08,"H,1,0,V08","14,8,103",{DRIVE}:07:51,BARCELONA DRAGONS drive start at 07:51.,"H,1,0,V08",NA,NA,07:51,NA,NA,NA,NA,NA,14,H,BD,"KO,3,07:51,24","PUNT,3,05:19,48",8,24,2:32,KO,3,07:51,BD24,PUNT,3,05:19,BD48,1
BDSS2101,SS,BD,Stuttgart Surge,Barcelona Dragons,6/19/2021,Barcelona,Camp Municipal Reus,19:00,21:45,Y,Y,2:45,1100,24,,cloudy,Z. Hamiko,R. Miras,J. Fernandez F.,H. Horak,J. Scott,A. Flaisch-J.,V. Cobas Otero,BD,1,0,SS08,"H,1,0,V08","14,9,104","PASS:6,X,25,V32 RET:25,V00 T:07:38 PEN:H,RP,A,7,V15,N NOPLAY: PEN:H,PF,A,20,V30,N NOPLAY: PEN:H,UC,A,20,V45,N NOPLAY:","P. de Diego pass intercepted by 25 at the SS32, 25 return to the SS0, clock 07:38, PENALTY BD roughing passer (M. Tavarres) 7 yards to the SS15, NO PLAY, PENALTY BD personal foul (L. Masero) 15 yards to the SS30, NO PLAY, PENALTY BD unsportsmanlike conduct (L. Masero) 15 yards to the SS45, NO PLAY.","H,1,0,V45",E,NA,07:38,NA,NA,NA,NA,NA,14,H,BD,"KO,3,07:51,24","PUNT,3,05:19,48",8,24,2:32,KO,3,07:51,BD24,PUNT,3,05:19,BD48,1
BDSS2101,SS,BD,Stuttgart Surge,Barcelona Dragons,6/19/2021,Barcelona,Camp Municipal Reus,19:00,21:45,Y,Y,2:45,1100,24,,cloudy,Z. Hamiko,R. Miras,J. Fernandez F.,H. Horak,J. Scott,A. Flaisch-J.,V. Cobas Otero,BD,1,0,SS45,"H,1,0,V45","14,10,105","RUSH:27,V42, TACK:45",A. Vera rush for 3 yards to the SS42 (N. Hamulic).,"H,2,0,V42",R,NA,NA,NA,NA,NA,NA,NA,14,H,BD,"KO,3,07:51,24","PUNT,3,05:19,48",8,24,2:32,KO,3,07:51,BD24,PUNT,3,05:19,BD48,1
BDSS2101,SS,BD,Stuttgart Surge,Barcelona Dragons,6/19/2021,Barcelona,Camp Municipal Reus,19:00,21:45,Y,Y,2:45,1100,24,,cloudy,Z. Hamiko,R. Miras,J. Fernandez F.,H. Horak,J. Scott,A. Flaisch-J.,V. Cobas Otero,BD,2,0,SS42,"H,2,0,V42","14,11,106","PASS:6,C,88,V47 TACK:7",P. de Diego pass complete to I. Iordanov for loss of 5 yards to the SS47 (T. Edel).,"H,3,0,V47",P,NA,NA,NA,NA,NA,NA,NA,14,H,BD,"KO,3,07:51,24","PUNT,3,05:19,48",8,24,2:32,KO,3,07:51,BD24,PUNT,3,05:19,BD48,1
BDSS2101,SS,BD,Stuttgart Surge,Barcelona Dragons,6/19/2021,Barcelona,Camp Municipal Reus,19:00,21:45,Y,Y,2:45,1100,24,,cloudy,Z. Hamiko,R. Miras,J. Fernandez F.,H. Horak,J. Scott,A. Flaisch-J.,V. Cobas Otero,BD,3,0,SS47,"H,3,0,V47","14,12,107","PASS:6,I,14,*",P. de Diego pass incomplete to S. Barbero.,"H,4,0,V47",P,NA,NA,NA,NA,NA,NA,NA,14,H,BD,"KO,3,07:51,24","PUNT,3,05:19,48",8,24,2:32,KO,3,07:51,BD24,PUNT,3,05:19,BD48,1
BDSS2101,SS,BD,Stuttgart Surge,Barcelona Dragons,6/19/2021,Barcelona,Camp Municipal Reus,19:00,21:45,Y,Y,2:45,1100,24,,cloudy,Z. Hamiko,R. Miras,J. Fernandez F.,H. Horak,J. Scott,A. Flaisch-J.,V. Cobas Otero,BD,4,0,SS47,"H,4,0,V47","14,13,108","PEN:H,RUK,A,82,H48,N",PENALTY BD running into the kicker (J. Hervas) 5 yards to the BD48.,"H,4,0,H48",E,NA,NA,NA,NA,NA,NA,NA,14,H,BD,"KO,3,07:51,24","PUNT,3,05:19,48",8,24,2:32,KO,3,07:51,BD24,PUNT,3,05:19,BD48,1
BDSS2101,SS,BD,Stuttgart Surge,Barcelona Dragons,6/19/2021,Barcelona,Camp Municipal Reus,19:00,21:45,Y,Y,2:45,1100,24,,cloudy,Z. Hamiko,R. Miras,J. Fernandez F.,H. Horak,J. Scott,A. Flaisch-J.,V. Cobas Otero,BD,4,0,BD48,"H,4,0,H48","14,14,109",TOUT:V T:05:25,"Timeout Stuttgart Surge, clock 05:25.","H,4,0,H48",#,NA,05:25,NA,NA,NA,NA,NA,14,H,BD,"KO,3,07:51,24","PUNT,3,05:19,48",8,24,2:32,KO,3,07:51,BD24,PUNT,3,05:19,BD48,1
BDSS2101,SS,BD,Stuttgart Surge,Barcelona Dragons,6/19/2021,Barcelona,Camp Municipal Reus,19:00,21:45,Y,Y,2:45,1100,24,,cloudy,Z. Hamiko,R. Miras,J. Fernandez F.,H. Horak,J. Scott,A. Flaisch-J.,V. Cobas Otero,BD,4,0,BD48,"H,4,0,H48","14,15,110","PUNT:3,H17 FC:4","A. Jimenez punt -31 yards to the BD17, fair catch by A. Eitel.","V,1,10,H17",U,NA,NA,NA,NA,NA,NA,NA,14,H,BD,"KO,3,07:51,24","PUNT,3,05:19,48",8,24,2:32,KO,3,07:51,BD24,PUNT,3,05:19,BD48,1
BDSS2101,SS,BD,Stuttgart Surge,Barcelona Dragons,6/19/2021,Barcelona,Camp Municipal Reus,19:00,21:45,Y,Y,2:45,1100,24,,cloudy,Z. Hamiko,R. Miras,J. Fernandez F.,H. Horak,J. Scott,A. Flaisch-J.,V. Cobas Otero,SS,1,10,BD17,"V,1,10,H17","15,1,111",{DRIVE}:05:19,STUTTGART SURGE drive start at 05:19.,"V,1,10,H17",NA,NA,05:19,NA,NA,NA,NA,NA,15,V,SS,"PUNT,3,05:19,83","DOWNS,4,15:00,19",4,-64,5:19,PUNT,3,05:19,BD17,DOWNS,4,15:00,SS19,1
BDSS2101,SS,BD,Stuttgart Surge,Barcelona Dragons,6/19/2021,Barcelona,Camp Municipal Reus,19:00,21:45,Y,Y,2:45,1100,24,,cloudy,Z. Hamiko,R. Miras,J. Fernandez F.,H. Horak,J. Scott,A. Flaisch-J.,V. Cobas Otero,SS,1,10,BD17,"V,1,10,H17","15,2,112","PASS:1,C,21,H18 TACK:45",1 pass complete to J. Jacob for loss of 1 yard to the BD18 (A. Posito).,"V,2,11,H18",P,NA,NA,NA,NA,NA,NA,NA,15,V,SS,"PUNT,3,05:19,83","DOWNS,4,15:00,19",4,-64,5:19,PUNT,3,05:19,BD17,DOWNS,4,15:00,SS19,1
BDSS2101,SS,BD,Stuttgart Surge,Barcelona Dragons,6/19/2021,Barcelona,Camp Municipal Reus,19:00,21:45,Y,Y,2:45,1100,24,,cloudy,Z. Hamiko,R. Miras,J. Fernandez F.,H. Horak,J. Scott,A. Flaisch-J.,V. Cobas Otero,SS,2,11,BD18,"V,2,11,H18","15,3,113","PASS:1,C,5,V25 TACK:3",1 pass complete to D. Meza for loss of 57 yards to the SS25 (A. Jimenez).,"V,3,68,V25",P,NA,NA,NA,NA,NA,NA,NA,15,V,SS,"PUNT,3,05:19,83","DOWNS,4,15:00,19",4,-64,5:19,PUNT,3,05:19,BD17,DOWNS,4,15:00,SS19,1
BDSS2101,SS,BD,Stuttgart Surge,Barcelona Dragons,6/19/2021,Barcelona,Camp Municipal Reus,19:00,21:45,Y,Y,2:45,1100,24,,cloudy,Z. Hamiko,R. Miras,J. Fernandez F.,H. Horak,J. Scott,A. Flaisch-J.,V. Cobas Otero,SS,3,68,SS25,"V,3,68,V25","15,4,114","RUSH:21,V19, TACK:20",J. Jacob rush for loss of 6 yards to the SS19 (L. Masero).,"V,4,74,V19",R,NA,NA,NA,NA,NA,NA,NA,15,V,SS,"PUNT,3,05:19,83","DOWNS,4,15:00,19",4,-64,5:19,PUNT,3,05:19,BD17,DOWNS,4,15:00,SS19,1
BDSS2101,SS,BD,Stuttgart Surge,Barcelona Dragons,6/19/2021,Barcelona,Camp Municipal Reus,19:00,21:45,Y,Y,2:45,1100,24,,cloudy,Z. Hamiko,R. Miras,J. Fernandez F.,H. Horak,J. Scott,A. Flaisch-J.,V. Cobas Otero,SS,4,74,SS19,"V,4,74,V19","15,5,115","PASS:1,I,15,*",1 pass incomplete to 15.,"H,1,10,V19",P,NA,NA,NA,NA,NA,NA,NA,15,V,SS,"PUNT,3,05:19,83","DOWNS,4,15:00,19",4,-64,5:19,PUNT,3,05:19,BD17,DOWNS,4,15:00,SS19,1
BDSS2101,SS,BD,Stuttgart Surge,Barcelona Dragons,6/19/2021,Barcelona,Camp Municipal Reus,19:00,21:45,Y,Y,2:45,1100,24,,cloudy,Z. Hamiko,R. Miras,J. Fernandez F.,H. Horak,J. Scott,A. Flaisch-J.,V. Cobas Otero,BD,1,10,SS19,"H,1,10,V19","16,1,116","RUSH:1,V14, TACK:45",Z. Edwards rush for 5 yards to the SS14 (N. Hamulic).,"H,2,5,V14",R,NA,NA,NA,NA,NA,NA,NA,16,H,BD,"DOWNS,4,15:00,81","FGA,4,15:00,89",5,8,0:00,DOWNS,4,15:00,SS19,FGA,4,15:00,SS11,1
BDSS2101,SS,BD,Stuttgart Surge,Barcelona Dragons,6/19/2021,Barcelona,Camp Municipal Reus,19:00,21:45,Y,Y,2:45,1100,24,,cloudy,Z. Hamiko,R. Miras,J. Fernandez F.,H. Horak,J. Scott,A. Flaisch-J.,V. Cobas Otero,BD,2,5,SS14,"H,2,5,V14","16,2,117","RUSH:3,V13, TACK:3,44",A. Jimenez rush for 1 yard to the SS13 (T. Bronn;J. Mbala).,"H,3,4,V13",R,NA,NA,NA,NA,NA,NA,NA,16,H,BD,"DOWNS,4,15:00,81","FGA,4,15:00,89",5,8,0:00,DOWNS,4,15:00,SS19,FGA,4,15:00,SS11,1
BDSS2101,SS,BD,Stuttgart Surge,Barcelona Dragons,6/19/2021,Barcelona,Camp Municipal Reus,19:00,21:45,Y,Y,2:45,1100,24,,cloudy,Z. Hamiko,R. Miras,J. Fernandez F.,H. Horak,J. Scott,A. Flaisch-J.,V. Cobas Otero,BD,3,4,SS13,"H,3,4,V13","16,3,118","RUSH:17,V17, +:5,V06 TACK:31","A. Herrero rush for loss of 4 yards to the SS17, J. Constant for 11 yards to the SS6, 1ST DOWN BD (N. Wenzelburger).","H,1,0,V06",R,NA,NA,R,NA,NA,NA,NA,16,H,BD,"DOWNS,4,15:00,81","FGA,4,15:00,89",5,8,0:00,DOWNS,4,15:00,SS19,FGA,4,15:00,SS11,1
BDSS2101,SS,BD,Stuttgart Surge,Barcelona Dragons,6/19/2021,Barcelona,Camp Municipal Reus,19:00,21:45,Y,Y,2:45,1100,24,,cloudy,Z. Hamiko,R. Miras,J. Fernandez F.,H. Horak,J. Scott,A. Flaisch-J.,V. Cobas Otero,BD,1,0,SS06,"H,1,0,V06","16,4,119","PASS:1,S,TM,V11 SACK:98,45",Z. Edwards sacked for loss of 5 yards to the SS11 (M. Fuerst;N. Hamulic).,"H,2,0,V11",P,NA,NA,NA,NA,NA,NA,NA,16,H,BD,"DOWNS,4,15:00,81","FGA,4,15:00,89",5,8,0:00,DOWNS,4,15:00,SS19,FGA,4,15:00,SS11,1
BDSS2101,SS,BD,Stuttgart Surge,Barcelona Dragons,6/19/2021,Barcelona,Camp Municipal Reus,19:00,21:45,Y,Y,2:45,1100,24,,cloudy,Z. Hamiko,R. Miras,J. Fernandez F.,H. Horak,J. Scott,A. Flaisch-J.,V. Cobas Otero,BD,2,0,SS11,"H,2,0,V11","16,5,120",Q:4 T:15:00,"Start of 4th quarter, clock 15:00.","H,2,0,V11",#,NA,15:00,NA,NA,NA,NA,NA,16,H,BD,"DOWNS,4,15:00,81","FGA,4,15:00,89",5,8,0:00,DOWNS,4,15:00,SS19,FGA,4,15:00,SS11,1
BDSS2101,SS,BD,Stuttgart Surge,Barcelona Dragons,6/19/2021,Barcelona,Camp Municipal Reus,19:00,21:45,Y,Y,2:45,1100,24,,cloudy,Z. Hamiko,R. Miras,J. Fernandez F.,H. Horak,J. Scott,A. Flaisch-J.,V. Cobas Otero,BD,2,0,SS11,"H,2,0,V11","16,6,121","FGA:9,38,B,V10,V,TM T:15:00 BLOCK:TM +:TM,V16","L. Cereceda field goal attempt from 38 BLOCKED, recovered by SS TEAM at SS10 spot at SS10, clock 15:00 (blocked by TEAM), TEAM for 6 yards to the SS16.","V,1,10,V16",F,NA,15:00,NA,NA,NA,NA,NA,16,H,BD,"DOWNS,4,15:00,81","FGA,4,15:00,89",5,8,0:00,DOWNS,4,15:00,SS19,FGA,4,15:00,SS11,1
BDSS2101,SS,BD,Stuttgart Surge,Barcelona Dragons,6/19/2021,Barcelona,Camp Municipal Reus,19:00,21:45,Y,Y,2:45,1100,24,,cloudy,Z. Hamiko,R. Miras,J. Fernandez F.,H. Horak,J. Scott,A. Flaisch-J.,V. Cobas Otero,SS,1,10,SS16,"V,1,10,V16","17,1,122","SPOT:V,V20,Y",SS ball on SS20.,"V,1,10,V20",NA,NA,NA,NA,NA,NA,NA,NA,17,V,SS,"FGA,4,15:00,20","PUNT,4,12:27,36",4,16,2:33,FGA,4,15:00,SS20,PUNT,4,12:27,SS36,NA
BDSS2101,SS,BD,Stuttgart Surge,Barcelona Dragons,6/19/2021,Barcelona,Camp Municipal Reus,19:00,21:45,Y,Y,2:45,1100,24,,cloudy,Z. Hamiko,R. Miras,J. Fernandez F.,H. Horak,J. Scott,A. Flaisch-J.,V. Cobas Otero,SS,1,10,SS20,"V,1,10,V20","17,2,123","RUSH:6,V27, TACK:7 PEN:H,PF,A,23,V42,N","J. Wright rush for 7 yards to the SS27 (M. Tavarres), PENALTY BD personal foul (J. Brugnani) 15 yards to the SS42, 1ST DOWN SS.","V,1,10,V42",R,NA,NA,E,NA,NA,NA,NA,17,V,SS,"FGA,4,15:00,20","PUNT,4,12:27,36",4,16,2:33,FGA,4,15:00,SS20,PUNT,4,12:27,SS36,NA
BDSS2101,SS,BD,Stuttgart Surge,Barcelona Dragons,6/19/2021,Barcelona,Camp Municipal Reus,19:00,21:45,Y,Y,2:45,1100,24,,cloudy,Z. Hamiko,R. Miras,J. Fernandez F.,H. Horak,J. Scott,A. Flaisch-J.,V. Cobas Otero,SS,1,10,SS42,"V,1,10,V42","17,3,124","D:1,10",1st and 10.,"V,1,10,V42",NA,NA,NA,NA,NA,NA,NA,NA,17,V,SS,"FGA,4,15:00,20","PUNT,4,12:27,36",4,16,2:33,FGA,4,15:00,SS20,PUNT,4,12:27,SS36,NA
BDSS2101,SS,BD,Stuttgart Surge,Barcelona Dragons,6/19/2021,Barcelona,Camp Municipal Reus,19:00,21:45,Y,Y,2:45,1100,24,,cloudy,Z. Hamiko,R. Miras,J. Fernandez F.,H. Horak,J. Scott,A. Flaisch-J.,V. Cobas Otero,SS,1,10,SS42,"V,1,10,V42","17,4,125","RUSH:27,H48, OB: PEN:V,HO,A,71,V32,N NOPLAY:","S. Shannon rush for 10 yards to the BD48, out-of-bounds, PENALTY SS holding (J. Steiger) 10 yards to the SS32, NO PLAY.","V,1,20,V32",E,Y,NA,NA,NA,NA,NA,NA,17,V,SS,"FGA,4,15:00,20","PUNT,4,12:27,36",4,16,2:33,FGA,4,15:00,SS20,PUNT,4,12:27,SS36,NA
BDSS2101,SS,BD,Stuttgart Surge,Barcelona Dragons,6/19/2021,Barcelona,Camp Municipal Reus,19:00,21:45,Y,Y,2:45,1100,24,,cloudy,Z. Hamiko,R. Miras,J. Fernandez F.,H. Horak,J. Scott,A. Flaisch-J.,V. Cobas Otero,SS,1,20,SS32,"V,1,20,V32","17,5,126","RUSH:27,V32, TACK:25",S. Shannon rush for no gain to the SS32 (N. Lester).,"V,2,20,V32",R,NA,NA,NA,NA,NA,NA,NA,17,V,SS,"FGA,4,15:00,20","PUNT,4,12:27,36",4,16,2:33,FGA,4,15:00,SS20,PUNT,4,12:27,SS36,NA
BDSS2101,SS,BD,Stuttgart Surge,Barcelona Dragons,6/19/2021,Barcelona,Camp Municipal Reus,19:00,21:45,Y,Y,2:45,1100,24,,cloudy,Z. Hamiko,R. Miras,J. Fernandez F.,H. Horak,J. Scott,A. Flaisch-J.,V. Cobas Otero,SS,2,20,SS32,"V,2,20,V32","17,6,127","PASS:6,C,18,V36 TACK:22",J. Wright pass complete to P. Steigerwald for 4 yards to the SS36 (W. Martheli).,"V,3,16,V36",P,NA,NA,NA,NA,NA,NA,NA,17,V,SS,"FGA,4,15:00,20","PUNT,4,12:27,36",4,16,2:33,FGA,4,15:00,SS20,PUNT,4,12:27,SS36,NA
BDSS2101,SS,BD,Stuttgart Surge,Barcelona Dragons,6/19/2021,Barcelona,Camp Municipal Reus,19:00,21:45,Y,Y,2:45,1100,24,,cloudy,Z. Hamiko,R. Miras,J. Fernandez F.,H. Horak,J. Scott,A. Flaisch-J.,V. Cobas Otero,SS,3,16,SS36,"V,3,16,V36","17,7,128","PASS:6,I,17,* BRUP:22",J. Wright pass incomplete to P. Floeser (W. Martheli).,"V,4,16,V36",P,NA,NA,NA,NA,NA,NA,NA,17,V,SS,"FGA,4,15:00,20","PUNT,4,12:27,36",4,16,2:33,FGA,4,15:00,SS20,PUNT,4,12:27,SS36,NA
BDSS2101,SS,BD,Stuttgart Surge,Barcelona Dragons,6/19/2021,Barcelona,Camp Municipal Reus,19:00,21:45,Y,Y,2:45,1100,24,,cloudy,Z. Hamiko,R. Miras,J. Fernandez F.,H. Horak,J. Scott,A. Flaisch-J.,V. Cobas Otero,SS,4,16,SS36,"V,4,16,V36","17,8,129","PUNT:3,V28,B,H,V25,53 BLOCK:55","T. Bronn punt BLOCKED, recovered by BD P. Tricas at SS25 (blocked by I. Gutierrez).","H,1,10,V25",U,NA,NA,NA,NA,NA,NA,NA,17,V,SS,"FGA,4,15:00,20","PUNT,4,12:27,36",4,16,2:33,FGA,4,15:00,SS20,PUNT,4,12:27,SS36,NA
BDSS2101,SS,BD,Stuttgart Surge,Barcelona Dragons,6/19/2021,Barcelona,Camp Municipal Reus,19:00,21:45,Y,Y,2:45,1100,24,,cloudy,Z. Hamiko,R. Miras,J. Fernandez F.,H. Horak,J. Scott,A. Flaisch-J.,V. Cobas Otero,BD,1,10,SS25,"H,1,10,V25","18,1,130",{DRIVE}:12:27,BARCELONA DRAGONS drive start at 12:27.,"H,1,10,V25",NA,NA,12:27,NA,NA,NA,NA,NA,18,H,BD,"PUNT,4,12:27,75","FGA,4,10:46,77",4,2,1:41,PUNT,4,12:27,SS25,FGA,4,10:46,SS23,NA
BDSS2101,SS,BD,Stuttgart Surge,Barcelona Dragons,6/19/2021,Barcelona,Camp Municipal Reus,19:00,21:45,Y,Y,2:45,1100,24,,cloudy,Z. Hamiko,R. Miras,J. Fernandez F.,H. Horak,J. Scott,A. Flaisch-J.,V. Cobas Otero,BD,1,10,SS25,"H,1,10,V25","18,2,131","RUSH:1,V25, TACK:44",Z. Edwards rush for no gain to the SS25 (J. Mbala).,"H,2,10,V25",R,NA,NA,NA,NA,NA,NA,NA,18,H,BD,"PUNT,4,12:27,75","FGA,4,10:46,77",4,2,1:41,PUNT,4,12:27,SS25,FGA,4,10:46,SS23,NA
BDSS2101,SS,BD,Stuttgart Surge,Barcelona Dragons,6/19/2021,Barcelona,Camp Municipal Reus,19:00,21:45,Y,Y,2:45,1100,24,,cloudy,Z. Hamiko,R. Miras,J. Fernandez F.,H. Horak,J. Scott,A. Flaisch-J.,V. Cobas Otero,BD,2,10,SS25,"H,2,10,V25","18,3,132","RUSH:21,V23, TACK:20",A. Monton rush for 2 yards to the SS23 (D. Warren).,"H,3,8,V23",R,NA,NA,NA,NA,NA,NA,NA,18,H,BD,"PUNT,4,12:27,75","FGA,4,10:46,77",4,2,1:41,PUNT,4,12:27,SS25,FGA,4,10:46,SS23,NA
BDSS2101,SS,BD,Stuttgart Surge,Barcelona Dragons,6/19/2021,Barcelona,Camp Municipal Reus,19:00,21:45,Y,Y,2:45,1100,24,,cloudy,Z. Hamiko,R. Miras,J. Fernandez F.,H. Horak,J. Scott,A. Flaisch-J.,V. Cobas Otero,BD,3,8,SS23,"H,3,8,V23","18,4,133","PASS:1,I,5,*",Z. Edwards pass incomplete to J. Constant.,"H,4,8,V23",P,NA,NA,NA,NA,NA,NA,NA,18,H,BD,"PUNT,4,12:27,75","FGA,4,10:46,77",4,2,1:41,PUNT,4,12:27,SS25,FGA,4,10:46,SS23,NA
BDSS2101,SS,BD,Stuttgart Surge,Barcelona Dragons,6/19/2021,Barcelona,Camp Municipal Reus,19:00,21:45,Y,Y,2:45,1100,24,,cloudy,Z. Hamiko,R. Miras,J. Fernandez F.,H. Horak,J. Scott,A. Flaisch-J.,V. Cobas Otero,BD,4,8,SS23,"H,4,8,V23","18,5,134","FGA:85,40,M,V30,L T:10:46","J. Llinas field goal attempt from 40 MISSED - wide left, spot at SS30, clock 10:46.","V,1,10,V30",F,NA,10:46,NA,NA,NA,NA,NA,18,H,BD,"PUNT,4,12:27,75","FGA,4,10:46,77",4,2,1:41,PUNT,4,12:27,SS25,FGA,4,10:46,SS23,NA
BDSS2101,SS,BD,Stuttgart Surge,Barcelona Dragons,6/19/2021,Barcelona,Camp Municipal Reus,19:00,21:45,Y,Y,2:45,1100,24,,cloudy,Z. Hamiko,R. Miras,J. Fernandez F.,H. Horak,J. Scott,A. Flaisch-J.,V. Cobas Otero,SS,1,10,SS30,"V,1,10,V30","19,1,135",{DRIVE}:10:46,STUTTGART SURGE drive start at 10:46.,"V,1,10,V30",NA,NA,10:46,NA,NA,NA,NA,NA,19,V,SS,"FGA,4,10:46,30","PUNT,4,08:00,55",5,25,2:46,FGA,4,10:46,SS30,PUNT,4,08:00,BD45,NA
BDSS2101,SS,BD,Stuttgart Surge,Barcelona Dragons,6/19/2021,Barcelona,Camp Municipal Reus,19:00,21:45,Y,Y,2:45,1100,24,,cloudy,Z. Hamiko,R. Miras,J. Fernandez F.,H. Horak,J. Scott,A. Flaisch-J.,V. Cobas Otero,SS,1,10,SS30,"V,1,10,V30","19,2,136","RUSH:27,V29, TACK:23",S. Shannon rush for loss of 1 yard to the SS29 (J. Brugnani).,"V,2,11,V29",R,NA,NA,NA,NA,NA,NA,NA,19,V,SS,"FGA,4,10:46,30","PUNT,4,08:00,55",5,25,2:46,FGA,4,10:46,SS30,PUNT,4,08:00,BD45,NA
BDSS2101,SS,BD,Stuttgart Surge,Barcelona Dragons,6/19/2021,Barcelona,Camp Municipal Reus,19:00,21:45,Y,Y,2:45,1100,24,,cloudy,Z. Hamiko,R. Miras,J. Fernandez F.,H. Horak,J. Scott,A. Flaisch-J.,V. Cobas Otero,SS,2,11,SS29,"V,2,11,V29","19,3,137","PASS:6,C,88,H48 OB:","J. Wright pass complete to M. Pludra for 23 yards to the BD48, 1ST DOWN SS, out-of-bounds.","V,1,10,H48",P,Y,NA,P,NA,NA,NA,NA,19,V,SS,"FGA,4,10:46,30","PUNT,4,08:00,55",5,25,2:46,FGA,4,10:46,SS30,PUNT,4,08:00,BD45,NA
BDSS2101,SS,BD,Stuttgart Surge,Barcelona Dragons,6/19/2021,Barcelona,Camp Municipal Reus,19:00,21:45,Y,Y,2:45,1100,24,,cloudy,Z. Hamiko,R. Miras,J. Fernandez F.,H. Horak,J. Scott,A. Flaisch-J.,V. Cobas Otero,SS,1,10,BD48,"V,1,10,H48","19,4,138","RUSH:27,H44, TACK:7",S. Shannon rush for 4 yards to the BD44 (M. Tavarres).,"V,2,6,H44",R,NA,NA,NA,NA,NA,NA,NA,19,V,SS,"FGA,4,10:46,30","PUNT,4,08:00,55",5,25,2:46,FGA,4,10:46,SS30,PUNT,4,08:00,BD45,NA
BDSS2101,SS,BD,Stuttgart Surge,Barcelona Dragons,6/19/2021,Barcelona,Camp Municipal Reus,19:00,21:45,Y,Y,2:45,1100,24,,cloudy,Z. Hamiko,R. Miras,J. Fernandez F.,H. Horak,J. Scott,A. Flaisch-J.,V. Cobas Otero,SS,2,6,BD44,"V,2,6,H44","19,5,139","RUSH:6,H45, TACK:73",J. Wright rush for loss of 1 yard to the BD45 (S. Bowen).,"V,3,7,H45",R,NA,NA,NA,NA,NA,NA,NA,19,V,SS,"FGA,4,10:46,30","PUNT,4,08:00,55",5,25,2:46,FGA,4,10:46,SS30,PUNT,4,08:00,BD45,NA
BDSS2101,SS,BD,Stuttgart Surge,Barcelona Dragons,6/19/2021,Barcelona,Camp Municipal Reus,19:00,21:45,Y,Y,2:45,1100,24,,cloudy,Z. Hamiko,R. Miras,J. Fernandez F.,H. Horak,J. Scott,A. Flaisch-J.,V. Cobas Otero,SS,3,7,BD45,"V,3,7,H45","19,6,140","PASS:6,I,27,* BRUP:90",J. Wright pass incomplete to S. Shannon (A. Fernandez).,"V,4,7,H45",P,NA,NA,NA,NA,NA,NA,NA,19,V,SS,"FGA,4,10:46,30","PUNT,4,08:00,55",5,25,2:46,FGA,4,10:46,SS30,PUNT,4,08:00,BD45,NA
BDSS2101,SS,BD,Stuttgart Surge,Barcelona Dragons,6/19/2021,Barcelona,Camp Municipal Reus,19:00,21:45,Y,Y,2:45,1100,24,,cloudy,Z. Hamiko,R. Miras,J. Fernandez F.,H. Horak,J. Scott,A. Flaisch-J.,V. Cobas Otero,SS,4,7,BD45,"V,4,7,H45","19,7,141","PUNT:3,H06 OB:","T. Bronn punt 39 yards to the BD6, out-of-bounds.","H,1,10,H06",U,Y,NA,NA,NA,NA,NA,NA,19,V,SS,"FGA,4,10:46,30","PUNT,4,08:00,55",5,25,2:46,FGA,4,10:46,SS30,PUNT,4,08:00,BD45,NA
BDSS2101,SS,BD,Stuttgart Surge,Barcelona Dragons,6/19/2021,Barcelona,Camp Municipal Reus,19:00,21:45,Y,Y,2:45,1100,24,,cloudy,Z. Hamiko,R. Miras,J. Fernandez F.,H. Horak,J. Scott,A. Flaisch-J.,V. Cobas Otero,BD,1,10,BD06,"H,1,10,H06","20,1,142",{DRIVE}:08:00,BARCELONA DRAGONS drive start at 08:00.,"H,1,10,H06",NA,NA,08:00,NA,NA,NA,NA,NA,20,H,BD,"PUNT,4,08:00,6","TD,4,03:12,100",8,94,4:48,PUNT,4,08:00,BD06,TD,4,03:12,SS00,1
BDSS2101,SS,BD,Stuttgart Surge,Barcelona Dragons,6/19/2021,Barcelona,Camp Municipal Reus,19:00,21:45,Y,Y,2:45,1100,24,,cloudy,Z. Hamiko,R. Miras,J. Fernandez F.,H. Horak,J. Scott,A. Flaisch-J.,V. Cobas Otero,BD,1,10,BD06,"H,1,10,H06","20,2,143","PASS:1,C,5,H23 TACK:23","Z. Edwards pass complete to J. Constant for 17 yards to the BD23, 1ST DOWN BD (M. Dabo).","H,1,10,H23",P,NA,NA,P,NA,NA,NA,NA,20,H,BD,"PUNT,4,08:00,6","TD,4,03:12,100",8,94,4:48,PUNT,4,08:00,BD06,TD,4,03:12,SS00,1
BDSS2101,SS,BD,Stuttgart Surge,Barcelona Dragons,6/19/2021,Barcelona,Camp Municipal Reus,19:00,21:45,Y,Y,2:45,1100,24,,cloudy,Z. Hamiko,R. Miras,J. Fernandez F.,H. Horak,J. Scott,A. Flaisch-J.,V. Cobas Otero,BD,1,10,BD23,"H,1,10,H23","20,3,144","RUSH:3,H27, TACK:5",A. Jimenez rush for 4 yards to the BD27 (D. Meza).,"H,2,6,H27",R,NA,NA,NA,NA,NA,NA,NA,20,H,BD,"PUNT,4,08:00,6","TD,4,03:12,100",8,94,4:48,PUNT,4,08:00,BD06,TD,4,03:12,SS00,1
BDSS2101,SS,BD,Stuttgart Surge,Barcelona Dragons,6/19/2021,Barcelona,Camp Municipal Reus,19:00,21:45,Y,Y,2:45,1100,24,,cloudy,Z. Hamiko,R. Miras,J. Fernandez F.,H. Horak,J. Scott,A. Flaisch-J.,V. Cobas Otero,BD,2,6,BD27,"H,2,6,H27","20,4,145","PASS:1,C,4,V27 TACK:3","Z. Edwards pass complete to R. Bertellin for 46 yards to the SS27, 1ST DOWN BD (T. Bronn).","H,1,10,V27",P,NA,NA,P,NA,NA,NA,NA,20,H,BD,"PUNT,4,08:00,6","TD,4,03:12,100",8,94,4:48,PUNT,4,08:00,BD06,TD,4,03:12,SS00,1
BDSS2101,SS,BD,Stuttgart Surge,Barcelona Dragons,6/19/2021,Barcelona,Camp Municipal Reus,19:00,21:45,Y,Y,2:45,1100,24,,cloudy,Z. Hamiko,R. Miras,J. Fernandez F.,H. Horak,J. Scott,A. Flaisch-J.,V. Cobas Otero,BD,1,10,SS27,"H,1,10,V27","20,5,146","PASS:1,S,TM,V36 SACK:93",Z. Edwards sacked for loss of 9 yards to the SS36 (F. Beitenbach).,"H,2,19,V36",P,NA,NA,NA,NA,NA,NA,NA,20,H,BD,"PUNT,4,08:00,6","TD,4,03:12,100",8,94,4:48,PUNT,4,08:00,BD06,TD,4,03:12,SS00,1
BDSS2101,SS,BD,Stuttgart Surge,Barcelona Dragons,6/19/2021,Barcelona,Camp Municipal Reus,19:00,21:45,Y,Y,2:45,1100,24,,cloudy,Z. Hamiko,R. Miras,J. Fernandez F.,H. Horak,J. Scott,A. Flaisch-J.,V. Cobas Otero,BD,2,19,SS36,"H,2,19,V36","20,6,147","RUSH:5,V29, TACK:33",J. Constant rush for 7 yards to the SS29 (B. Wenzler).,"H,3,12,V29",R,NA,NA,NA,NA,NA,NA,NA,20,H,BD,"PUNT,4,08:00,6","TD,4,03:12,100",8,94,4:48,PUNT,4,08:00,BD06,TD,4,03:12,SS00,1
BDSS2101,SS,BD,Stuttgart Surge,Barcelona Dragons,6/19/2021,Barcelona,Camp Municipal Reus,19:00,21:45,Y,Y,2:45,1100,24,,cloudy,Z. Hamiko,R. Miras,J. Fernandez F.,H. Horak,J. Scott,A. Flaisch-J.,V. Cobas Otero,BD,3,12,SS29,"H,3,12,V29","20,7,148",TOUT:H T:04:30,"Timeout Barcelona Dragons, clock 04:30.","H,3,12,V29",#,NA,04:30,NA,NA,NA,NA,NA,20,H,BD,"PUNT,4,08:00,6","TD,4,03:12,100",8,94,4:48,PUNT,4,08:00,BD06,TD,4,03:12,SS00,1
BDSS2101,SS,BD,Stuttgart Surge,Barcelona Dragons,6/19/2021,Barcelona,Camp Municipal Reus,19:00,21:45,Y,Y,2:45,1100,24,,cloudy,Z. Hamiko,R. Miras,J. Fernandez F.,H. Horak,J. Scott,A. Flaisch-J.,V. Cobas Otero,BD,3,12,SS29,"H,3,12,V29","20,8,149","PASS:1,C,4,V04 OB:","Z. Edwards pass complete to R. Bertellin for 25 yards to the SS4, 1ST DOWN BD, out-of-bounds.","H,1,0,V04",P,Y,NA,P,NA,NA,NA,NA,20,H,BD,"PUNT,4,08:00,6","TD,4,03:12,100",8,94,4:48,PUNT,4,08:00,BD06,TD,4,03:12,SS00,1
BDSS2101,SS,BD,Stuttgart Surge,Barcelona Dragons,6/19/2021,Barcelona,Camp Municipal Reus,19:00,21:45,Y,Y,2:45,1100,24,,cloudy,Z. Hamiko,R. Miras,J. Fernandez F.,H. Horak,J. Scott,A. Flaisch-J.,V. Cobas Otero,BD,1,0,SS04,"H,1,0,V04","20,9,150","RUSH:3,V05, TACK:20",A. Jimenez rush for loss of 1 yard to the SS5 (D. Warren).,"H,2,0,V05",R,NA,NA,NA,NA,NA,NA,NA,20,H,BD,"PUNT,4,08:00,6","TD,4,03:12,100",8,94,4:48,PUNT,4,08:00,BD06,TD,4,03:12,SS00,1
BDSS2101,SS,BD,Stuttgart Surge,Barcelona Dragons,6/19/2021,Barcelona,Camp Municipal Reus,19:00,21:45,Y,Y,2:45,1100,24,,cloudy,Z. Hamiko,R. Miras,J. Fernandez F.,H. Horak,J. Scott,A. Flaisch-J.,V. Cobas Otero,BD,2,0,SS05,"H,2,0,V05","20,10,151","PASS:1,C,21,V00 T:03:12 TOUT:H T:03:12 PAT:K,85,G","Z. Edwards pass complete to A. Monton for 5 yards to the SS0, 1ST DOWN BD, TOUCHDOWN, clock 03:12, timeout Barcelona Dragons, clock 03:12, J. Llinas kick attempt good.","H,1,0,H35",X,NA,03:12,P,NA,Y,14,17,20,H,BD,"PUNT,4,08:00,6","TD,4,03:12,100",8,94,4:48,PUNT,4,08:00,BD06,TD,4,03:12,SS00,1
BDSS2101,SS,BD,Stuttgart Surge,Barcelona Dragons,6/19/2021,Barcelona,Camp Municipal Reus,19:00,21:45,Y,Y,2:45,1100,24,,cloudy,Z. Hamiko,R. Miras,J. Fernandez F.,H. Horak,J. Scott,A. Flaisch-J.,V. Cobas Otero,BD,1,0,BD35,"H,1,0,H35","20,11,152","KO:9,V17 OB: SPOT:V,V40,Y","L. Cereceda kickoff 48 yards to the SS17, out-of-bounds, SS ball on SS40.","V,1,10,V40",K,Y,NA,NA,NA,NA,NA,NA,20,H,BD,"PUNT,4,08:00,6","TD,4,03:12,100",8,94,4:48,PUNT,4,08:00,BD06,TD,4,03:12,SS00,1
BDSS2101,SS,BD,Stuttgart Surge,Barcelona Dragons,6/19/2021,Barcelona,Camp Municipal Reus,19:00,21:45,Y,Y,2:45,1100,24,,cloudy,Z. Hamiko,R. Miras,J. Fernandez F.,H. Horak,J. Scott,A. Flaisch-J.,V. Cobas Otero,SS,1,10,SS40,"V,1,10,V40","21,1,153",{DRIVE}:03:10,STUTTGART SURGE drive start at 03:10.,"V,1,10,V40",NA,NA,03:10,NA,NA,NA,NA,NA,21,V,SS,"KO,4,03:10,40","TD,4,01:42,100",8,60,1:28,KO,4,03:10,SS40,TD,4,01:42,BD00,1
BDSS2101,SS,BD,Stuttgart Surge,Barcelona Dragons,6/19/2021,Barcelona,Camp Municipal Reus,19:00,21:45,Y,Y,2:45,1100,24,,cloudy,Z. Hamiko,R. Miras,J. Fernandez F.,H. Horak,J. Scott,A. Flaisch-J.,V. Cobas Otero,SS,1,10,SS40,"V,1,10,V40","21,2,154","PASS:6,I,17,*",J. Wright pass incomplete to P. Floeser.,"V,2,10,V40",P,NA,NA,NA,NA,NA,NA,NA,21,V,SS,"KO,4,03:10,40","TD,4,01:42,100",8,60,1:28,KO,4,03:10,SS40,TD,4,01:42,BD00,1
BDSS2101,SS,BD,Stuttgart Surge,Barcelona Dragons,6/19/2021,Barcelona,Camp Municipal Reus,19:00,21:45,Y,Y,2:45,1100,24,,cloudy,Z. Hamiko,R. Miras,J. Fernandez F.,H. Horak,J. Scott,A. Flaisch-J.,V. Cobas Otero,SS,2,10,SS40,"V,2,10,V40","21,3,155","PASS:6,I,17,*",J. Wright pass incomplete to P. Floeser.,"V,3,10,V40",P,NA,NA,NA,NA,NA,NA,NA,21,V,SS,"KO,4,03:10,40","TD,4,01:42,100",8,60,1:28,KO,4,03:10,SS40,TD,4,01:42,BD00,1
BDSS2101,SS,BD,Stuttgart Surge,Barcelona Dragons,6/19/2021,Barcelona,Camp Municipal Reus,19:00,21:45,Y,Y,2:45,1100,24,,cloudy,Z. Hamiko,R. Miras,J. Fernandez F.,H. Horak,J. Scott,A. Flaisch-J.,V. Cobas Otero,SS,3,10,SS40,"V,3,10,V40","21,4,156","PASS:6,C,14,H47 OB:","J. Wright pass complete to L. Geyer for 13 yards to the BD47, 1ST DOWN SS, out-of-bounds.","V,1,10,H47",P,Y,NA,P,NA,NA,NA,NA,21,V,SS,"KO,4,03:10,40","TD,4,01:42,100",8,60,1:28,KO,4,03:10,SS40,TD,4,01:42,BD00,1
BDSS2101,SS,BD,Stuttgart Surge,Barcelona Dragons,6/19/2021,Barcelona,Camp Municipal Reus,19:00,21:45,Y,Y,2:45,1100,24,,cloudy,Z. Hamiko,R. Miras,J. Fernandez F.,H. Horak,J. Scott,A. Flaisch-J.,V. Cobas Otero,SS,1,10,BD47,"V,1,10,H47","21,5,157","PASS:6,C,4,H40 TACK:25",J. Wright pass complete to A. Eitel for 7 yards to the BD40 (N. Lester).,"V,2,3,H40",P,NA,NA,NA,NA,NA,NA,NA,21,V,SS,"KO,4,03:10,40","TD,4,01:42,100",8,60,1:28,KO,4,03:10,SS40,TD,4,01:42,BD00,1
BDSS2101,SS,BD,Stuttgart Surge,Barcelona Dragons,6/19/2021,Barcelona,Camp Municipal Reus,19:00,21:45,Y,Y,2:45,1100,24,,cloudy,Z. Hamiko,R. Miras,J. Fernandez F.,H. Horak,J. Scott,A. Flaisch-J.,V. Cobas Otero,SS,2,3,BD40,"V,2,3,H40","21,6,158","PASS:6,C,17,H36 TACK:33 TOUT:V T:02:00","J. Wright pass complete to P. Floeser for 4 yards to the BD36, 1ST DOWN SS (T. Debiez), timeout Stuttgart Surge, clock 02:00.","V,1,10,H36",P,NA,02:00,P,NA,NA,NA,NA,21,V,SS,"KO,4,03:10,40","TD,4,01:42,100",8,60,1:28,KO,4,03:10,SS40,TD,4,01:42,BD00,1
BDSS2101,SS,BD,Stuttgart Surge,Barcelona Dragons,6/19/2021,Barcelona,Camp Municipal Reus,19:00,21:45,Y,Y,2:45,1100,24,,cloudy,Z. Hamiko,R. Miras,J. Fernandez F.,H. Horak,J. Scott,A. Flaisch-J.,V. Cobas Otero,SS,1,10,BD36,"V,1,10,H36","21,7,159","RUSH:27,H28, OB:","S. Shannon rush for 8 yards to the BD28, out-of-bounds.","V,2,2,H28",R,Y,NA,NA,NA,NA,NA,NA,21,V,SS,"KO,4,03:10,40","TD,4,01:42,100",8,60,1:28,KO,4,03:10,SS40,TD,4,01:42,BD00,1
BDSS2101,SS,BD,Stuttgart Surge,Barcelona Dragons,6/19/2021,Barcelona,Camp Municipal Reus,19:00,21:45,Y,Y,2:45,1100,24,,cloudy,Z. Hamiko,R. Miras,J. Fernandez F.,H. Horak,J. Scott,A. Flaisch-J.,V. Cobas Otero,SS,2,2,BD28,"V,2,2,H28","21,8,160","RUSH:6,H11, TACK:33 PEN:H,HO,D","J. Wright rush for 17 yards to the BD11, 1ST DOWN SS (T. Debiez), PENALTY BD holding declined.","V,1,10,H11",R,NA,NA,R,NA,NA,NA,NA,21,V,SS,"KO,4,03:10,40","TD,4,01:42,100",8,60,1:28,KO,4,03:10,SS40,TD,4,01:42,BD00,1
BDSS2101,SS,BD,Stuttgart Surge,Barcelona Dragons,6/19/2021,Barcelona,Camp Municipal Reus,19:00,21:45,Y,Y,2:45,1100,24,,cloudy,Z. Hamiko,R. Miras,J. Fernandez F.,H. Horak,J. Scott,A. Flaisch-J.,V. Cobas Otero,SS,1,10,BD11,"V,1,10,H11","21,9,161","PASS:6,C,17,H00 T:01:42 PAT:K,3,G","J. Wright pass complete to P. Floeser for 11 yards to the BD0, 1ST DOWN SS, TOUCHDOWN, clock 01:42, T. Bronn kick attempt good.","V,1,0,V35",X,NA,01:42,P,NA,Y,21,17,21,V,SS,"KO,4,03:10,40","TD,4,01:42,100",8,60,1:28,KO,4,03:10,SS40,TD,4,01:42,BD00,1
BDSS2101,SS,BD,Stuttgart Surge,Barcelona Dragons,6/19/2021,Barcelona,Camp Municipal Reus,19:00,21:45,Y,Y,2:45,1100,24,,cloudy,Z. Hamiko,R. Miras,J. Fernandez F.,H. Horak,J. Scott,A. Flaisch-J.,V. Cobas Otero,SS,1,0,SS35,"V,1,0,V35","21,10,162","KO:3,H31 RET:4,H46 TACK:32","T. Bronn kickoff 34 yards to the BD31, R. Bertellin return 15 yards to the BD46 (J. Ludwig-M.).","H,1,10,H46",K,NA,NA,NA,NA,NA,NA,NA,21,V,SS,"KO,4,03:10,40","TD,4,01:42,100",8,60,1:28,KO,4,03:10,SS40,TD,4,01:42,BD00,1
BDSS2101,SS,BD,Stuttgart Surge,Barcelona Dragons,6/19/2021,Barcelona,Camp Municipal Reus,19:00,21:45,Y,Y,2:45,1100,24,,cloudy,Z. Hamiko,R. Miras,J. Fernandez F.,H. Horak,J. Scott,A. Flaisch-J.,V. Cobas Otero,BD,1,10,BD46,"H,1,10,H46","22,1,163",{DRIVE}:01:33,BARCELONA DRAGONS drive start at 01:33.,"H,1,10,H46",NA,NA,01:33,NA,NA,NA,NA,NA,22,H,BD,"KO,4,01:33,46","HALF,4,00:00,31",3,-15,1:33,KO,4,01:33,BD46,HALF,4,00:00,BD31,NA
BDSS2101,SS,BD,Stuttgart Surge,Barcelona Dragons,6/19/2021,Barcelona,Camp Municipal Reus,19:00,21:45,Y,Y,2:45,1100,24,,cloudy,Z. Hamiko,R. Miras,J. Fernandez F.,H. Horak,J. Scott,A. Flaisch-J.,V. Cobas Otero,BD,1,10,BD46,"H,1,10,H46","22,2,164","PASS:1,C,21,H49 TACK:32",Z. Edwards pass complete to A. Monton for 3 yards to the BD49 (J. Ludwig-M.).,"H,2,7,H49",P,NA,NA,NA,NA,NA,NA,NA,22,H,BD,"KO,4,01:33,46","HALF,4,00:00,31",3,-15,1:33,KO,4,01:33,BD46,HALF,4,00:00,BD31,NA
BDSS2101,SS,BD,Stuttgart Surge,Barcelona Dragons,6/19/2021,Barcelona,Camp Municipal Reus,19:00,21:45,Y,Y,2:45,1100,24,,cloudy,Z. Hamiko,R. Miras,J. Fernandez F.,H. Horak,J. Scott,A. Flaisch-J.,V. Cobas Otero,BD,2,7,BD49,"H,2,7,H49","22,3,165","PASS:1,S,TM,H44 SACK:45,5",Z. Edwards sacked for loss of 5 yards to the BD44 (N. Hamulic;D. Meza).,"H,3,12,H44",P,NA,NA,NA,NA,NA,NA,NA,22,H,BD,"KO,4,01:33,46","HALF,4,00:00,31",3,-15,1:33,KO,4,01:33,BD46,HALF,4,00:00,BD31,NA
BDSS2101,SS,BD,Stuttgart Surge,Barcelona Dragons,6/19/2021,Barcelona,Camp Municipal Reus,19:00,21:45,Y,Y,2:45,1100,24,,cloudy,Z. Hamiko,R. Miras,J. Fernandez F.,H. Horak,J. Scott,A. Flaisch-J.,V. Cobas Otero,BD,3,12,BD44,"H,3,12,H44","22,4,166","PASS:1,S,TM,H31 SACK:99",Z. Edwards sacked for loss of 13 yards to the BD31 (S. Vardar).,"H,4,25,H31",P,NA,NA,NA,NA,NA,NA,NA,22,H,BD,"KO,4,01:33,46","HALF,4,00:00,31",3,-15,1:33,KO,4,01:33,BD46,HALF,4,00:00,BD31,NA
BDSS2101,SS,BD,Stuttgart Surge,Barcelona Dragons,6/19/2021,Barcelona,Camp Municipal Reus,19:00,21:45,Y,Y,2:45,1100,24,,cloudy,Z. Hamiko,R. Miras,J. Fernandez F.,H. Horak,J. Scott,A. Flaisch-J.,V. Cobas Otero,BD,4,25,BD31,"H,4,25,H31","22,5,167",HALF: T:00:00,"End of game, clock 00:00.","H,4,25,H31",#,NA,00:00,NA,NA,NA,NA,NA,22,H,BD,"KO,4,01:33,46","HALF,4,00:00,31",3,-15,1:33,KO,4,01:33,BD46,HALF,4,00:00,BD31,NA
