gameid,visid,homeid,visname,homename,date,location,stadium,start,end,leaguegame,duration,attend,temp,wind,weather,ref,ump,line,lj,bj,fj,sj,cj,alt,hasball,down,togo,spot,context,playid,tokens,desc,newcontext,type,first,ob,clock,score,vscore,hscore,turnover,drive_number,drive_vh,drive_team,drive_start,drive_end,drive_plays,drive_yards,drive_top,drive_start_how,drive_start_qtr,drive_start_time,drive_start_spot,drive_end_how,drive_end_qtr,drive_end_time,drive_end_spot,drive_rz
BTSS2103,SS,BT,Stuttgart Surge,Berlin Thunder,7/4/2021,Berlin,Stadion am Wurfplatz,15:00,17:55,Y,02.55,800,26 C,no,partly cloudy,M. Scholz,B. Hansen,K. Haltermann,B. Schaumberg,Z. Hamiko,M. Hoffmann,V. Kreisman,E. Christensen,E. Christensen,SS,1,10,SS35,"V,1,10,V35","0,1,0",CMT:coin toss,coin toss,"V,1,10,V35",NA,NA,NA,NA,NA,NA,NA,NA,0,NA,NA,NA,NA,NA,NA,NA,NA,NA,NA,NA,NA,NA,NA,NA,NA
BTSS2103,SS,BT,Stuttgart Surge,Berlin Thunder,7/4/2021,Berlin,Stadion am Wurfplatz,15:00,17:55,Y,02.55,800,26 C,no,partly cloudy,M. Scholz,B. Hansen,K. Haltermann,B. Schaumberg,Z. Hamiko,M. Hoffmann,V. Kreisman,E. Christensen,E. Christensen,SS,1,10,SS35,"V,1,10,V35","0,2,2","SPOT:H,H35,N",BT ball on BT35.,"H,1,10,H35",NA,NA,NA,NA,NA,NA,NA,NA,0,NA,NA,NA,NA,NA,NA,NA,NA,NA,NA,NA,NA,NA,NA,NA,NA
BTSS2103,SS,BT,Stuttgart Surge,Berlin Thunder,7/4/2021,Berlin,Stadion am Wurfplatz,15:00,17:55,Y,02.55,800,26 C,no,partly cloudy,M. Scholz,B. Hansen,K. Haltermann,B. Schaumberg,Z. Hamiko,M. Hoffmann,V. Kreisman,E. Christensen,E. Christensen,BT,1,10,BT35,"H,1,10,H35","0,3,3","KO:26,V02 RET:4,V19 TACK:31","J. Schenderlein kickoff 63 yards to the SS2, A. Eitel return 17 yards to the SS19 (L. Pekkarinen).","V,1,10,V19",K,NA,NA,NA,NA,NA,NA,NA,0,NA,NA,NA,NA,NA,NA,NA,NA,NA,NA,NA,NA,NA,NA,NA,NA
BTSS2103,SS,BT,Stuttgart Surge,Berlin Thunder,7/4/2021,Berlin,Stadion am Wurfplatz,15:00,17:55,Y,02.55,800,26 C,no,partly cloudy,M. Scholz,B. Hansen,K. Haltermann,B. Schaumberg,Z. Hamiko,M. Hoffmann,V. Kreisman,E. Christensen,E. Christensen,SS,1,10,SS19,"V,1,10,V19","1,1,4","RUSH:27,V22, TACK:24",S. Shannon rush for 3 yards to the SS22 (M. De Falcis).,"V,2,7,V22",R,NA,NA,NA,NA,NA,NA,NA,1,V,SS,"KO,1,15:00,19","PUNT,1,12:12,42",5,23,2:48,KO,1,15:00,SS19,PUNT,1,12:12,SS42,NA
BTSS2103,SS,BT,Stuttgart Surge,Berlin Thunder,7/4/2021,Berlin,Stadion am Wurfplatz,15:00,17:55,Y,02.55,800,26 C,no,partly cloudy,M. Scholz,B. Hansen,K. Haltermann,B. Schaumberg,Z. Hamiko,M. Hoffmann,V. Kreisman,E. Christensen,E. Christensen,SS,2,7,SS22,"V,2,7,V22","1,2,5","PASS:16,C,5,V36 TACK:8","M. Winterlik pass complete to D. Meza for 14 yards to the SS36, 1ST DOWN SS (P. Seifert).","V,1,10,V36",P,P,NA,NA,NA,NA,NA,NA,1,V,SS,"KO,1,15:00,19","PUNT,1,12:12,42",5,23,2:48,KO,1,15:00,SS19,PUNT,1,12:12,SS42,NA
BTSS2103,SS,BT,Stuttgart Surge,Berlin Thunder,7/4/2021,Berlin,Stadion am Wurfplatz,15:00,17:55,Y,02.55,800,26 C,no,partly cloudy,M. Scholz,B. Hansen,K. Haltermann,B. Schaumberg,Z. Hamiko,M. Hoffmann,V. Kreisman,E. Christensen,E. Christensen,SS,1,10,SS36,"V,1,10,V36","1,3,6","RUSH:27,V40, TACK:52",S. Shannon rush for 4 yards to the SS40 (W. Nasri).,"V,2,6,V40",R,NA,NA,NA,NA,NA,NA,NA,1,V,SS,"KO,1,15:00,19","PUNT,1,12:12,42",5,23,2:48,KO,1,15:00,SS19,PUNT,1,12:12,SS42,NA
BTSS2103,SS,BT,Stuttgart Surge,Berlin Thunder,7/4/2021,Berlin,Stadion am Wurfplatz,15:00,17:55,Y,02.55,800,26 C,no,partly cloudy,M. Scholz,B. Hansen,K. Haltermann,B. Schaumberg,Z. Hamiko,M. Hoffmann,V. Kreisman,E. Christensen,E. Christensen,SS,2,6,SS40,"V,2,6,V40","1,4,7","RUSH:27,V42, TACK:52,92",S. Shannon rush for 2 yards to the SS42 (W. Nasri;F. Paris).,"V,3,4,V42",R,NA,NA,NA,NA,NA,NA,NA,1,V,SS,"KO,1,15:00,19","PUNT,1,12:12,42",5,23,2:48,KO,1,15:00,SS19,PUNT,1,12:12,SS42,NA
BTSS2103,SS,BT,Stuttgart Surge,Berlin Thunder,7/4/2021,Berlin,Stadion am Wurfplatz,15:00,17:55,Y,02.55,800,26 C,no,partly cloudy,M. Scholz,B. Hansen,K. Haltermann,B. Schaumberg,Z. Hamiko,M. Hoffmann,V. Kreisman,E. Christensen,E. Christensen,SS,3,4,SS42,"V,3,4,V42","1,5,8","PASS:16,I,5,*",M. Winterlik pass incomplete to D. Meza.,"V,4,4,V42",P,NA,NA,NA,NA,NA,NA,NA,1,V,SS,"KO,1,15:00,19","PUNT,1,12:12,42",5,23,2:48,KO,1,15:00,SS19,PUNT,1,12:12,SS42,NA
BTSS2103,SS,BT,Stuttgart Surge,Berlin Thunder,7/4/2021,Berlin,Stadion am Wurfplatz,15:00,17:55,Y,02.55,800,26 C,no,partly cloudy,M. Scholz,B. Hansen,K. Haltermann,B. Schaumberg,Z. Hamiko,M. Hoffmann,V. Kreisman,E. Christensen,E. Christensen,SS,4,4,SS42,"V,4,4,V42","1,6,9","PUNT:3,H32 OB:","T. Bronn punt 26 yards to the BT32, out-of-bounds.","H,1,10,H32",U,NA,Y,NA,NA,NA,NA,NA,1,V,SS,"KO,1,15:00,19","PUNT,1,12:12,42",5,23,2:48,KO,1,15:00,SS19,PUNT,1,12:12,SS42,NA
BTSS2103,SS,BT,Stuttgart Surge,Berlin Thunder,7/4/2021,Berlin,Stadion am Wurfplatz,15:00,17:55,Y,02.55,800,26 C,no,partly cloudy,M. Scholz,B. Hansen,K. Haltermann,B. Schaumberg,Z. Hamiko,M. Hoffmann,V. Kreisman,E. Christensen,E. Christensen,BT,1,10,BT32,"H,1,10,H32","2,1,10",{DRIVE}:12:12,BERLIN THUNDER drive start at 12:12.,"H,1,10,H32",NA,NA,NA,12:12,NA,NA,NA,NA,2,H,BT,"PUNT,1,12:12,32","TD,1,08:15,100",8,68,3:57,PUNT,1,12:12,BT32,TD,1,08:15,SS00,1
BTSS2103,SS,BT,Stuttgart Surge,Berlin Thunder,7/4/2021,Berlin,Stadion am Wurfplatz,15:00,17:55,Y,02.55,800,26 C,no,partly cloudy,M. Scholz,B. Hansen,K. Haltermann,B. Schaumberg,Z. Hamiko,M. Hoffmann,V. Kreisman,E. Christensen,E. Christensen,BT,1,10,BT32,"H,1,10,H32","2,2,11","RUSH:17,H33, TACK:31",E. Drossard rush for 1 yard to the BT33 (N. Wenzelburger).,"H,2,9,H33",R,NA,NA,NA,NA,NA,NA,NA,2,H,BT,"PUNT,1,12:12,32","TD,1,08:15,100",8,68,3:57,PUNT,1,12:12,BT32,TD,1,08:15,SS00,1
BTSS2103,SS,BT,Stuttgart Surge,Berlin Thunder,7/4/2021,Berlin,Stadion am Wurfplatz,15:00,17:55,Y,02.55,800,26 C,no,partly cloudy,M. Scholz,B. Hansen,K. Haltermann,B. Schaumberg,Z. Hamiko,M. Hoffmann,V. Kreisman,E. Christensen,E. Christensen,BT,2,9,BT33,"H,2,9,H33","2,3,12","RUSH:1,H34, TACK:55,20",J. Crawford rush for 1 yard to the BT34 (D. Graza;D. Warren).,"H,3,8,H34",R,NA,NA,NA,NA,NA,NA,NA,2,H,BT,"PUNT,1,12:12,32","TD,1,08:15,100",8,68,3:57,PUNT,1,12:12,BT32,TD,1,08:15,SS00,1
BTSS2103,SS,BT,Stuttgart Surge,Berlin Thunder,7/4/2021,Berlin,Stadion am Wurfplatz,15:00,17:55,Y,02.55,800,26 C,no,partly cloudy,M. Scholz,B. Hansen,K. Haltermann,B. Schaumberg,Z. Hamiko,M. Hoffmann,V. Kreisman,E. Christensen,E. Christensen,BT,3,8,BT34,"H,3,8,H34","2,4,13","PASS:6,C,7,V33 TACK:23","C. Stitt pass complete to S. Jones for 33 yards to the SS33, 1ST DOWN BT (M. Dabo).","H,1,10,V33",P,P,NA,NA,NA,NA,NA,NA,2,H,BT,"PUNT,1,12:12,32","TD,1,08:15,100",8,68,3:57,PUNT,1,12:12,BT32,TD,1,08:15,SS00,1
BTSS2103,SS,BT,Stuttgart Surge,Berlin Thunder,7/4/2021,Berlin,Stadion am Wurfplatz,15:00,17:55,Y,02.55,800,26 C,no,partly cloudy,M. Scholz,B. Hansen,K. Haltermann,B. Schaumberg,Z. Hamiko,M. Hoffmann,V. Kreisman,E. Christensen,E. Christensen,BT,1,10,SS33,"H,1,10,V33","2,5,14","PASS:6,I,17,*",C. Stitt pass incomplete to E. Drossard.,"H,2,10,V33",P,NA,NA,NA,NA,NA,NA,NA,2,H,BT,"PUNT,1,12:12,32","TD,1,08:15,100",8,68,3:57,PUNT,1,12:12,BT32,TD,1,08:15,SS00,1
BTSS2103,SS,BT,Stuttgart Surge,Berlin Thunder,7/4/2021,Berlin,Stadion am Wurfplatz,15:00,17:55,Y,02.55,800,26 C,no,partly cloudy,M. Scholz,B. Hansen,K. Haltermann,B. Schaumberg,Z. Hamiko,M. Hoffmann,V. Kreisman,E. Christensen,E. Christensen,BT,2,10,SS33,"H,2,10,V33","2,6,15","PASS:6,C,7,V20 TACK:33","C. Stitt pass complete to S. Jones for 13 yards to the SS20, 1ST DOWN BT (B. Wenzler).","H,1,10,V20",P,P,NA,NA,NA,NA,NA,NA,2,H,BT,"PUNT,1,12:12,32","TD,1,08:15,100",8,68,3:57,PUNT,1,12:12,BT32,TD,1,08:15,SS00,1
BTSS2103,SS,BT,Stuttgart Surge,Berlin Thunder,7/4/2021,Berlin,Stadion am Wurfplatz,15:00,17:55,Y,02.55,800,26 C,no,partly cloudy,M. Scholz,B. Hansen,K. Haltermann,B. Schaumberg,Z. Hamiko,M. Hoffmann,V. Kreisman,E. Christensen,E. Christensen,BT,1,10,SS20,"H,1,10,V20","2,7,16","RUSH:1,V18, TACK:20",J. Crawford rush for 2 yards to the SS18 (D. Warren).,"H,2,8,V18",R,NA,NA,NA,NA,NA,NA,NA,2,H,BT,"PUNT,1,12:12,32","TD,1,08:15,100",8,68,3:57,PUNT,1,12:12,BT32,TD,1,08:15,SS00,1
BTSS2103,SS,BT,Stuttgart Surge,Berlin Thunder,7/4/2021,Berlin,Stadion am Wurfplatz,15:00,17:55,Y,02.55,800,26 C,no,partly cloudy,M. Scholz,B. Hansen,K. Haltermann,B. Schaumberg,Z. Hamiko,M. Hoffmann,V. Kreisman,E. Christensen,E. Christensen,BT,2,8,SS18,"H,2,8,V18","2,8,17","RUSH:1,V05, TACK:20,45","J. Crawford rush for 13 yards to the SS5, 1ST DOWN BT (D. Warren;N. Hamulic).","H,1,0,V05",R,R,NA,NA,NA,NA,NA,NA,2,H,BT,"PUNT,1,12:12,32","TD,1,08:15,100",8,68,3:57,PUNT,1,12:12,BT32,TD,1,08:15,SS00,1
BTSS2103,SS,BT,Stuttgart Surge,Berlin Thunder,7/4/2021,Berlin,Stadion am Wurfplatz,15:00,17:55,Y,02.55,800,26 C,no,partly cloudy,M. Scholz,B. Hansen,K. Haltermann,B. Schaumberg,Z. Hamiko,M. Hoffmann,V. Kreisman,E. Christensen,E. Christensen,BT,1,0,SS05,"H,1,0,V05","2,9,18","PASS:6,C,7,V00 T:08:15","C. Stitt pass complete to S. Jones for 5 yards to the SS0, 1ST DOWN BT, TOUCHDOWN, clock 08:15.","H,1,10,V15",P,P,NA,08:15,Y,0,6,NA,2,H,BT,"PUNT,1,12:12,32","TD,1,08:15,100",8,68,3:57,PUNT,1,12:12,BT32,TD,1,08:15,SS00,1
BTSS2103,SS,BT,Stuttgart Surge,Berlin Thunder,7/4/2021,Berlin,Stadion am Wurfplatz,15:00,17:55,Y,02.55,800,26 C,no,partly cloudy,M. Scholz,B. Hansen,K. Haltermann,B. Schaumberg,Z. Hamiko,M. Hoffmann,V. Kreisman,E. Christensen,E. Christensen,BT,1,10,SS15,"H,1,10,V15","2,10,19","PAT:K,26,M",J. Schenderlein kick attempt failed.,"H,1,0,H35",X,NA,NA,NA,NA,NA,NA,NA,2,H,BT,"PUNT,1,12:12,32","TD,1,08:15,100",8,68,3:57,PUNT,1,12:12,BT32,TD,1,08:15,SS00,1
BTSS2103,SS,BT,Stuttgart Surge,Berlin Thunder,7/4/2021,Berlin,Stadion am Wurfplatz,15:00,17:55,Y,02.55,800,26 C,no,partly cloudy,M. Scholz,B. Hansen,K. Haltermann,B. Schaumberg,Z. Hamiko,M. Hoffmann,V. Kreisman,E. Christensen,E. Christensen,BT,1,0,BT35,"H,1,0,H35","2,11,20","KO:26,V01 OB: SPOT:V,V40,Y","J. Schenderlein kickoff 64 yards to the SS1, out-of-bounds, SS ball on SS40.","V,1,10,V40",K,NA,Y,NA,NA,NA,NA,NA,2,H,BT,"PUNT,1,12:12,32","TD,1,08:15,100",8,68,3:57,PUNT,1,12:12,BT32,TD,1,08:15,SS00,1
BTSS2103,SS,BT,Stuttgart Surge,Berlin Thunder,7/4/2021,Berlin,Stadion am Wurfplatz,15:00,17:55,Y,02.55,800,26 C,no,partly cloudy,M. Scholz,B. Hansen,K. Haltermann,B. Schaumberg,Z. Hamiko,M. Hoffmann,V. Kreisman,E. Christensen,E. Christensen,SS,1,10,SS40,"V,1,10,V40","3,1,21",{DRIVE}:08:15,STUTTGART SURGE drive start at 08:15.,"V,1,10,V40",NA,NA,NA,08:15,NA,NA,NA,NA,3,V,SS,"KO,1,08:15,40","PUNT,1,05:35,53",4,13,2:40,KO,1,08:15,SS40,PUNT,1,05:35,BT47,NA
BTSS2103,SS,BT,Stuttgart Surge,Berlin Thunder,7/4/2021,Berlin,Stadion am Wurfplatz,15:00,17:55,Y,02.55,800,26 C,no,partly cloudy,M. Scholz,B. Hansen,K. Haltermann,B. Schaumberg,Z. Hamiko,M. Hoffmann,V. Kreisman,E. Christensen,E. Christensen,SS,1,10,SS40,"V,1,10,V40","3,2,22","RUSH:27,H45, TACK:2","S. Shannon rush for 15 yards to the BT45, 1ST DOWN SS (J. White).","V,1,10,H45",R,R,NA,NA,NA,NA,NA,NA,3,V,SS,"KO,1,08:15,40","PUNT,1,05:35,53",4,13,2:40,KO,1,08:15,SS40,PUNT,1,05:35,BT47,NA
BTSS2103,SS,BT,Stuttgart Surge,Berlin Thunder,7/4/2021,Berlin,Stadion am Wurfplatz,15:00,17:55,Y,02.55,800,26 C,no,partly cloudy,M. Scholz,B. Hansen,K. Haltermann,B. Schaumberg,Z. Hamiko,M. Hoffmann,V. Kreisman,E. Christensen,E. Christensen,SS,1,10,BT45,"V,1,10,H45","3,3,23","RUSH:27,H48, TACK:24",S. Shannon rush for loss of 3 yards to the BT48 (M. De Falcis).,"V,2,13,H48",R,NA,NA,NA,NA,NA,NA,NA,3,V,SS,"KO,1,08:15,40","PUNT,1,05:35,53",4,13,2:40,KO,1,08:15,SS40,PUNT,1,05:35,BT47,NA
BTSS2103,SS,BT,Stuttgart Surge,Berlin Thunder,7/4/2021,Berlin,Stadion am Wurfplatz,15:00,17:55,Y,02.55,800,26 C,no,partly cloudy,M. Scholz,B. Hansen,K. Haltermann,B. Schaumberg,Z. Hamiko,M. Hoffmann,V. Kreisman,E. Christensen,E. Christensen,SS,2,13,BT48,"V,2,13,H48","3,4,24","PASS:16,S,TM,V46 SACK:45",M. Winterlik sacked for loss of 6 yards to the SS46 (K. Hill).,"V,3,19,V46",P,NA,NA,NA,NA,NA,NA,NA,3,V,SS,"KO,1,08:15,40","PUNT,1,05:35,53",4,13,2:40,KO,1,08:15,SS40,PUNT,1,05:35,BT47,NA
BTSS2103,SS,BT,Stuttgart Surge,Berlin Thunder,7/4/2021,Berlin,Stadion am Wurfplatz,15:00,17:55,Y,02.55,800,26 C,no,partly cloudy,M. Scholz,B. Hansen,K. Haltermann,B. Schaumberg,Z. Hamiko,M. Hoffmann,V. Kreisman,E. Christensen,E. Christensen,SS,3,19,SS46,"V,3,19,V46","3,5,25","RUSH:16,V40, FORCE:45 FUMB:V,H47,27 TACK:47","M. Winterlik rush for loss of 6 yards to the SS40, fumble forced by K. Hill, fumble by M. Winterlik recovered by SS S. Shannon at BT47 (Y. Landfried).","V,4,12,H47",R,NA,NA,NA,NA,NA,NA,NA,3,V,SS,"KO,1,08:15,40","PUNT,1,05:35,53",4,13,2:40,KO,1,08:15,SS40,PUNT,1,05:35,BT47,NA
BTSS2103,SS,BT,Stuttgart Surge,Berlin Thunder,7/4/2021,Berlin,Stadion am Wurfplatz,15:00,17:55,Y,02.55,800,26 C,no,partly cloudy,M. Scholz,B. Hansen,K. Haltermann,B. Schaumberg,Z. Hamiko,M. Hoffmann,V. Kreisman,E. Christensen,E. Christensen,SS,4,12,BT47,"V,4,12,H47","3,6,26","PUNT:3,H19 OB:","T. Bronn punt 28 yards to the BT19, out-of-bounds.","H,1,10,H19",U,NA,Y,NA,NA,NA,NA,NA,3,V,SS,"KO,1,08:15,40","PUNT,1,05:35,53",4,13,2:40,KO,1,08:15,SS40,PUNT,1,05:35,BT47,NA
BTSS2103,SS,BT,Stuttgart Surge,Berlin Thunder,7/4/2021,Berlin,Stadion am Wurfplatz,15:00,17:55,Y,02.55,800,26 C,no,partly cloudy,M. Scholz,B. Hansen,K. Haltermann,B. Schaumberg,Z. Hamiko,M. Hoffmann,V. Kreisman,E. Christensen,E. Christensen,BT,1,10,BT19,"H,1,10,H19","4,1,27",{DRIVE}:05:35,BERLIN THUNDER drive start at 05:35.,"H,1,10,H19",NA,NA,NA,05:35,NA,NA,NA,NA,4,H,BT,"PUNT,1,05:35,19","INT,1,05:32,19",1,0,0:03,PUNT,1,05:35,BT19,INT,1,05:32,BT19,NA
BTSS2103,SS,BT,Stuttgart Surge,Berlin Thunder,7/4/2021,Berlin,Stadion am Wurfplatz,15:00,17:55,Y,02.55,800,26 C,no,partly cloudy,M. Scholz,B. Hansen,K. Haltermann,B. Schaumberg,Z. Hamiko,M. Hoffmann,V. Kreisman,E. Christensen,E. Christensen,BT,1,10,BT19,"H,1,10,H19","4,2,28","PASS:6,X,31,H34 RET:31,H34 TACK:11","C. Stitt pass intercepted by N. Wenzelburger at the BT34, N. Wenzelburger return 0 yards to the BT34 (B. Zerbe).","V,1,10,H34",P,NA,NA,NA,NA,NA,NA,I,4,H,BT,"PUNT,1,05:35,19","INT,1,05:32,19",1,0,0:03,PUNT,1,05:35,BT19,INT,1,05:32,BT19,NA
BTSS2103,SS,BT,Stuttgart Surge,Berlin Thunder,7/4/2021,Berlin,Stadion am Wurfplatz,15:00,17:55,Y,02.55,800,26 C,no,partly cloudy,M. Scholz,B. Hansen,K. Haltermann,B. Schaumberg,Z. Hamiko,M. Hoffmann,V. Kreisman,E. Christensen,E. Christensen,SS,1,10,BT34,"V,1,10,H34","5,1,29","PASS:2,C,14,H00 T:05:32","D. Gfeller pass complete to L. Geyer for 34 yards to the BT0, 1ST DOWN SS, TOUCHDOWN, clock 05:32.","V,1,10,H15",P,P,NA,05:32,Y,6,6,NA,5,V,SS,"INT,1,05:32,66","TD,1,05:32,100",1,34,0:00,INT,1,05:32,BT34,TD,1,05:32,BT00,NA
BTSS2103,SS,BT,Stuttgart Surge,Berlin Thunder,7/4/2021,Berlin,Stadion am Wurfplatz,15:00,17:55,Y,02.55,800,26 C,no,partly cloudy,M. Scholz,B. Hansen,K. Haltermann,B. Schaumberg,Z. Hamiko,M. Hoffmann,V. Kreisman,E. Christensen,E. Christensen,SS,1,10,BT15,"V,1,10,H15","5,2,30","PAT:K,2,B BLOCK:21",D. Gfeller kick attempt failed (blocked) (blocked by T. Schirmer).,"V,1,0,V35",X,NA,NA,NA,NA,NA,NA,NA,5,V,SS,"INT,1,05:32,66","TD,1,05:32,100",1,34,0:00,INT,1,05:32,BT34,TD,1,05:32,BT00,NA
BTSS2103,SS,BT,Stuttgart Surge,Berlin Thunder,7/4/2021,Berlin,Stadion am Wurfplatz,15:00,17:55,Y,02.55,800,26 C,no,partly cloudy,M. Scholz,B. Hansen,K. Haltermann,B. Schaumberg,Z. Hamiko,M. Hoffmann,V. Kreisman,E. Christensen,E. Christensen,SS,1,0,SS35,"V,1,0,V35","5,3,31","KO:3,H00 TB:","T. Bronn kickoff 65 yards to the BT0, touchback.","H,1,10,H25",K,NA,NA,NA,NA,NA,NA,NA,5,V,SS,"INT,1,05:32,66","TD,1,05:32,100",1,34,0:00,INT,1,05:32,BT34,TD,1,05:32,BT00,NA
BTSS2103,SS,BT,Stuttgart Surge,Berlin Thunder,7/4/2021,Berlin,Stadion am Wurfplatz,15:00,17:55,Y,02.55,800,26 C,no,partly cloudy,M. Scholz,B. Hansen,K. Haltermann,B. Schaumberg,Z. Hamiko,M. Hoffmann,V. Kreisman,E. Christensen,E. Christensen,BT,1,10,BT25,"H,1,10,H25","6,1,32",{DRIVE}:05:23,BERLIN THUNDER drive start at 05:23.,"H,1,10,H25",NA,NA,NA,05:23,NA,NA,NA,NA,6,H,BT,"KO,1,05:23,25","TD,1,02:23,100",5,75,3:00,KO,1,05:23,BT25,TD,1,02:23,SS00,NA
BTSS2103,SS,BT,Stuttgart Surge,Berlin Thunder,7/4/2021,Berlin,Stadion am Wurfplatz,15:00,17:55,Y,02.55,800,26 C,no,partly cloudy,M. Scholz,B. Hansen,K. Haltermann,B. Schaumberg,Z. Hamiko,M. Hoffmann,V. Kreisman,E. Christensen,E. Christensen,BT,1,10,BT25,"H,1,10,H25","6,2,33","RUSH:6,H28, TACK:97",C. Stitt rush for 3 yards to the BT28 (P. Ungericht).,"H,2,7,H28",R,NA,NA,NA,NA,NA,NA,NA,6,H,BT,"KO,1,05:23,25","TD,1,02:23,100",5,75,3:00,KO,1,05:23,BT25,TD,1,02:23,SS00,NA
BTSS2103,SS,BT,Stuttgart Surge,Berlin Thunder,7/4/2021,Berlin,Stadion am Wurfplatz,15:00,17:55,Y,02.55,800,26 C,no,partly cloudy,M. Scholz,B. Hansen,K. Haltermann,B. Schaumberg,Z. Hamiko,M. Hoffmann,V. Kreisman,E. Christensen,E. Christensen,BT,2,7,BT28,"H,2,7,H28","6,3,34","RUSH:1,H31, TACK:20",J. Crawford rush for 3 yards to the BT31 (D. Warren).,"H,3,4,H31",R,NA,NA,NA,NA,NA,NA,NA,6,H,BT,"KO,1,05:23,25","TD,1,02:23,100",5,75,3:00,KO,1,05:23,BT25,TD,1,02:23,SS00,NA
BTSS2103,SS,BT,Stuttgart Surge,Berlin Thunder,7/4/2021,Berlin,Stadion am Wurfplatz,15:00,17:55,Y,02.55,800,26 C,no,partly cloudy,M. Scholz,B. Hansen,K. Haltermann,B. Schaumberg,Z. Hamiko,M. Hoffmann,V. Kreisman,E. Christensen,E. Christensen,BT,3,4,BT31,"H,3,4,H31","6,4,35","PASS:6,C,7,V30 TACK:33","C. Stitt pass complete to S. Jones for 39 yards to the SS30, 1ST DOWN BT (B. Wenzler).","H,1,10,V30",P,P,NA,NA,NA,NA,NA,NA,6,H,BT,"KO,1,05:23,25","TD,1,02:23,100",5,75,3:00,KO,1,05:23,BT25,TD,1,02:23,SS00,NA
BTSS2103,SS,BT,Stuttgart Surge,Berlin Thunder,7/4/2021,Berlin,Stadion am Wurfplatz,15:00,17:55,Y,02.55,800,26 C,no,partly cloudy,M. Scholz,B. Hansen,K. Haltermann,B. Schaumberg,Z. Hamiko,M. Hoffmann,V. Kreisman,E. Christensen,E. Christensen,BT,1,10,SS30,"H,1,10,V30","6,5,36","PASS:6,C,85,V29 TACK:20,97",C. Stitt pass complete to N. Schumann for 1 yard to the SS29 (D. Warren;P. Ungericht).,"H,2,9,V29",P,NA,NA,NA,NA,NA,NA,NA,6,H,BT,"KO,1,05:23,25","TD,1,02:23,100",5,75,3:00,KO,1,05:23,BT25,TD,1,02:23,SS00,NA
BTSS2103,SS,BT,Stuttgart Surge,Berlin Thunder,7/4/2021,Berlin,Stadion am Wurfplatz,15:00,17:55,Y,02.55,800,26 C,no,partly cloudy,M. Scholz,B. Hansen,K. Haltermann,B. Schaumberg,Z. Hamiko,M. Hoffmann,V. Kreisman,E. Christensen,E. Christensen,BT,2,9,SS29,"H,2,9,V29","6,6,37","PASS:6,C,7,V00 T:02:23","C. Stitt pass complete to S. Jones for 29 yards to the SS0, 1ST DOWN BT, TOUCHDOWN, clock 02:23.","H,1,10,V15",P,P,NA,02:23,Y,6,12,NA,6,H,BT,"KO,1,05:23,25","TD,1,02:23,100",5,75,3:00,KO,1,05:23,BT25,TD,1,02:23,SS00,NA
BTSS2103,SS,BT,Stuttgart Surge,Berlin Thunder,7/4/2021,Berlin,Stadion am Wurfplatz,15:00,17:55,Y,02.55,800,26 C,no,partly cloudy,M. Scholz,B. Hansen,K. Haltermann,B. Schaumberg,Z. Hamiko,M. Hoffmann,V. Kreisman,E. Christensen,E. Christensen,BT,1,10,SS15,"H,1,10,V15","6,7,38","PAT:K,26,M",J. Schenderlein kick attempt failed.,"H,1,0,H35",X,NA,NA,NA,NA,NA,NA,NA,6,H,BT,"KO,1,05:23,25","TD,1,02:23,100",5,75,3:00,KO,1,05:23,BT25,TD,1,02:23,SS00,NA
BTSS2103,SS,BT,Stuttgart Surge,Berlin Thunder,7/4/2021,Berlin,Stadion am Wurfplatz,15:00,17:55,Y,02.55,800,26 C,no,partly cloudy,M. Scholz,B. Hansen,K. Haltermann,B. Schaumberg,Z. Hamiko,M. Hoffmann,V. Kreisman,E. Christensen,E. Christensen,BT,1,0,BT35,"H,1,0,H35","6,8,39","KO:26,V08 RET:4,V25 TACK:22","J. Schenderlein kickoff 57 yards to the SS8, A. Eitel return 17 yards to the SS25 (L. Achaintre).","V,1,10,V25",K,NA,NA,NA,NA,NA,NA,NA,6,H,BT,"KO,1,05:23,25","TD,1,02:23,100",5,75,3:00,KO,1,05:23,BT25,TD,1,02:23,SS00,NA
BTSS2103,SS,BT,Stuttgart Surge,Berlin Thunder,7/4/2021,Berlin,Stadion am Wurfplatz,15:00,17:55,Y,02.55,800,26 C,no,partly cloudy,M. Scholz,B. Hansen,K. Haltermann,B. Schaumberg,Z. Hamiko,M. Hoffmann,V. Kreisman,E. Christensen,E. Christensen,SS,1,10,SS25,"V,1,10,V25","7,1,40",{DRIVE}:02:23,STUTTGART SURGE drive start at 02:23.,"V,1,10,V25",NA,NA,NA,02:23,NA,NA,NA,NA,7,V,SS,"KO,1,02:23,25","PUNT,2,14:01,46",5,21,3:22,KO,1,02:23,SS25,PUNT,2,14:01,SS46,NA
BTSS2103,SS,BT,Stuttgart Surge,Berlin Thunder,7/4/2021,Berlin,Stadion am Wurfplatz,15:00,17:55,Y,02.55,800,26 C,no,partly cloudy,M. Scholz,B. Hansen,K. Haltermann,B. Schaumberg,Z. Hamiko,M. Hoffmann,V. Kreisman,E. Christensen,E. Christensen,SS,1,10,SS25,"V,1,10,V25","7,2,41","RUSH:27,V27, TACK:22,4",S. Shannon rush for 2 yards to the SS27 (L. Achaintre;A. Boadu).,"V,2,8,V27",R,NA,NA,NA,NA,NA,NA,NA,7,V,SS,"KO,1,02:23,25","PUNT,2,14:01,46",5,21,3:22,KO,1,02:23,SS25,PUNT,2,14:01,SS46,NA
BTSS2103,SS,BT,Stuttgart Surge,Berlin Thunder,7/4/2021,Berlin,Stadion am Wurfplatz,15:00,17:55,Y,02.55,800,26 C,no,partly cloudy,M. Scholz,B. Hansen,K. Haltermann,B. Schaumberg,Z. Hamiko,M. Hoffmann,V. Kreisman,E. Christensen,E. Christensen,SS,2,8,SS27,"V,2,8,V27","7,3,42","RUSH:27,V31, TACK:2,52",S. Shannon rush for 4 yards to the SS31 (J. White;W. Nasri).,"V,3,4,V31",R,NA,NA,NA,NA,NA,NA,NA,7,V,SS,"KO,1,02:23,25","PUNT,2,14:01,46",5,21,3:22,KO,1,02:23,SS25,PUNT,2,14:01,SS46,NA
BTSS2103,SS,BT,Stuttgart Surge,Berlin Thunder,7/4/2021,Berlin,Stadion am Wurfplatz,15:00,17:55,Y,02.55,800,26 C,no,partly cloudy,M. Scholz,B. Hansen,K. Haltermann,B. Schaumberg,Z. Hamiko,M. Hoffmann,V. Kreisman,E. Christensen,E. Christensen,SS,3,4,SS31,"V,3,4,V31","7,4,43","PEN:H,OD,A,4,V37,N","PENALTY BT offside defense (A. Boadu) 6 yards to the SS37, 1ST DOWN SS.","V,1,10,V37",E,E,NA,NA,NA,NA,NA,NA,7,V,SS,"KO,1,02:23,25","PUNT,2,14:01,46",5,21,3:22,KO,1,02:23,SS25,PUNT,2,14:01,SS46,NA
BTSS2103,SS,BT,Stuttgart Surge,Berlin Thunder,7/4/2021,Berlin,Stadion am Wurfplatz,15:00,17:55,Y,02.55,800,26 C,no,partly cloudy,M. Scholz,B. Hansen,K. Haltermann,B. Schaumberg,Z. Hamiko,M. Hoffmann,V. Kreisman,E. Christensen,E. Christensen,SS,1,10,SS37,"V,1,10,V37","7,5,44","RUSH:41,V37, TACK:2,22",B. Yankson rush for no gain to the SS37 (J. White;L. Achaintre).,"V,2,10,V37",R,NA,NA,NA,NA,NA,NA,NA,7,V,SS,"KO,1,02:23,25","PUNT,2,14:01,46",5,21,3:22,KO,1,02:23,SS25,PUNT,2,14:01,SS46,NA
BTSS2103,SS,BT,Stuttgart Surge,Berlin Thunder,7/4/2021,Berlin,Stadion am Wurfplatz,15:00,17:55,Y,02.55,800,26 C,no,partly cloudy,M. Scholz,B. Hansen,K. Haltermann,B. Schaumberg,Z. Hamiko,M. Hoffmann,V. Kreisman,E. Christensen,E. Christensen,SS,2,10,SS37,"V,2,10,V37","7,6,45","RUSH:41,V39, TACK:2",B. Yankson rush for 2 yards to the SS39 (J. White).,"V,3,8,V39",R,NA,NA,NA,NA,NA,NA,NA,7,V,SS,"KO,1,02:23,25","PUNT,2,14:01,46",5,21,3:22,KO,1,02:23,SS25,PUNT,2,14:01,SS46,NA
BTSS2103,SS,BT,Stuttgart Surge,Berlin Thunder,7/4/2021,Berlin,Stadion am Wurfplatz,15:00,17:55,Y,02.55,800,26 C,no,partly cloudy,M. Scholz,B. Hansen,K. Haltermann,B. Schaumberg,Z. Hamiko,M. Hoffmann,V. Kreisman,E. Christensen,E. Christensen,SS,3,8,SS39,"V,3,8,V39","7,7,46",Q:2 T:15:00,"Start of 2nd quarter, clock 15:00.","V,3,8,V39",#,NA,NA,15:00,NA,NA,NA,NA,7,V,SS,"KO,1,02:23,25","PUNT,2,14:01,46",5,21,3:22,KO,1,02:23,SS25,PUNT,2,14:01,SS46,NA
BTSS2103,SS,BT,Stuttgart Surge,Berlin Thunder,7/4/2021,Berlin,Stadion am Wurfplatz,15:00,17:55,Y,02.55,800,26 C,no,partly cloudy,M. Scholz,B. Hansen,K. Haltermann,B. Schaumberg,Z. Hamiko,M. Hoffmann,V. Kreisman,E. Christensen,E. Christensen,SS,3,8,SS39,"V,3,8,V39","7,8,47","PASS:2,C,87,V46 TACK:42",D. Gfeller pass complete to D. Rofalski for 7 yards to the SS46 (P. Fischer).,"V,4,1,V46",P,NA,NA,NA,NA,NA,NA,NA,7,V,SS,"KO,1,02:23,25","PUNT,2,14:01,46",5,21,3:22,KO,1,02:23,SS25,PUNT,2,14:01,SS46,NA
BTSS2103,SS,BT,Stuttgart Surge,Berlin Thunder,7/4/2021,Berlin,Stadion am Wurfplatz,15:00,17:55,Y,02.55,800,26 C,no,partly cloudy,M. Scholz,B. Hansen,K. Haltermann,B. Schaumberg,Z. Hamiko,M. Hoffmann,V. Kreisman,E. Christensen,E. Christensen,SS,4,1,SS46,"V,4,1,V46","7,9,48","PUNT:3,H31 OB:","T. Bronn punt 23 yards to the BT31, out-of-bounds.","H,1,10,H31",U,NA,Y,NA,NA,NA,NA,NA,7,V,SS,"KO,1,02:23,25","PUNT,2,14:01,46",5,21,3:22,KO,1,02:23,SS25,PUNT,2,14:01,SS46,NA
BTSS2103,SS,BT,Stuttgart Surge,Berlin Thunder,7/4/2021,Berlin,Stadion am Wurfplatz,15:00,17:55,Y,02.55,800,26 C,no,partly cloudy,M. Scholz,B. Hansen,K. Haltermann,B. Schaumberg,Z. Hamiko,M. Hoffmann,V. Kreisman,E. Christensen,E. Christensen,BT,1,10,BT31,"H,1,10,H31","8,1,49",{DRIVE}:14:01,BERLIN THUNDER drive start at 14:01.,"H,1,10,H31",NA,NA,NA,14:01,NA,NA,NA,NA,8,H,BT,"PUNT,2,14:01,31","TD,2,10:29,100",6,69,3:32,PUNT,2,14:01,BT31,TD,2,10:29,SS00,1
BTSS2103,SS,BT,Stuttgart Surge,Berlin Thunder,7/4/2021,Berlin,Stadion am Wurfplatz,15:00,17:55,Y,02.55,800,26 C,no,partly cloudy,M. Scholz,B. Hansen,K. Haltermann,B. Schaumberg,Z. Hamiko,M. Hoffmann,V. Kreisman,E. Christensen,E. Christensen,BT,1,10,BT31,"H,1,10,H31","8,2,50","RUSH:1,H34, TACK:97",J. Crawford rush for 3 yards to the BT34 (P. Ungericht).,"H,2,7,H34",R,NA,NA,NA,NA,NA,NA,NA,8,H,BT,"PUNT,2,14:01,31","TD,2,10:29,100",6,69,3:32,PUNT,2,14:01,BT31,TD,2,10:29,SS00,1
BTSS2103,SS,BT,Stuttgart Surge,Berlin Thunder,7/4/2021,Berlin,Stadion am Wurfplatz,15:00,17:55,Y,02.55,800,26 C,no,partly cloudy,M. Scholz,B. Hansen,K. Haltermann,B. Schaumberg,Z. Hamiko,M. Hoffmann,V. Kreisman,E. Christensen,E. Christensen,BT,2,7,BT34,"H,2,7,H34","8,3,51","RUSH:1,H38, TACK:31",J. Crawford rush for 4 yards to the BT38 (N. Wenzelburger).,"H,3,3,H38",R,NA,NA,NA,NA,NA,NA,NA,8,H,BT,"PUNT,2,14:01,31","TD,2,10:29,100",6,69,3:32,PUNT,2,14:01,BT31,TD,2,10:29,SS00,1
BTSS2103,SS,BT,Stuttgart Surge,Berlin Thunder,7/4/2021,Berlin,Stadion am Wurfplatz,15:00,17:55,Y,02.55,800,26 C,no,partly cloudy,M. Scholz,B. Hansen,K. Haltermann,B. Schaumberg,Z. Hamiko,M. Hoffmann,V. Kreisman,E. Christensen,E. Christensen,BT,3,3,BT38,"H,3,3,H38","8,4,52","PASS:6,C,85,V43 TACK:32","C. Stitt pass complete to N. Schumann for 19 yards to the SS43, 1ST DOWN BT (J. Ludwig-M.).","H,1,10,V43",P,P,NA,NA,NA,NA,NA,NA,8,H,BT,"PUNT,2,14:01,31","TD,2,10:29,100",6,69,3:32,PUNT,2,14:01,BT31,TD,2,10:29,SS00,1
BTSS2103,SS,BT,Stuttgart Surge,Berlin Thunder,7/4/2021,Berlin,Stadion am Wurfplatz,15:00,17:55,Y,02.55,800,26 C,no,partly cloudy,M. Scholz,B. Hansen,K. Haltermann,B. Schaumberg,Z. Hamiko,M. Hoffmann,V. Kreisman,E. Christensen,E. Christensen,BT,1,10,SS43,"H,1,10,V43","8,5,53","RUSH:6,V40, TACK:33",C. Stitt rush for 3 yards to the SS40 (B. Wenzler).,"H,2,7,V40",R,NA,NA,NA,NA,NA,NA,NA,8,H,BT,"PUNT,2,14:01,31","TD,2,10:29,100",6,69,3:32,PUNT,2,14:01,BT31,TD,2,10:29,SS00,1
BTSS2103,SS,BT,Stuttgart Surge,Berlin Thunder,7/4/2021,Berlin,Stadion am Wurfplatz,15:00,17:55,Y,02.55,800,26 C,no,partly cloudy,M. Scholz,B. Hansen,K. Haltermann,B. Schaumberg,Z. Hamiko,M. Hoffmann,V. Kreisman,E. Christensen,E. Christensen,BT,2,7,SS40,"H,2,7,V40","8,6,54","RUSH:1,V04, TACK:31","J. Crawford rush for 36 yards to the SS4, 1ST DOWN BT (N. Wenzelburger).","H,1,0,V04",R,R,NA,NA,NA,NA,NA,NA,8,H,BT,"PUNT,2,14:01,31","TD,2,10:29,100",6,69,3:32,PUNT,2,14:01,BT31,TD,2,10:29,SS00,1
BTSS2103,SS,BT,Stuttgart Surge,Berlin Thunder,7/4/2021,Berlin,Stadion am Wurfplatz,15:00,17:55,Y,02.55,800,26 C,no,partly cloudy,M. Scholz,B. Hansen,K. Haltermann,B. Schaumberg,Z. Hamiko,M. Hoffmann,V. Kreisman,E. Christensen,E. Christensen,BT,1,0,SS04,"H,1,0,V04","8,7,55","PASS:6,C,7,V00 T:10:29","C. Stitt pass complete to S. Jones for 4 yards to the SS0, 1ST DOWN BT, TOUCHDOWN, clock 10:29.","H,1,10,V15",P,P,NA,10:29,Y,6,18,NA,8,H,BT,"PUNT,2,14:01,31","TD,2,10:29,100",6,69,3:32,PUNT,2,14:01,BT31,TD,2,10:29,SS00,1
BTSS2103,SS,BT,Stuttgart Surge,Berlin Thunder,7/4/2021,Berlin,Stadion am Wurfplatz,15:00,17:55,Y,02.55,800,26 C,no,partly cloudy,M. Scholz,B. Hansen,K. Haltermann,B. Schaumberg,Z. Hamiko,M. Hoffmann,V. Kreisman,E. Christensen,E. Christensen,BT,1,10,SS15,"H,1,10,V15","8,8,56","PAT:P,6,M PEN:H,PI,D","C. Stitt pass attempt failed, PENALTY BT pass interference declined.","H,1,0,H35",X,NA,NA,NA,NA,NA,NA,NA,8,H,BT,"PUNT,2,14:01,31","TD,2,10:29,100",6,69,3:32,PUNT,2,14:01,BT31,TD,2,10:29,SS00,1
BTSS2103,SS,BT,Stuttgart Surge,Berlin Thunder,7/4/2021,Berlin,Stadion am Wurfplatz,15:00,17:55,Y,02.55,800,26 C,no,partly cloudy,M. Scholz,B. Hansen,K. Haltermann,B. Schaumberg,Z. Hamiko,M. Hoffmann,V. Kreisman,E. Christensen,E. Christensen,BT,1,0,BT35,"H,1,0,H35","8,9,57","KO:26,V00 TB:","J. Schenderlein kickoff 65 yards to the SS0, touchback.","V,1,10,V25",K,NA,NA,NA,NA,NA,NA,NA,8,H,BT,"PUNT,2,14:01,31","TD,2,10:29,100",6,69,3:32,PUNT,2,14:01,BT31,TD,2,10:29,SS00,1
BTSS2103,SS,BT,Stuttgart Surge,Berlin Thunder,7/4/2021,Berlin,Stadion am Wurfplatz,15:00,17:55,Y,02.55,800,26 C,no,partly cloudy,M. Scholz,B. Hansen,K. Haltermann,B. Schaumberg,Z. Hamiko,M. Hoffmann,V. Kreisman,E. Christensen,E. Christensen,SS,1,10,SS25,"V,1,10,V25","9,1,58",{DRIVE}:10:29,STUTTGART SURGE drive start at 10:29.,"V,1,10,V25",NA,NA,NA,10:29,NA,NA,NA,NA,9,V,SS,"KO,2,10:29,25","PUNT,2,07:09,41",6,16,3:20,KO,2,10:29,SS25,PUNT,2,07:09,SS41,NA
BTSS2103,SS,BT,Stuttgart Surge,Berlin Thunder,7/4/2021,Berlin,Stadion am Wurfplatz,15:00,17:55,Y,02.55,800,26 C,no,partly cloudy,M. Scholz,B. Hansen,K. Haltermann,B. Schaumberg,Z. Hamiko,M. Hoffmann,V. Kreisman,E. Christensen,E. Christensen,SS,1,10,SS25,"V,1,10,V25","9,2,59","PASS:2,C,5,V34 TACK:8,42",D. Gfeller pass complete to D. Meza for 9 yards to the SS34 (P. Seifert;P. Fischer).,"V,2,1,V34",P,NA,NA,NA,NA,NA,NA,NA,9,V,SS,"KO,2,10:29,25","PUNT,2,07:09,41",6,16,3:20,KO,2,10:29,SS25,PUNT,2,07:09,SS41,NA
BTSS2103,SS,BT,Stuttgart Surge,Berlin Thunder,7/4/2021,Berlin,Stadion am Wurfplatz,15:00,17:55,Y,02.55,800,26 C,no,partly cloudy,M. Scholz,B. Hansen,K. Haltermann,B. Schaumberg,Z. Hamiko,M. Hoffmann,V. Kreisman,E. Christensen,E. Christensen,SS,2,1,SS34,"V,2,1,V34","9,3,60","RUSH:27,V34, TACK:96",S. Shannon rush for no gain to the SS34 (M. Behm).,"V,3,1,V34",R,NA,NA,NA,NA,NA,NA,NA,9,V,SS,"KO,2,10:29,25","PUNT,2,07:09,41",6,16,3:20,KO,2,10:29,SS25,PUNT,2,07:09,SS41,NA
BTSS2103,SS,BT,Stuttgart Surge,Berlin Thunder,7/4/2021,Berlin,Stadion am Wurfplatz,15:00,17:55,Y,02.55,800,26 C,no,partly cloudy,M. Scholz,B. Hansen,K. Haltermann,B. Schaumberg,Z. Hamiko,M. Hoffmann,V. Kreisman,E. Christensen,E. Christensen,SS,3,1,SS34,"V,3,1,V34","9,4,61","RUSH:2,V36, TACK:52,92","D. Gfeller rush for 2 yards to the SS36, 1ST DOWN SS (W. Nasri;F. Paris).","V,1,10,V36",R,R,NA,NA,NA,NA,NA,NA,9,V,SS,"KO,2,10:29,25","PUNT,2,07:09,41",6,16,3:20,KO,2,10:29,SS25,PUNT,2,07:09,SS41,NA
BTSS2103,SS,BT,Stuttgart Surge,Berlin Thunder,7/4/2021,Berlin,Stadion am Wurfplatz,15:00,17:55,Y,02.55,800,26 C,no,partly cloudy,M. Scholz,B. Hansen,K. Haltermann,B. Schaumberg,Z. Hamiko,M. Hoffmann,V. Kreisman,E. Christensen,E. Christensen,SS,1,10,SS36,"V,1,10,V36","9,5,62","RUSH:27,V41, TACK:42,22",S. Shannon rush for 5 yards to the SS41 (P. Fischer;L. Achaintre).,"V,2,5,V41",R,NA,NA,NA,NA,NA,NA,NA,9,V,SS,"KO,2,10:29,25","PUNT,2,07:09,41",6,16,3:20,KO,2,10:29,SS25,PUNT,2,07:09,SS41,NA
BTSS2103,SS,BT,Stuttgart Surge,Berlin Thunder,7/4/2021,Berlin,Stadion am Wurfplatz,15:00,17:55,Y,02.55,800,26 C,no,partly cloudy,M. Scholz,B. Hansen,K. Haltermann,B. Schaumberg,Z. Hamiko,M. Hoffmann,V. Kreisman,E. Christensen,E. Christensen,SS,2,5,SS41,"V,2,5,V41","9,6,63","PASS:2,I,5,*",D. Gfeller pass incomplete to D. Meza.,"V,3,5,V41",P,NA,NA,NA,NA,NA,NA,NA,9,V,SS,"KO,2,10:29,25","PUNT,2,07:09,41",6,16,3:20,KO,2,10:29,SS25,PUNT,2,07:09,SS41,NA
BTSS2103,SS,BT,Stuttgart Surge,Berlin Thunder,7/4/2021,Berlin,Stadion am Wurfplatz,15:00,17:55,Y,02.55,800,26 C,no,partly cloudy,M. Scholz,B. Hansen,K. Haltermann,B. Schaumberg,Z. Hamiko,M. Hoffmann,V. Kreisman,E. Christensen,E. Christensen,SS,3,5,SS41,"V,3,5,V41","9,7,64","PASS:2,I,4,*",D. Gfeller pass incomplete to A. Eitel.,"V,4,5,V41",P,NA,NA,NA,NA,NA,NA,NA,9,V,SS,"KO,2,10:29,25","PUNT,2,07:09,41",6,16,3:20,KO,2,10:29,SS25,PUNT,2,07:09,SS41,NA
BTSS2103,SS,BT,Stuttgart Surge,Berlin Thunder,7/4/2021,Berlin,Stadion am Wurfplatz,15:00,17:55,Y,02.55,800,26 C,no,partly cloudy,M. Scholz,B. Hansen,K. Haltermann,B. Schaumberg,Z. Hamiko,M. Hoffmann,V. Kreisman,E. Christensen,E. Christensen,SS,4,5,SS41,"V,4,5,V41","9,8,65","PUNT:3,H32 OB:","T. Bronn punt 27 yards to the BT32, out-of-bounds.","H,1,10,H32",U,NA,Y,NA,NA,NA,NA,NA,9,V,SS,"KO,2,10:29,25","PUNT,2,07:09,41",6,16,3:20,KO,2,10:29,SS25,PUNT,2,07:09,SS41,NA
BTSS2103,SS,BT,Stuttgart Surge,Berlin Thunder,7/4/2021,Berlin,Stadion am Wurfplatz,15:00,17:55,Y,02.55,800,26 C,no,partly cloudy,M. Scholz,B. Hansen,K. Haltermann,B. Schaumberg,Z. Hamiko,M. Hoffmann,V. Kreisman,E. Christensen,E. Christensen,BT,1,10,BT32,"H,1,10,H32","10,1,66",{DRIVE}:07:09,BERLIN THUNDER drive start at 07:09.,"H,1,10,H32",NA,NA,NA,07:09,NA,NA,NA,NA,10,H,BT,"PUNT,2,07:09,32","PUNT,2,04:29,38",3,6,2:40,PUNT,2,07:09,BT32,PUNT,2,04:29,BT38,NA
BTSS2103,SS,BT,Stuttgart Surge,Berlin Thunder,7/4/2021,Berlin,Stadion am Wurfplatz,15:00,17:55,Y,02.55,800,26 C,no,partly cloudy,M. Scholz,B. Hansen,K. Haltermann,B. Schaumberg,Z. Hamiko,M. Hoffmann,V. Kreisman,E. Christensen,E. Christensen,BT,1,10,BT32,"H,1,10,H32","10,2,67","PASS:6,C,17,H29 TACK:55",C. Stitt pass complete to E. Drossard for loss of 3 yards to the BT29 (D. Graza).,"H,2,13,H29",P,NA,NA,NA,NA,NA,NA,NA,10,H,BT,"PUNT,2,07:09,32","PUNT,2,04:29,38",3,6,2:40,PUNT,2,07:09,BT32,PUNT,2,04:29,BT38,NA
BTSS2103,SS,BT,Stuttgart Surge,Berlin Thunder,7/4/2021,Berlin,Stadion am Wurfplatz,15:00,17:55,Y,02.55,800,26 C,no,partly cloudy,M. Scholz,B. Hansen,K. Haltermann,B. Schaumberg,Z. Hamiko,M. Hoffmann,V. Kreisman,E. Christensen,E. Christensen,BT,2,13,BT29,"H,2,13,H29","10,3,68","PASS:6,C,17,H27 TACK:44",C. Stitt pass complete to E. Drossard for loss of 2 yards to the BT27 (J. Mbala).,"H,3,15,H27",P,NA,NA,NA,NA,NA,NA,NA,10,H,BT,"PUNT,2,07:09,32","PUNT,2,04:29,38",3,6,2:40,PUNT,2,07:09,BT32,PUNT,2,04:29,BT38,NA
BTSS2103,SS,BT,Stuttgart Surge,Berlin Thunder,7/4/2021,Berlin,Stadion am Wurfplatz,15:00,17:55,Y,02.55,800,26 C,no,partly cloudy,M. Scholz,B. Hansen,K. Haltermann,B. Schaumberg,Z. Hamiko,M. Hoffmann,V. Kreisman,E. Christensen,E. Christensen,BT,3,15,BT27,"H,3,15,H27","10,4,69","PEN:H,FS,A,68,H22,N",PENALTY BT false start (H. El-Zein) 5 yards to the BT22.,"H,3,20,H22",E,NA,NA,NA,NA,NA,NA,NA,10,H,BT,"PUNT,2,07:09,32","PUNT,2,04:29,38",3,6,2:40,PUNT,2,07:09,BT32,PUNT,2,04:29,BT38,NA
BTSS2103,SS,BT,Stuttgart Surge,Berlin Thunder,7/4/2021,Berlin,Stadion am Wurfplatz,15:00,17:55,Y,02.55,800,26 C,no,partly cloudy,M. Scholz,B. Hansen,K. Haltermann,B. Schaumberg,Z. Hamiko,M. Hoffmann,V. Kreisman,E. Christensen,E. Christensen,BT,3,20,BT22,"H,3,20,H22","10,5,70","PASS:6,C,1,H38 TACK:8",C. Stitt pass complete to J. Crawford for 16 yards to the BT38 (V. Ferrier).,"H,4,4,H38",P,NA,NA,NA,NA,NA,NA,NA,10,H,BT,"PUNT,2,07:09,32","PUNT,2,04:29,38",3,6,2:40,PUNT,2,07:09,BT32,PUNT,2,04:29,BT38,NA
BTSS2103,SS,BT,Stuttgart Surge,Berlin Thunder,7/4/2021,Berlin,Stadion am Wurfplatz,15:00,17:55,Y,02.55,800,26 C,no,partly cloudy,M. Scholz,B. Hansen,K. Haltermann,B. Schaumberg,Z. Hamiko,M. Hoffmann,V. Kreisman,E. Christensen,E. Christensen,BT,4,4,BT38,"H,4,4,H38","10,6,71","PUNT:14,V37 OB:","K. Hummel punt 25 yards to the SS37, out-of-bounds.","V,1,10,V37",U,NA,Y,NA,NA,NA,NA,NA,10,H,BT,"PUNT,2,07:09,32","PUNT,2,04:29,38",3,6,2:40,PUNT,2,07:09,BT32,PUNT,2,04:29,BT38,NA
BTSS2103,SS,BT,Stuttgart Surge,Berlin Thunder,7/4/2021,Berlin,Stadion am Wurfplatz,15:00,17:55,Y,02.55,800,26 C,no,partly cloudy,M. Scholz,B. Hansen,K. Haltermann,B. Schaumberg,Z. Hamiko,M. Hoffmann,V. Kreisman,E. Christensen,E. Christensen,SS,1,10,SS37,"V,1,10,V37","11,1,72",{DRIVE}:04:29,STUTTGART SURGE drive start at 04:29.,"V,1,10,V37",NA,NA,NA,04:29,NA,NA,NA,NA,11,V,SS,"PUNT,2,04:29,37","TD,2,01:34,100",8,63,2:55,PUNT,2,04:29,SS37,TD,2,01:34,BT00,1
BTSS2103,SS,BT,Stuttgart Surge,Berlin Thunder,7/4/2021,Berlin,Stadion am Wurfplatz,15:00,17:55,Y,02.55,800,26 C,no,partly cloudy,M. Scholz,B. Hansen,K. Haltermann,B. Schaumberg,Z. Hamiko,M. Hoffmann,V. Kreisman,E. Christensen,E. Christensen,SS,1,10,SS37,"V,1,10,V37","11,2,73","PASS:2,I,14,*",D. Gfeller pass incomplete to L. Geyer.,"V,2,10,V37",P,NA,NA,NA,NA,NA,NA,NA,11,V,SS,"PUNT,2,04:29,37","TD,2,01:34,100",8,63,2:55,PUNT,2,04:29,SS37,TD,2,01:34,BT00,1
BTSS2103,SS,BT,Stuttgart Surge,Berlin Thunder,7/4/2021,Berlin,Stadion am Wurfplatz,15:00,17:55,Y,02.55,800,26 C,no,partly cloudy,M. Scholz,B. Hansen,K. Haltermann,B. Schaumberg,Z. Hamiko,M. Hoffmann,V. Kreisman,E. Christensen,E. Christensen,SS,2,10,SS37,"V,2,10,V37","11,3,74","PASS:2,C,5,V39 TACK:8 PEN:H,IC,A,15,V43,1 NOPLAY:","D. Gfeller pass complete to D. Meza for 2 yards to the SS39 (P. Seifert), PENALTY BT illegal contact (M. Thiele) 6 yards to the SS43, 1ST DOWN SS, NO PLAY.","V,1,10,V43",E,E,NA,NA,NA,NA,NA,NA,11,V,SS,"PUNT,2,04:29,37","TD,2,01:34,100",8,63,2:55,PUNT,2,04:29,SS37,TD,2,01:34,BT00,1
BTSS2103,SS,BT,Stuttgart Surge,Berlin Thunder,7/4/2021,Berlin,Stadion am Wurfplatz,15:00,17:55,Y,02.55,800,26 C,no,partly cloudy,M. Scholz,B. Hansen,K. Haltermann,B. Schaumberg,Z. Hamiko,M. Hoffmann,V. Kreisman,E. Christensen,E. Christensen,SS,1,10,SS43,"V,1,10,V43","11,4,75","RUSH:2,V41, TACK:22",D. Gfeller rush for loss of 2 yards to the SS41 (L. Achaintre).,"V,2,12,V41",R,NA,NA,NA,NA,NA,NA,NA,11,V,SS,"PUNT,2,04:29,37","TD,2,01:34,100",8,63,2:55,PUNT,2,04:29,SS37,TD,2,01:34,BT00,1
BTSS2103,SS,BT,Stuttgart Surge,Berlin Thunder,7/4/2021,Berlin,Stadion am Wurfplatz,15:00,17:55,Y,02.55,800,26 C,no,partly cloudy,M. Scholz,B. Hansen,K. Haltermann,B. Schaumberg,Z. Hamiko,M. Hoffmann,V. Kreisman,E. Christensen,E. Christensen,SS,2,12,SS41,"V,2,12,V41","11,5,76","PASS:2,D,5,*","D. Gfeller pass incomplete to D. Meza, dropped pass.","V,3,12,V41",P,NA,NA,NA,NA,NA,NA,NA,11,V,SS,"PUNT,2,04:29,37","TD,2,01:34,100",8,63,2:55,PUNT,2,04:29,SS37,TD,2,01:34,BT00,1
BTSS2103,SS,BT,Stuttgart Surge,Berlin Thunder,7/4/2021,Berlin,Stadion am Wurfplatz,15:00,17:55,Y,02.55,800,26 C,no,partly cloudy,M. Scholz,B. Hansen,K. Haltermann,B. Schaumberg,Z. Hamiko,M. Hoffmann,V. Kreisman,E. Christensen,E. Christensen,SS,3,12,SS41,"V,3,12,V41","11,6,77","PASS:2,C,5,H40 TACK:2","D. Gfeller pass complete to D. Meza for 19 yards to the BT40, 1ST DOWN SS (J. White).","V,1,10,H40",P,P,NA,NA,NA,NA,NA,NA,11,V,SS,"PUNT,2,04:29,37","TD,2,01:34,100",8,63,2:55,PUNT,2,04:29,SS37,TD,2,01:34,BT00,1
BTSS2103,SS,BT,Stuttgart Surge,Berlin Thunder,7/4/2021,Berlin,Stadion am Wurfplatz,15:00,17:55,Y,02.55,800,26 C,no,partly cloudy,M. Scholz,B. Hansen,K. Haltermann,B. Schaumberg,Z. Hamiko,M. Hoffmann,V. Kreisman,E. Christensen,E. Christensen,SS,1,10,BT40,"V,1,10,H40","11,7,78","RUSH:27,H31, TACK:8,52",S. Shannon rush for 9 yards to the BT31 (P. Seifert;W. Nasri).,"V,2,1,H31",R,NA,NA,NA,NA,NA,NA,NA,11,V,SS,"PUNT,2,04:29,37","TD,2,01:34,100",8,63,2:55,PUNT,2,04:29,SS37,TD,2,01:34,BT00,1
BTSS2103,SS,BT,Stuttgart Surge,Berlin Thunder,7/4/2021,Berlin,Stadion am Wurfplatz,15:00,17:55,Y,02.55,800,26 C,no,partly cloudy,M. Scholz,B. Hansen,K. Haltermann,B. Schaumberg,Z. Hamiko,M. Hoffmann,V. Kreisman,E. Christensen,E. Christensen,SS,2,1,BT31,"V,2,1,H31","11,8,79",T:02:00,Clock 02:00.,"V,2,1,H31",#,NA,NA,02:00,NA,NA,NA,NA,11,V,SS,"PUNT,2,04:29,37","TD,2,01:34,100",8,63,2:55,PUNT,2,04:29,SS37,TD,2,01:34,BT00,1
BTSS2103,SS,BT,Stuttgart Surge,Berlin Thunder,7/4/2021,Berlin,Stadion am Wurfplatz,15:00,17:55,Y,02.55,800,26 C,no,partly cloudy,M. Scholz,B. Hansen,K. Haltermann,B. Schaumberg,Z. Hamiko,M. Hoffmann,V. Kreisman,E. Christensen,E. Christensen,SS,2,1,BT31,"V,2,1,H31","11,9,80","PASS:2,C,14,H10 TACK:42","D. Gfeller pass complete to L. Geyer for 21 yards to the BT10, 1ST DOWN SS (P. Fischer).","V,1,0,H10",P,P,NA,NA,NA,NA,NA,NA,11,V,SS,"PUNT,2,04:29,37","TD,2,01:34,100",8,63,2:55,PUNT,2,04:29,SS37,TD,2,01:34,BT00,1
BTSS2103,SS,BT,Stuttgart Surge,Berlin Thunder,7/4/2021,Berlin,Stadion am Wurfplatz,15:00,17:55,Y,02.55,800,26 C,no,partly cloudy,M. Scholz,B. Hansen,K. Haltermann,B. Schaumberg,Z. Hamiko,M. Hoffmann,V. Kreisman,E. Christensen,E. Christensen,SS,1,0,BT10,"V,1,0,H10","11,10,81","RUSH:27,H10, TACK:79 PEN:H,UH,A,4,H05,1 NOPLAY:","S. Shannon rush for no gain to the BT10 (C. Schmid), PENALTY BT illegal use of hands (A. Boadu) 5 yards to the BT5, 1ST DOWN SS, NO PLAY.","V,1,0,H05",E,E,NA,NA,NA,NA,NA,NA,11,V,SS,"PUNT,2,04:29,37","TD,2,01:34,100",8,63,2:55,PUNT,2,04:29,SS37,TD,2,01:34,BT00,1
BTSS2103,SS,BT,Stuttgart Surge,Berlin Thunder,7/4/2021,Berlin,Stadion am Wurfplatz,15:00,17:55,Y,02.55,800,26 C,no,partly cloudy,M. Scholz,B. Hansen,K. Haltermann,B. Schaumberg,Z. Hamiko,M. Hoffmann,V. Kreisman,E. Christensen,E. Christensen,SS,1,0,BT05,"V,1,0,H05","11,11,82","PASS:2,D,5,*","D. Gfeller pass incomplete to D. Meza, dropped pass.","V,2,0,H05",P,NA,NA,NA,NA,NA,NA,NA,11,V,SS,"PUNT,2,04:29,37","TD,2,01:34,100",8,63,2:55,PUNT,2,04:29,SS37,TD,2,01:34,BT00,1
BTSS2103,SS,BT,Stuttgart Surge,Berlin Thunder,7/4/2021,Berlin,Stadion am Wurfplatz,15:00,17:55,Y,02.55,800,26 C,no,partly cloudy,M. Scholz,B. Hansen,K. Haltermann,B. Schaumberg,Z. Hamiko,M. Hoffmann,V. Kreisman,E. Christensen,E. Christensen,SS,2,0,BT05,"V,2,0,H05","11,12,83","PEN:V,DG,A,2,H10,N",PENALTY SS delay of game (D. Gfeller) 5 yards to the BT10.,"V,2,0,H10",E,NA,NA,NA,NA,NA,NA,NA,11,V,SS,"PUNT,2,04:29,37","TD,2,01:34,100",8,63,2:55,PUNT,2,04:29,SS37,TD,2,01:34,BT00,1
BTSS2103,SS,BT,Stuttgart Surge,Berlin Thunder,7/4/2021,Berlin,Stadion am Wurfplatz,15:00,17:55,Y,02.55,800,26 C,no,partly cloudy,M. Scholz,B. Hansen,K. Haltermann,B. Schaumberg,Z. Hamiko,M. Hoffmann,V. Kreisman,E. Christensen,E. Christensen,SS,2,0,BT10,"V,2,0,H10","11,13,84","PASS:2,C,5,H00 T:01:34","D. Gfeller pass complete to D. Meza for 10 yards to the BT0, 1ST DOWN SS, TOUCHDOWN, clock 01:34.","V,1,10,H15",P,P,NA,01:34,Y,12,18,NA,11,V,SS,"PUNT,2,04:29,37","TD,2,01:34,100",8,63,2:55,PUNT,2,04:29,SS37,TD,2,01:34,BT00,1
BTSS2103,SS,BT,Stuttgart Surge,Berlin Thunder,7/4/2021,Berlin,Stadion am Wurfplatz,15:00,17:55,Y,02.55,800,26 C,no,partly cloudy,M. Scholz,B. Hansen,K. Haltermann,B. Schaumberg,Z. Hamiko,M. Hoffmann,V. Kreisman,E. Christensen,E. Christensen,SS,1,10,BT15,"V,1,10,H15","11,14,85","PAT:P,2/18,G",D. Gfeller pass attempt to P. Steigerwald good.,"V,1,0,V35",X,NA,NA,NA,Y,14,18,NA,11,V,SS,"PUNT,2,04:29,37","TD,2,01:34,100",8,63,2:55,PUNT,2,04:29,SS37,TD,2,01:34,BT00,1
BTSS2103,SS,BT,Stuttgart Surge,Berlin Thunder,7/4/2021,Berlin,Stadion am Wurfplatz,15:00,17:55,Y,02.55,800,26 C,no,partly cloudy,M. Scholz,B. Hansen,K. Haltermann,B. Schaumberg,Z. Hamiko,M. Hoffmann,V. Kreisman,E. Christensen,E. Christensen,SS,1,0,SS35,"V,1,0,V35","11,15,86","KO:3,H03 RET:2,H42 TACK:3 PEN:H,HO,A,TM,H32,N D:1,10 SPOT:H,H32,Y","T. Bronn kickoff 62 yards to the BT3, J. White return 39 yards to the BT42 (T. Bronn), PENALTY BT holding 10 yards to the BT32, 1st and 10, BT ball on BT32.","H,1,10,H32",K,NA,NA,NA,NA,NA,NA,NA,11,V,SS,"PUNT,2,04:29,37","TD,2,01:34,100",8,63,2:55,PUNT,2,04:29,SS37,TD,2,01:34,BT00,1
BTSS2103,SS,BT,Stuttgart Surge,Berlin Thunder,7/4/2021,Berlin,Stadion am Wurfplatz,15:00,17:55,Y,02.55,800,26 C,no,partly cloudy,M. Scholz,B. Hansen,K. Haltermann,B. Schaumberg,Z. Hamiko,M. Hoffmann,V. Kreisman,E. Christensen,E. Christensen,BT,1,10,BT32,"H,1,10,H32","12,1,87",{DRIVE}:01:14,BERLIN THUNDER drive start at 01:14.,"H,1,10,H32",NA,NA,NA,01:14,NA,NA,NA,NA,12,H,BT,"KO,2,01:14,32","HALF,2,00:00,86",11,54,1:14,KO,2,01:14,BT32,HALF,2,00:00,SS14,1
BTSS2103,SS,BT,Stuttgart Surge,Berlin Thunder,7/4/2021,Berlin,Stadion am Wurfplatz,15:00,17:55,Y,02.55,800,26 C,no,partly cloudy,M. Scholz,B. Hansen,K. Haltermann,B. Schaumberg,Z. Hamiko,M. Hoffmann,V. Kreisman,E. Christensen,E. Christensen,BT,1,10,BT32,"H,1,10,H32","12,2,88","RUSH:6,H40, TACK:93",C. Stitt rush for 8 yards to the BT40 (93).,"H,2,2,H40",R,NA,NA,NA,NA,NA,NA,NA,12,H,BT,"KO,2,01:14,32","HALF,2,00:00,86",11,54,1:14,KO,2,01:14,BT32,HALF,2,00:00,SS14,1
BTSS2103,SS,BT,Stuttgart Surge,Berlin Thunder,7/4/2021,Berlin,Stadion am Wurfplatz,15:00,17:55,Y,02.55,800,26 C,no,partly cloudy,M. Scholz,B. Hansen,K. Haltermann,B. Schaumberg,Z. Hamiko,M. Hoffmann,V. Kreisman,E. Christensen,E. Christensen,BT,2,2,BT40,"H,2,2,H40","12,3,89","PASS:6,C,7,H44 TACK:23","C. Stitt pass complete to S. Jones for 4 yards to the BT44, 1ST DOWN BT (M. Dabo).","H,1,10,H44",P,P,NA,NA,NA,NA,NA,NA,12,H,BT,"KO,2,01:14,32","HALF,2,00:00,86",11,54,1:14,KO,2,01:14,BT32,HALF,2,00:00,SS14,1
BTSS2103,SS,BT,Stuttgart Surge,Berlin Thunder,7/4/2021,Berlin,Stadion am Wurfplatz,15:00,17:55,Y,02.55,800,26 C,no,partly cloudy,M. Scholz,B. Hansen,K. Haltermann,B. Schaumberg,Z. Hamiko,M. Hoffmann,V. Kreisman,E. Christensen,E. Christensen,BT,1,10,BT44,"H,1,10,H44","12,4,90","RUSH:6,H41, TACK:99",C. Stitt rush for loss of 3 yards to the BT41 (S. Vardar).,"H,2,13,H41",R,NA,NA,NA,NA,NA,NA,NA,12,H,BT,"KO,2,01:14,32","HALF,2,00:00,86",11,54,1:14,KO,2,01:14,BT32,HALF,2,00:00,SS14,1
BTSS2103,SS,BT,Stuttgart Surge,Berlin Thunder,7/4/2021,Berlin,Stadion am Wurfplatz,15:00,17:55,Y,02.55,800,26 C,no,partly cloudy,M. Scholz,B. Hansen,K. Haltermann,B. Schaumberg,Z. Hamiko,M. Hoffmann,V. Kreisman,E. Christensen,E. Christensen,BT,2,13,BT41,"H,2,13,H41","12,5,91","PASS:6,I,17,* PEN:V,RP,A,98,V44,1 NOPLAY:","C. Stitt pass incomplete to E. Drossard, PENALTY SS roughing passer (M. Fuerst) 15 yards to the SS44, 1ST DOWN BT, NO PLAY.","H,1,10,V44",E,E,NA,NA,NA,NA,NA,NA,12,H,BT,"KO,2,01:14,32","HALF,2,00:00,86",11,54,1:14,KO,2,01:14,BT32,HALF,2,00:00,SS14,1
BTSS2103,SS,BT,Stuttgart Surge,Berlin Thunder,7/4/2021,Berlin,Stadion am Wurfplatz,15:00,17:55,Y,02.55,800,26 C,no,partly cloudy,M. Scholz,B. Hansen,K. Haltermann,B. Schaumberg,Z. Hamiko,M. Hoffmann,V. Kreisman,E. Christensen,E. Christensen,BT,1,10,SS44,"H,1,10,V44","12,6,92","RUSH:1,V26, TACK:44","J. Crawford rush for 18 yards to the SS26, 1ST DOWN BT (J. Mbala).","H,1,10,V26",R,R,NA,NA,NA,NA,NA,NA,12,H,BT,"KO,2,01:14,32","HALF,2,00:00,86",11,54,1:14,KO,2,01:14,BT32,HALF,2,00:00,SS14,1
BTSS2103,SS,BT,Stuttgart Surge,Berlin Thunder,7/4/2021,Berlin,Stadion am Wurfplatz,15:00,17:55,Y,02.55,800,26 C,no,partly cloudy,M. Scholz,B. Hansen,K. Haltermann,B. Schaumberg,Z. Hamiko,M. Hoffmann,V. Kreisman,E. Christensen,E. Christensen,BT,1,10,SS26,"H,1,10,V26","12,7,93","PASS:6,I,17,*",C. Stitt pass incomplete to E. Drossard.,"H,2,10,V26",P,NA,NA,NA,NA,NA,NA,NA,12,H,BT,"KO,2,01:14,32","HALF,2,00:00,86",11,54,1:14,KO,2,01:14,BT32,HALF,2,00:00,SS14,1
BTSS2103,SS,BT,Stuttgart Surge,Berlin Thunder,7/4/2021,Berlin,Stadion am Wurfplatz,15:00,17:55,Y,02.55,800,26 C,no,partly cloudy,M. Scholz,B. Hansen,K. Haltermann,B. Schaumberg,Z. Hamiko,M. Hoffmann,V. Kreisman,E. Christensen,E. Christensen,BT,2,10,SS26,"H,2,10,V26","12,8,94","PASS:6,I,88,*",C. Stitt pass incomplete to T. Ndongo.,"H,3,10,V26",P,NA,NA,NA,NA,NA,NA,NA,12,H,BT,"KO,2,01:14,32","HALF,2,00:00,86",11,54,1:14,KO,2,01:14,BT32,HALF,2,00:00,SS14,1
BTSS2103,SS,BT,Stuttgart Surge,Berlin Thunder,7/4/2021,Berlin,Stadion am Wurfplatz,15:00,17:55,Y,02.55,800,26 C,no,partly cloudy,M. Scholz,B. Hansen,K. Haltermann,B. Schaumberg,Z. Hamiko,M. Hoffmann,V. Kreisman,E. Christensen,E. Christensen,BT,3,10,SS26,"H,3,10,V26","12,9,95","PASS:6,C,7,V11 TACK:33,8","C. Stitt pass complete to S. Jones for 15 yards to the SS11, 1ST DOWN BT (B. Wenzler;V. Ferrier).","H,1,10,V11",P,P,NA,NA,NA,NA,NA,NA,12,H,BT,"KO,2,01:14,32","HALF,2,00:00,86",11,54,1:14,KO,2,01:14,BT32,HALF,2,00:00,SS14,1
BTSS2103,SS,BT,Stuttgart Surge,Berlin Thunder,7/4/2021,Berlin,Stadion am Wurfplatz,15:00,17:55,Y,02.55,800,26 C,no,partly cloudy,M. Scholz,B. Hansen,K. Haltermann,B. Schaumberg,Z. Hamiko,M. Hoffmann,V. Kreisman,E. Christensen,E. Christensen,BT,1,10,SS11,"H,1,10,V11","12,10,96","PASS:6,I,88,*",C. Stitt pass incomplete to T. Ndongo.,"H,2,10,V11",P,NA,NA,NA,NA,NA,NA,NA,12,H,BT,"KO,2,01:14,32","HALF,2,00:00,86",11,54,1:14,KO,2,01:14,BT32,HALF,2,00:00,SS14,1
BTSS2103,SS,BT,Stuttgart Surge,Berlin Thunder,7/4/2021,Berlin,Stadion am Wurfplatz,15:00,17:55,Y,02.55,800,26 C,no,partly cloudy,M. Scholz,B. Hansen,K. Haltermann,B. Schaumberg,Z. Hamiko,M. Hoffmann,V. Kreisman,E. Christensen,E. Christensen,BT,2,10,SS11,"H,2,10,V11","12,11,97","PASS:6,I,7,*",C. Stitt pass incomplete to S. Jones.,"H,3,10,V11",P,NA,NA,NA,NA,NA,NA,NA,12,H,BT,"KO,2,01:14,32","HALF,2,00:00,86",11,54,1:14,KO,2,01:14,BT32,HALF,2,00:00,SS14,1
BTSS2103,SS,BT,Stuttgart Surge,Berlin Thunder,7/4/2021,Berlin,Stadion am Wurfplatz,15:00,17:55,Y,02.55,800,26 C,no,partly cloudy,M. Scholz,B. Hansen,K. Haltermann,B. Schaumberg,Z. Hamiko,M. Hoffmann,V. Kreisman,E. Christensen,E. Christensen,BT,3,10,SS11,"H,3,10,V11","12,12,98","PASS:6,I,7,* PEN:V,PI,A,33,V01,1","C. Stitt pass incomplete to S. Jones, PENALTY SS pass interference (B. Wenzler) 10 yards to the SS1, 1ST DOWN BT.","H,1,0,V01",P,E,NA,NA,NA,NA,NA,NA,12,H,BT,"KO,2,01:14,32","HALF,2,00:00,86",11,54,1:14,KO,2,01:14,BT32,HALF,2,00:00,SS14,1
BTSS2103,SS,BT,Stuttgart Surge,Berlin Thunder,7/4/2021,Berlin,Stadion am Wurfplatz,15:00,17:55,Y,02.55,800,26 C,no,partly cloudy,M. Scholz,B. Hansen,K. Haltermann,B. Schaumberg,Z. Hamiko,M. Hoffmann,V. Kreisman,E. Christensen,E. Christensen,BT,1,0,SS01,"H,1,0,V01","12,13,99","D:1,1",1st and 1.,"H,1,0,V01",NA,NA,NA,NA,NA,NA,NA,NA,12,H,BT,"KO,2,01:14,32","HALF,2,00:00,86",11,54,1:14,KO,2,01:14,BT32,HALF,2,00:00,SS14,1
BTSS2103,SS,BT,Stuttgart Surge,Berlin Thunder,7/4/2021,Berlin,Stadion am Wurfplatz,15:00,17:55,Y,02.55,800,26 C,no,partly cloudy,M. Scholz,B. Hansen,K. Haltermann,B. Schaumberg,Z. Hamiko,M. Hoffmann,V. Kreisman,E. Christensen,E. Christensen,BT,1,0,SS01,"H,1,0,V01","12,14,100","RUSH:1,V10, +:6,V14 TACK:TM","J. Crawford rush for loss of 9 yards to the SS10, C. Stitt for loss of 4 yards to the SS14 (TEAM).","H,2,0,V14",R,NA,NA,NA,NA,NA,NA,NA,12,H,BT,"KO,2,01:14,32","HALF,2,00:00,86",11,54,1:14,KO,2,01:14,BT32,HALF,2,00:00,SS14,1
BTSS2103,SS,BT,Stuttgart Surge,Berlin Thunder,7/4/2021,Berlin,Stadion am Wurfplatz,15:00,17:55,Y,02.55,800,26 C,no,partly cloudy,M. Scholz,B. Hansen,K. Haltermann,B. Schaumberg,Z. Hamiko,M. Hoffmann,V. Kreisman,E. Christensen,E. Christensen,BT,2,0,SS14,"H,2,0,V14","12,15,101",HALF: T:00:00,"End of half, clock 00:00.","H,2,0,V14",#,NA,NA,00:00,NA,NA,NA,NA,12,H,BT,"KO,2,01:14,32","HALF,2,00:00,86",11,54,1:14,KO,2,01:14,BT32,HALF,2,00:00,SS14,1
BTSS2103,SS,BT,Stuttgart Surge,Berlin Thunder,7/4/2021,Berlin,Stadion am Wurfplatz,15:00,17:55,Y,02.55,800,26 C,no,partly cloudy,M. Scholz,B. Hansen,K. Haltermann,B. Schaumberg,Z. Hamiko,M. Hoffmann,V. Kreisman,E. Christensen,E. Christensen,BT,2,0,SS14,"H,2,0,V14","12,16,102","Q:3 T:15:00 SPOT:V,V35,N","Start of 3rd quarter, clock 15:00, SS ball on SS35.","V,2,14,V35",#,NA,NA,15:00,NA,NA,NA,NA,12,H,BT,"KO,2,01:14,32","HALF,2,00:00,86",11,54,1:14,KO,2,01:14,BT32,HALF,2,00:00,SS14,1
BTSS2103,SS,BT,Stuttgart Surge,Berlin Thunder,7/4/2021,Berlin,Stadion am Wurfplatz,15:00,17:55,Y,02.55,800,26 C,no,partly cloudy,M. Scholz,B. Hansen,K. Haltermann,B. Schaumberg,Z. Hamiko,M. Hoffmann,V. Kreisman,E. Christensen,E. Christensen,SS,2,14,SS35,"V,2,14,V35","12,17,103","KO:3,H00 RET:2,H29 TACK:32","T. Bronn kickoff 65 yards to the BT0, J. White return 29 yards to the BT29 (J. Ludwig-M.).","H,1,10,H29",K,NA,NA,NA,NA,NA,NA,NA,12,H,BT,"KO,2,01:14,32","HALF,2,00:00,86",11,54,1:14,KO,2,01:14,BT32,HALF,2,00:00,SS14,1
BTSS2103,SS,BT,Stuttgart Surge,Berlin Thunder,7/4/2021,Berlin,Stadion am Wurfplatz,15:00,17:55,Y,02.55,800,26 C,no,partly cloudy,M. Scholz,B. Hansen,K. Haltermann,B. Schaumberg,Z. Hamiko,M. Hoffmann,V. Kreisman,E. Christensen,E. Christensen,BT,1,10,BT29,"H,1,10,H29","13,1,104",{DRIVE}:15:00,BERLIN THUNDER drive start at 15:00.,"H,1,10,H29",NA,NA,NA,15:00,NA,NA,NA,NA,13,H,BT,"KO,3,15:00,29","TD,3,14:08,100",2,71,0:52,KO,3,15:00,BT29,TD,3,14:08,SS00,NA
BTSS2103,SS,BT,Stuttgart Surge,Berlin Thunder,7/4/2021,Berlin,Stadion am Wurfplatz,15:00,17:55,Y,02.55,800,26 C,no,partly cloudy,M. Scholz,B. Hansen,K. Haltermann,B. Schaumberg,Z. Hamiko,M. Hoffmann,V. Kreisman,E. Christensen,E. Christensen,BT,1,10,BT29,"H,1,10,H29","13,2,105","RUSH:1,H34, TACK:55,92",J. Crawford rush for 5 yards to the BT34 (D. Graza;T. Burkhardt).,"H,2,5,H34",R,NA,NA,NA,NA,NA,NA,NA,13,H,BT,"KO,3,15:00,29","TD,3,14:08,100",2,71,0:52,KO,3,15:00,BT29,TD,3,14:08,SS00,NA
BTSS2103,SS,BT,Stuttgart Surge,Berlin Thunder,7/4/2021,Berlin,Stadion am Wurfplatz,15:00,17:55,Y,02.55,800,26 C,no,partly cloudy,M. Scholz,B. Hansen,K. Haltermann,B. Schaumberg,Z. Hamiko,M. Hoffmann,V. Kreisman,E. Christensen,E. Christensen,BT,2,5,BT34,"H,2,5,H34","13,3,106","PASS:6,C,85,V00 T:14:08","C. Stitt pass complete to N. Schumann for 66 yards to the SS0, 1ST DOWN BT, TOUCHDOWN, clock 14:08.","H,1,10,V15",P,P,NA,14:08,Y,14,24,NA,13,H,BT,"KO,3,15:00,29","TD,3,14:08,100",2,71,0:52,KO,3,15:00,BT29,TD,3,14:08,SS00,NA
BTSS2103,SS,BT,Stuttgart Surge,Berlin Thunder,7/4/2021,Berlin,Stadion am Wurfplatz,15:00,17:55,Y,02.55,800,26 C,no,partly cloudy,M. Scholz,B. Hansen,K. Haltermann,B. Schaumberg,Z. Hamiko,M. Hoffmann,V. Kreisman,E. Christensen,E. Christensen,BT,1,10,SS15,"H,1,10,V15","13,4,107","PAT:K,26,B,33,Y BLOCK:37","J. Schenderlein kick attempt failed (blocked), returned by B. Wenzler for defensive PAT (blocked by K. Bannasch).","H,1,0,H35",X,NA,NA,NA,Y,16,24,NA,13,H,BT,"KO,3,15:00,29","TD,3,14:08,100",2,71,0:52,KO,3,15:00,BT29,TD,3,14:08,SS00,NA
BTSS2103,SS,BT,Stuttgart Surge,Berlin Thunder,7/4/2021,Berlin,Stadion am Wurfplatz,15:00,17:55,Y,02.55,800,26 C,no,partly cloudy,M. Scholz,B. Hansen,K. Haltermann,B. Schaumberg,Z. Hamiko,M. Hoffmann,V. Kreisman,E. Christensen,E. Christensen,BT,1,0,BT35,"H,1,0,H35","13,5,108","KO:26,V05 OB: SPOT:V,V40,Y","J. Schenderlein kickoff 60 yards to the SS5, out-of-bounds, SS ball on SS40.","V,1,10,V40",K,NA,Y,NA,NA,NA,NA,NA,13,H,BT,"KO,3,15:00,29","TD,3,14:08,100",2,71,0:52,KO,3,15:00,BT29,TD,3,14:08,SS00,NA
BTSS2103,SS,BT,Stuttgart Surge,Berlin Thunder,7/4/2021,Berlin,Stadion am Wurfplatz,15:00,17:55,Y,02.55,800,26 C,no,partly cloudy,M. Scholz,B. Hansen,K. Haltermann,B. Schaumberg,Z. Hamiko,M. Hoffmann,V. Kreisman,E. Christensen,E. Christensen,SS,1,10,SS40,"V,1,10,V40","14,1,109",{DRIVE}:14:08,STUTTGART SURGE drive start at 14:08.,"V,1,10,V40",NA,NA,NA,14:08,NA,NA,NA,NA,14,V,SS,"KO,3,14:08,40","DOWNS,3,10:03,71",6,31,4:05,KO,3,14:08,SS40,DOWNS,3,10:03,BT29,NA
BTSS2103,SS,BT,Stuttgart Surge,Berlin Thunder,7/4/2021,Berlin,Stadion am Wurfplatz,15:00,17:55,Y,02.55,800,26 C,no,partly cloudy,M. Scholz,B. Hansen,K. Haltermann,B. Schaumberg,Z. Hamiko,M. Hoffmann,V. Kreisman,E. Christensen,E. Christensen,SS,1,10,SS40,"V,1,10,V40","14,2,110","RUSH:27,V45, TACK:2",S. Shannon rush for 5 yards to the SS45 (J. White).,"V,2,5,V45",R,NA,NA,NA,NA,NA,NA,NA,14,V,SS,"KO,3,14:08,40","DOWNS,3,10:03,71",6,31,4:05,KO,3,14:08,SS40,DOWNS,3,10:03,BT29,NA
BTSS2103,SS,BT,Stuttgart Surge,Berlin Thunder,7/4/2021,Berlin,Stadion am Wurfplatz,15:00,17:55,Y,02.55,800,26 C,no,partly cloudy,M. Scholz,B. Hansen,K. Haltermann,B. Schaumberg,Z. Hamiko,M. Hoffmann,V. Kreisman,E. Christensen,E. Christensen,SS,2,5,SS45,"V,2,5,V45","14,3,111","RUSH:27,V40, TACK:92,52",S. Shannon rush for loss of 5 yards to the SS40 (F. Paris;W. Nasri).,"V,3,10,V40",R,NA,NA,NA,NA,NA,NA,NA,14,V,SS,"KO,3,14:08,40","DOWNS,3,10:03,71",6,31,4:05,KO,3,14:08,SS40,DOWNS,3,10:03,BT29,NA
BTSS2103,SS,BT,Stuttgart Surge,Berlin Thunder,7/4/2021,Berlin,Stadion am Wurfplatz,15:00,17:55,Y,02.55,800,26 C,no,partly cloudy,M. Scholz,B. Hansen,K. Haltermann,B. Schaumberg,Z. Hamiko,M. Hoffmann,V. Kreisman,E. Christensen,E. Christensen,SS,3,10,SS40,"V,3,10,V40","14,4,112","PASS:2,C,14,H47 TACK:15 PEN:H,RP,A,97,H32,1 NOPLAY:","D. Gfeller pass complete to L. Geyer for 13 yards to the BT47 (M. Thiele), PENALTY BT roughing passer (K. Wagner) 28 yards to the BT32, 1ST DOWN SS, NO PLAY.","V,1,10,H32",E,E,NA,NA,NA,NA,NA,NA,14,V,SS,"KO,3,14:08,40","DOWNS,3,10:03,71",6,31,4:05,KO,3,14:08,SS40,DOWNS,3,10:03,BT29,NA
BTSS2103,SS,BT,Stuttgart Surge,Berlin Thunder,7/4/2021,Berlin,Stadion am Wurfplatz,15:00,17:55,Y,02.55,800,26 C,no,partly cloudy,M. Scholz,B. Hansen,K. Haltermann,B. Schaumberg,Z. Hamiko,M. Hoffmann,V. Kreisman,E. Christensen,E. Christensen,SS,1,10,BT32,"V,1,10,H32","14,5,113","RUSH:27,H31, TACK:2,22",S. Shannon rush for 1 yard to the BT31 (J. White;L. Achaintre).,"V,2,9,H31",R,NA,NA,NA,NA,NA,NA,NA,14,V,SS,"KO,3,14:08,40","DOWNS,3,10:03,71",6,31,4:05,KO,3,14:08,SS40,DOWNS,3,10:03,BT29,NA
BTSS2103,SS,BT,Stuttgart Surge,Berlin Thunder,7/4/2021,Berlin,Stadion am Wurfplatz,15:00,17:55,Y,02.55,800,26 C,no,partly cloudy,M. Scholz,B. Hansen,K. Haltermann,B. Schaumberg,Z. Hamiko,M. Hoffmann,V. Kreisman,E. Christensen,E. Christensen,SS,2,9,BT31,"V,2,9,H31","14,6,114","PASS:2,C,5,H29 TACK:8,52",D. Gfeller pass complete to D. Meza for 2 yards to the BT29 (P. Seifert;W. Nasri).,"V,3,7,H29",P,NA,NA,NA,NA,NA,NA,NA,14,V,SS,"KO,3,14:08,40","DOWNS,3,10:03,71",6,31,4:05,KO,3,14:08,SS40,DOWNS,3,10:03,BT29,NA
BTSS2103,SS,BT,Stuttgart Surge,Berlin Thunder,7/4/2021,Berlin,Stadion am Wurfplatz,15:00,17:55,Y,02.55,800,26 C,no,partly cloudy,M. Scholz,B. Hansen,K. Haltermann,B. Schaumberg,Z. Hamiko,M. Hoffmann,V. Kreisman,E. Christensen,E. Christensen,SS,3,7,BT29,"V,3,7,H29","14,7,115","RUSH:26,H29, TACK:52",R. Pein rush for no gain to the BT29 (W. Nasri).,"V,4,7,H29",R,NA,NA,NA,NA,NA,NA,NA,14,V,SS,"KO,3,14:08,40","DOWNS,3,10:03,71",6,31,4:05,KO,3,14:08,SS40,DOWNS,3,10:03,BT29,NA
BTSS2103,SS,BT,Stuttgart Surge,Berlin Thunder,7/4/2021,Berlin,Stadion am Wurfplatz,15:00,17:55,Y,02.55,800,26 C,no,partly cloudy,M. Scholz,B. Hansen,K. Haltermann,B. Schaumberg,Z. Hamiko,M. Hoffmann,V. Kreisman,E. Christensen,E. Christensen,SS,4,7,BT29,"V,4,7,H29","14,8,116","PASS:2,I,5,* BRUP:52",D. Gfeller pass incomplete to D. Meza (W. Nasri).,"H,1,10,H29",P,NA,NA,NA,NA,NA,NA,NA,14,V,SS,"KO,3,14:08,40","DOWNS,3,10:03,71",6,31,4:05,KO,3,14:08,SS40,DOWNS,3,10:03,BT29,NA
BTSS2103,SS,BT,Stuttgart Surge,Berlin Thunder,7/4/2021,Berlin,Stadion am Wurfplatz,15:00,17:55,Y,02.55,800,26 C,no,partly cloudy,M. Scholz,B. Hansen,K. Haltermann,B. Schaumberg,Z. Hamiko,M. Hoffmann,V. Kreisman,E. Christensen,E. Christensen,BT,1,10,BT29,"H,1,10,H29","15,1,117",{DRIVE}:10:03,BERLIN THUNDER drive start at 10:03.,"H,1,10,H29",NA,NA,NA,10:03,NA,NA,NA,NA,15,H,BT,"DOWNS,3,10:03,29","PUNT,3,06:52,33",4,4,3:11,DOWNS,3,10:03,BT29,PUNT,3,06:52,BT33,NA
BTSS2103,SS,BT,Stuttgart Surge,Berlin Thunder,7/4/2021,Berlin,Stadion am Wurfplatz,15:00,17:55,Y,02.55,800,26 C,no,partly cloudy,M. Scholz,B. Hansen,K. Haltermann,B. Schaumberg,Z. Hamiko,M. Hoffmann,V. Kreisman,E. Christensen,E. Christensen,BT,1,10,BT29,"H,1,10,H29","15,2,118","RUSH:1,H43, FUMB:H,H43,1 TACK:45,37","J. Crawford rush for 14 yards to the BT43, fumble by J. Crawford recovered by BT J. Crawford at BT43, 1ST DOWN BT (N. Hamulic;K. Bannasch).","H,1,10,H43",R,R,NA,NA,NA,NA,NA,NA,15,H,BT,"DOWNS,3,10:03,29","PUNT,3,06:52,33",4,4,3:11,DOWNS,3,10:03,BT29,PUNT,3,06:52,BT33,NA
BTSS2103,SS,BT,Stuttgart Surge,Berlin Thunder,7/4/2021,Berlin,Stadion am Wurfplatz,15:00,17:55,Y,02.55,800,26 C,no,partly cloudy,M. Scholz,B. Hansen,K. Haltermann,B. Schaumberg,Z. Hamiko,M. Hoffmann,V. Kreisman,E. Christensen,E. Christensen,BT,1,10,BT43,"H,1,10,H43","15,3,119","PASS:6,S,TM,H36 SACK:44",C. Stitt sacked for loss of 7 yards to the BT36 (J. Mbala).,"H,2,17,H36",P,NA,NA,NA,NA,NA,NA,NA,15,H,BT,"DOWNS,3,10:03,29","PUNT,3,06:52,33",4,4,3:11,DOWNS,3,10:03,BT29,PUNT,3,06:52,BT33,NA
BTSS2103,SS,BT,Stuttgart Surge,Berlin Thunder,7/4/2021,Berlin,Stadion am Wurfplatz,15:00,17:55,Y,02.55,800,26 C,no,partly cloudy,M. Scholz,B. Hansen,K. Haltermann,B. Schaumberg,Z. Hamiko,M. Hoffmann,V. Kreisman,E. Christensen,E. Christensen,BT,2,17,BT36,"H,2,17,H36","15,4,120","PASS:6,C,17,H46 TACK:37 PEN:H,HO,A,68,H26,N NOPLAY:","C. Stitt pass complete to E. Drossard for 10 yards to the BT46 (K. Bannasch), PENALTY BT holding (H. El-Zein) 10 yards to the BT26, NO PLAY.","H,2,27,H26",E,NA,NA,NA,NA,NA,NA,NA,15,H,BT,"DOWNS,3,10:03,29","PUNT,3,06:52,33",4,4,3:11,DOWNS,3,10:03,BT29,PUNT,3,06:52,BT33,NA
BTSS2103,SS,BT,Stuttgart Surge,Berlin Thunder,7/4/2021,Berlin,Stadion am Wurfplatz,15:00,17:55,Y,02.55,800,26 C,no,partly cloudy,M. Scholz,B. Hansen,K. Haltermann,B. Schaumberg,Z. Hamiko,M. Hoffmann,V. Kreisman,E. Christensen,E. Christensen,BT,2,27,BT26,"H,2,27,H26","15,5,121",T:08:42,Clock 08:42.,"H,2,27,H26",#,NA,NA,08:42,NA,NA,NA,NA,15,H,BT,"DOWNS,3,10:03,29","PUNT,3,06:52,33",4,4,3:11,DOWNS,3,10:03,BT29,PUNT,3,06:52,BT33,NA
BTSS2103,SS,BT,Stuttgart Surge,Berlin Thunder,7/4/2021,Berlin,Stadion am Wurfplatz,15:00,17:55,Y,02.55,800,26 C,no,partly cloudy,M. Scholz,B. Hansen,K. Haltermann,B. Schaumberg,Z. Hamiko,M. Hoffmann,V. Kreisman,E. Christensen,E. Christensen,BT,2,27,BT26,"H,2,27,H26","15,6,122","PASS:6,S,TM,H20 SACK:98",C. Stitt sacked for loss of 6 yards to the BT20 (M. Fuerst).,"H,3,33,H20",P,NA,NA,NA,NA,NA,NA,NA,15,H,BT,"DOWNS,3,10:03,29","PUNT,3,06:52,33",4,4,3:11,DOWNS,3,10:03,BT29,PUNT,3,06:52,BT33,NA
BTSS2103,SS,BT,Stuttgart Surge,Berlin Thunder,7/4/2021,Berlin,Stadion am Wurfplatz,15:00,17:55,Y,02.55,800,26 C,no,partly cloudy,M. Scholz,B. Hansen,K. Haltermann,B. Schaumberg,Z. Hamiko,M. Hoffmann,V. Kreisman,E. Christensen,E. Christensen,BT,3,33,BT20,"H,3,33,H20","15,7,123","PASS:6,C,7,H33 TACK:33",C. Stitt pass complete to S. Jones for 13 yards to the BT33 (B. Wenzler).,"H,4,20,H33",P,NA,NA,NA,NA,NA,NA,NA,15,H,BT,"DOWNS,3,10:03,29","PUNT,3,06:52,33",4,4,3:11,DOWNS,3,10:03,BT29,PUNT,3,06:52,BT33,NA
BTSS2103,SS,BT,Stuttgart Surge,Berlin Thunder,7/4/2021,Berlin,Stadion am Wurfplatz,15:00,17:55,Y,02.55,800,26 C,no,partly cloudy,M. Scholz,B. Hansen,K. Haltermann,B. Schaumberg,Z. Hamiko,M. Hoffmann,V. Kreisman,E. Christensen,E. Christensen,BT,4,20,BT33,"H,4,20,H33","15,8,124","PUNT:14,V28 DN:","K. Hummel punt 39 yards to the SS28, downed.","V,1,10,V28",U,NA,NA,NA,NA,NA,NA,NA,15,H,BT,"DOWNS,3,10:03,29","PUNT,3,06:52,33",4,4,3:11,DOWNS,3,10:03,BT29,PUNT,3,06:52,BT33,NA
BTSS2103,SS,BT,Stuttgart Surge,Berlin Thunder,7/4/2021,Berlin,Stadion am Wurfplatz,15:00,17:55,Y,02.55,800,26 C,no,partly cloudy,M. Scholz,B. Hansen,K. Haltermann,B. Schaumberg,Z. Hamiko,M. Hoffmann,V. Kreisman,E. Christensen,E. Christensen,SS,1,10,SS28,"V,1,10,V28","16,1,125",{DRIVE}:06:52,STUTTGART SURGE drive start at 06:52.,"V,1,10,V28",NA,NA,NA,06:52,NA,NA,NA,NA,16,V,SS,"PUNT,3,06:52,28","FG,3,03:40,88",6,60,3:12,PUNT,3,06:52,SS28,FG,3,03:40,BT12,1
BTSS2103,SS,BT,Stuttgart Surge,Berlin Thunder,7/4/2021,Berlin,Stadion am Wurfplatz,15:00,17:55,Y,02.55,800,26 C,no,partly cloudy,M. Scholz,B. Hansen,K. Haltermann,B. Schaumberg,Z. Hamiko,M. Hoffmann,V. Kreisman,E. Christensen,E. Christensen,SS,1,10,SS28,"V,1,10,V28","16,2,126","PASS:2,C,87,V49 TACK:42","D. Gfeller pass complete to D. Rofalski for 21 yards to the SS49, 1ST DOWN SS (P. Fischer).","V,1,10,V49",P,P,NA,NA,NA,NA,NA,NA,16,V,SS,"PUNT,3,06:52,28","FG,3,03:40,88",6,60,3:12,PUNT,3,06:52,SS28,FG,3,03:40,BT12,1
BTSS2103,SS,BT,Stuttgart Surge,Berlin Thunder,7/4/2021,Berlin,Stadion am Wurfplatz,15:00,17:55,Y,02.55,800,26 C,no,partly cloudy,M. Scholz,B. Hansen,K. Haltermann,B. Schaumberg,Z. Hamiko,M. Hoffmann,V. Kreisman,E. Christensen,E. Christensen,SS,1,10,SS49,"V,1,10,V49","16,3,127","PASS:2,C,14,H16 TACK:15","D. Gfeller pass complete to L. Geyer for 35 yards to the BT16, 1ST DOWN SS (M. Thiele).","V,1,10,H16",P,P,NA,NA,NA,NA,NA,NA,16,V,SS,"PUNT,3,06:52,28","FG,3,03:40,88",6,60,3:12,PUNT,3,06:52,SS28,FG,3,03:40,BT12,1
BTSS2103,SS,BT,Stuttgart Surge,Berlin Thunder,7/4/2021,Berlin,Stadion am Wurfplatz,15:00,17:55,Y,02.55,800,26 C,no,partly cloudy,M. Scholz,B. Hansen,K. Haltermann,B. Schaumberg,Z. Hamiko,M. Hoffmann,V. Kreisman,E. Christensen,E. Christensen,SS,1,10,BT16,"V,1,10,H16","16,4,128","RUSH:27,H13, TACK:97,52",S. Shannon rush for 3 yards to the BT13 (K. Wagner;W. Nasri).,"V,2,7,H13",R,NA,NA,NA,NA,NA,NA,NA,16,V,SS,"PUNT,3,06:52,28","FG,3,03:40,88",6,60,3:12,PUNT,3,06:52,SS28,FG,3,03:40,BT12,1
BTSS2103,SS,BT,Stuttgart Surge,Berlin Thunder,7/4/2021,Berlin,Stadion am Wurfplatz,15:00,17:55,Y,02.55,800,26 C,no,partly cloudy,M. Scholz,B. Hansen,K. Haltermann,B. Schaumberg,Z. Hamiko,M. Hoffmann,V. Kreisman,E. Christensen,E. Christensen,SS,2,7,BT13,"V,2,7,H13","16,5,129","PASS:2,I,17,*",D. Gfeller pass incomplete to P. Floeser.,"V,3,7,H13",P,NA,NA,NA,NA,NA,NA,NA,16,V,SS,"PUNT,3,06:52,28","FG,3,03:40,88",6,60,3:12,PUNT,3,06:52,SS28,FG,3,03:40,BT12,1
BTSS2103,SS,BT,Stuttgart Surge,Berlin Thunder,7/4/2021,Berlin,Stadion am Wurfplatz,15:00,17:55,Y,02.55,800,26 C,no,partly cloudy,M. Scholz,B. Hansen,K. Haltermann,B. Schaumberg,Z. Hamiko,M. Hoffmann,V. Kreisman,E. Christensen,E. Christensen,SS,3,7,BT13,"V,3,7,H13","16,6,130","PASS:2,C,14,H00 T:04:08 PEN:V,UH,A,77,H23,N NOPLAY:","D. Gfeller pass complete to L. Geyer for 13 yards to the BT0, clock 04:08, PENALTY SS illegal use of hands (M. Kuppinger) 10 yards to the BT23, NO PLAY.","V,3,17,H23",E,NA,NA,04:08,NA,NA,NA,NA,16,V,SS,"PUNT,3,06:52,28","FG,3,03:40,88",6,60,3:12,PUNT,3,06:52,SS28,FG,3,03:40,BT12,1
BTSS2103,SS,BT,Stuttgart Surge,Berlin Thunder,7/4/2021,Berlin,Stadion am Wurfplatz,15:00,17:55,Y,02.55,800,26 C,no,partly cloudy,M. Scholz,B. Hansen,K. Haltermann,B. Schaumberg,Z. Hamiko,M. Hoffmann,V. Kreisman,E. Christensen,E. Christensen,SS,3,17,BT23,"V,3,17,H23","16,7,131","PASS:2,C,18,H12 OB:","D. Gfeller pass complete to P. Steigerwald for 11 yards to the BT12, out-of-bounds.","V,4,6,H12",P,NA,Y,NA,NA,NA,NA,NA,16,V,SS,"PUNT,3,06:52,28","FG,3,03:40,88",6,60,3:12,PUNT,3,06:52,SS28,FG,3,03:40,BT12,1
BTSS2103,SS,BT,Stuttgart Surge,Berlin Thunder,7/4/2021,Berlin,Stadion am Wurfplatz,15:00,17:55,Y,02.55,800,26 C,no,partly cloudy,M. Scholz,B. Hansen,K. Haltermann,B. Schaumberg,Z. Hamiko,M. Hoffmann,V. Kreisman,E. Christensen,E. Christensen,SS,4,6,BT12,"V,4,6,H12","16,8,132",TOUT:V T:03:40,"Timeout Stuttgart Surge, clock 03:40.","V,4,6,H12",#,NA,NA,03:40,NA,NA,NA,NA,16,V,SS,"PUNT,3,06:52,28","FG,3,03:40,88",6,60,3:12,PUNT,3,06:52,SS28,FG,3,03:40,BT12,1
BTSS2103,SS,BT,Stuttgart Surge,Berlin Thunder,7/4/2021,Berlin,Stadion am Wurfplatz,15:00,17:55,Y,02.55,800,26 C,no,partly cloudy,M. Scholz,B. Hansen,K. Haltermann,B. Schaumberg,Z. Hamiko,M. Hoffmann,V. Kreisman,E. Christensen,E. Christensen,SS,4,6,BT12,"V,4,6,H12","16,9,133","FGA:3,29,G T:03:40","T. Bronn field goal attempt from 29 GOOD, clock 03:40.","V,1,0,V35",F,NA,NA,03:40,Y,19,24,NA,16,V,SS,"PUNT,3,06:52,28","FG,3,03:40,88",6,60,3:12,PUNT,3,06:52,SS28,FG,3,03:40,BT12,1
BTSS2103,SS,BT,Stuttgart Surge,Berlin Thunder,7/4/2021,Berlin,Stadion am Wurfplatz,15:00,17:55,Y,02.55,800,26 C,no,partly cloudy,M. Scholz,B. Hansen,K. Haltermann,B. Schaumberg,Z. Hamiko,M. Hoffmann,V. Kreisman,E. Christensen,E. Christensen,SS,1,0,SS35,"V,1,0,V35","16,10,134","KO:3,H13 RET:2,H32 TACK:32","T. Bronn kickoff 52 yards to the BT13, J. White return 19 yards to the BT32 (J. Ludwig-M.).","H,1,10,H32",K,NA,NA,NA,NA,NA,NA,NA,16,V,SS,"PUNT,3,06:52,28","FG,3,03:40,88",6,60,3:12,PUNT,3,06:52,SS28,FG,3,03:40,BT12,1
BTSS2103,SS,BT,Stuttgart Surge,Berlin Thunder,7/4/2021,Berlin,Stadion am Wurfplatz,15:00,17:55,Y,02.55,800,26 C,no,partly cloudy,M. Scholz,B. Hansen,K. Haltermann,B. Schaumberg,Z. Hamiko,M. Hoffmann,V. Kreisman,E. Christensen,E. Christensen,BT,1,10,BT32,"H,1,10,H32","17,1,135",{DRIVE}:03:27,BERLIN THUNDER drive start at 03:27.,"H,1,10,H32",NA,NA,NA,03:27,NA,NA,NA,NA,17,H,BT,"KO,3,03:27,32","TD,4,14:48,100",8,68,3:39,KO,3,03:27,BT32,TD,4,14:48,SS00,NA
BTSS2103,SS,BT,Stuttgart Surge,Berlin Thunder,7/4/2021,Berlin,Stadion am Wurfplatz,15:00,17:55,Y,02.55,800,26 C,no,partly cloudy,M. Scholz,B. Hansen,K. Haltermann,B. Schaumberg,Z. Hamiko,M. Hoffmann,V. Kreisman,E. Christensen,E. Christensen,BT,1,10,BT32,"H,1,10,H32","17,2,136","RUSH:1,H33, TACK:44,45",J. Crawford rush for 1 yard to the BT33 (J. Mbala;N. Hamulic).,"H,2,9,H33",R,NA,NA,NA,NA,NA,NA,NA,17,H,BT,"KO,3,03:27,32","TD,4,14:48,100",8,68,3:39,KO,3,03:27,BT32,TD,4,14:48,SS00,NA
BTSS2103,SS,BT,Stuttgart Surge,Berlin Thunder,7/4/2021,Berlin,Stadion am Wurfplatz,15:00,17:55,Y,02.55,800,26 C,no,partly cloudy,M. Scholz,B. Hansen,K. Haltermann,B. Schaumberg,Z. Hamiko,M. Hoffmann,V. Kreisman,E. Christensen,E. Christensen,BT,2,9,BT33,"H,2,9,H33","17,3,137","PASS:6,I,7,* BRUP:23",C. Stitt pass incomplete to S. Jones (M. Dabo).,"H,3,9,H33",P,NA,NA,NA,NA,NA,NA,NA,17,H,BT,"KO,3,03:27,32","TD,4,14:48,100",8,68,3:39,KO,3,03:27,BT32,TD,4,14:48,SS00,NA
BTSS2103,SS,BT,Stuttgart Surge,Berlin Thunder,7/4/2021,Berlin,Stadion am Wurfplatz,15:00,17:55,Y,02.55,800,26 C,no,partly cloudy,M. Scholz,B. Hansen,K. Haltermann,B. Schaumberg,Z. Hamiko,M. Hoffmann,V. Kreisman,E. Christensen,E. Christensen,BT,3,9,BT33,"H,3,9,H33","17,4,138","PASS:6,C,1,H46 TACK:21","C. Stitt pass complete to J. Crawford for 13 yards to the BT46, 1ST DOWN BT (J. Jacob).","H,1,10,H46",P,P,NA,NA,NA,NA,NA,NA,17,H,BT,"KO,3,03:27,32","TD,4,14:48,100",8,68,3:39,KO,3,03:27,BT32,TD,4,14:48,SS00,NA
BTSS2103,SS,BT,Stuttgart Surge,Berlin Thunder,7/4/2021,Berlin,Stadion am Wurfplatz,15:00,17:55,Y,02.55,800,26 C,no,partly cloudy,M. Scholz,B. Hansen,K. Haltermann,B. Schaumberg,Z. Hamiko,M. Hoffmann,V. Kreisman,E. Christensen,E. Christensen,BT,1,10,BT46,"H,1,10,H46","17,5,139","RUSH:1,V49, TACK:93",J. Crawford rush for 5 yards to the SS49 (93).,"H,2,5,V49",R,NA,NA,NA,NA,NA,NA,NA,17,H,BT,"KO,3,03:27,32","TD,4,14:48,100",8,68,3:39,KO,3,03:27,BT32,TD,4,14:48,SS00,NA
BTSS2103,SS,BT,Stuttgart Surge,Berlin Thunder,7/4/2021,Berlin,Stadion am Wurfplatz,15:00,17:55,Y,02.55,800,26 C,no,partly cloudy,M. Scholz,B. Hansen,K. Haltermann,B. Schaumberg,Z. Hamiko,M. Hoffmann,V. Kreisman,E. Christensen,E. Christensen,BT,2,5,SS49,"H,2,5,V49","17,6,140","RUSH:1,V46, TACK:31,20",J. Crawford rush for 3 yards to the SS46 (N. Wenzelburger;D. Warren).,"H,3,2,V46",R,NA,NA,NA,NA,NA,NA,NA,17,H,BT,"KO,3,03:27,32","TD,4,14:48,100",8,68,3:39,KO,3,03:27,BT32,TD,4,14:48,SS00,NA
BTSS2103,SS,BT,Stuttgart Surge,Berlin Thunder,7/4/2021,Berlin,Stadion am Wurfplatz,15:00,17:55,Y,02.55,800,26 C,no,partly cloudy,M. Scholz,B. Hansen,K. Haltermann,B. Schaumberg,Z. Hamiko,M. Hoffmann,V. Kreisman,E. Christensen,E. Christensen,BT,3,2,SS46,"H,3,2,V46","17,7,141","PASS:6,I,7,*",C. Stitt pass incomplete to S. Jones.,"H,4,2,V46",P,NA,NA,NA,NA,NA,NA,NA,17,H,BT,"KO,3,03:27,32","TD,4,14:48,100",8,68,3:39,KO,3,03:27,BT32,TD,4,14:48,SS00,NA
BTSS2103,SS,BT,Stuttgart Surge,Berlin Thunder,7/4/2021,Berlin,Stadion am Wurfplatz,15:00,17:55,Y,02.55,800,26 C,no,partly cloudy,M. Scholz,B. Hansen,K. Haltermann,B. Schaumberg,Z. Hamiko,M. Hoffmann,V. Kreisman,E. Christensen,E. Christensen,BT,4,2,SS46,"H,4,2,V46","17,8,142","RUSH:11,V43, TACK:TM","B. Zerbe rush for 3 yards to the SS43, 1ST DOWN BT (TEAM).","H,1,10,V43",R,R,NA,NA,NA,NA,NA,NA,17,H,BT,"KO,3,03:27,32","TD,4,14:48,100",8,68,3:39,KO,3,03:27,BT32,TD,4,14:48,SS00,NA
BTSS2103,SS,BT,Stuttgart Surge,Berlin Thunder,7/4/2021,Berlin,Stadion am Wurfplatz,15:00,17:55,Y,02.55,800,26 C,no,partly cloudy,M. Scholz,B. Hansen,K. Haltermann,B. Schaumberg,Z. Hamiko,M. Hoffmann,V. Kreisman,E. Christensen,E. Christensen,BT,1,10,SS43,"H,1,10,V43","17,9,143",Q:4 T:15:00,"Start of 4th quarter, clock 15:00.","H,1,10,V43",#,NA,NA,15:00,NA,NA,NA,NA,17,H,BT,"KO,3,03:27,32","TD,4,14:48,100",8,68,3:39,KO,3,03:27,BT32,TD,4,14:48,SS00,NA
BTSS2103,SS,BT,Stuttgart Surge,Berlin Thunder,7/4/2021,Berlin,Stadion am Wurfplatz,15:00,17:55,Y,02.55,800,26 C,no,partly cloudy,M. Scholz,B. Hansen,K. Haltermann,B. Schaumberg,Z. Hamiko,M. Hoffmann,V. Kreisman,E. Christensen,E. Christensen,BT,1,10,SS43,"H,1,10,V43","17,10,144","RUSH:1,V00, T:14:48","J. Crawford rush for 43 yards to the SS0, 1ST DOWN BT, TOUCHDOWN, clock 14:48.","H,1,10,V15",R,R,NA,14:48,Y,19,30,NA,17,H,BT,"KO,3,03:27,32","TD,4,14:48,100",8,68,3:39,KO,3,03:27,BT32,TD,4,14:48,SS00,NA
BTSS2103,SS,BT,Stuttgart Surge,Berlin Thunder,7/4/2021,Berlin,Stadion am Wurfplatz,15:00,17:55,Y,02.55,800,26 C,no,partly cloudy,M. Scholz,B. Hansen,K. Haltermann,B. Schaumberg,Z. Hamiko,M. Hoffmann,V. Kreisman,E. Christensen,E. Christensen,BT,1,10,SS15,"H,1,10,V15","17,11,145","PAT:P,6/1,G",C. Stitt pass attempt to J. Crawford good.,"H,1,0,H35",X,NA,NA,NA,Y,19,32,NA,17,H,BT,"KO,3,03:27,32","TD,4,14:48,100",8,68,3:39,KO,3,03:27,BT32,TD,4,14:48,SS00,NA
BTSS2103,SS,BT,Stuttgart Surge,Berlin Thunder,7/4/2021,Berlin,Stadion am Wurfplatz,15:00,17:55,Y,02.55,800,26 C,no,partly cloudy,M. Scholz,B. Hansen,K. Haltermann,B. Schaumberg,Z. Hamiko,M. Hoffmann,V. Kreisman,E. Christensen,E. Christensen,BT,1,0,BT35,"H,1,0,H35","17,12,146","KO:26,V00 TB:","J. Schenderlein kickoff 65 yards to the SS0, touchback.","V,1,10,V25",K,NA,NA,NA,NA,NA,NA,NA,17,H,BT,"KO,3,03:27,32","TD,4,14:48,100",8,68,3:39,KO,3,03:27,BT32,TD,4,14:48,SS00,NA
BTSS2103,SS,BT,Stuttgart Surge,Berlin Thunder,7/4/2021,Berlin,Stadion am Wurfplatz,15:00,17:55,Y,02.55,800,26 C,no,partly cloudy,M. Scholz,B. Hansen,K. Haltermann,B. Schaumberg,Z. Hamiko,M. Hoffmann,V. Kreisman,E. Christensen,E. Christensen,SS,1,10,SS25,"V,1,10,V25","18,1,147",{DRIVE}:14:48,STUTTGART SURGE drive start at 14:48.,"V,1,10,V25",NA,NA,NA,14:48,NA,NA,NA,NA,18,V,SS,"KO,4,14:48,25","PUNT,4,13:10,48",5,23,1:38,KO,4,14:48,SS25,PUNT,4,13:10,SS48,NA
BTSS2103,SS,BT,Stuttgart Surge,Berlin Thunder,7/4/2021,Berlin,Stadion am Wurfplatz,15:00,17:55,Y,02.55,800,26 C,no,partly cloudy,M. Scholz,B. Hansen,K. Haltermann,B. Schaumberg,Z. Hamiko,M. Hoffmann,V. Kreisman,E. Christensen,E. Christensen,SS,1,10,SS25,"V,1,10,V25","18,2,148","PASS:2,I,87,*",D. Gfeller pass incomplete to D. Rofalski.,"V,2,10,V25",P,NA,NA,NA,NA,NA,NA,NA,18,V,SS,"KO,4,14:48,25","PUNT,4,13:10,48",5,23,1:38,KO,4,14:48,SS25,PUNT,4,13:10,SS48,NA
BTSS2103,SS,BT,Stuttgart Surge,Berlin Thunder,7/4/2021,Berlin,Stadion am Wurfplatz,15:00,17:55,Y,02.55,800,26 C,no,partly cloudy,M. Scholz,B. Hansen,K. Haltermann,B. Schaumberg,Z. Hamiko,M. Hoffmann,V. Kreisman,E. Christensen,E. Christensen,SS,2,10,SS25,"V,2,10,V25","18,3,149","PASS:2,C,18,H49 TACK:2","D. Gfeller pass complete to P. Steigerwald for 26 yards to the BT49, 1ST DOWN SS (J. White).","V,1,10,H49",P,P,NA,NA,NA,NA,NA,NA,18,V,SS,"KO,4,14:48,25","PUNT,4,13:10,48",5,23,1:38,KO,4,14:48,SS25,PUNT,4,13:10,SS48,NA
BTSS2103,SS,BT,Stuttgart Surge,Berlin Thunder,7/4/2021,Berlin,Stadion am Wurfplatz,15:00,17:55,Y,02.55,800,26 C,no,partly cloudy,M. Scholz,B. Hansen,K. Haltermann,B. Schaumberg,Z. Hamiko,M. Hoffmann,V. Kreisman,E. Christensen,E. Christensen,SS,1,10,BT49,"V,1,10,H49","18,4,150","PASS:2,I,14,*",D. Gfeller pass incomplete to L. Geyer.,"V,2,10,H49",P,NA,NA,NA,NA,NA,NA,NA,18,V,SS,"KO,4,14:48,25","PUNT,4,13:10,48",5,23,1:38,KO,4,14:48,SS25,PUNT,4,13:10,SS48,NA
BTSS2103,SS,BT,Stuttgart Surge,Berlin Thunder,7/4/2021,Berlin,Stadion am Wurfplatz,15:00,17:55,Y,02.55,800,26 C,no,partly cloudy,M. Scholz,B. Hansen,K. Haltermann,B. Schaumberg,Z. Hamiko,M. Hoffmann,V. Kreisman,E. Christensen,E. Christensen,SS,2,10,BT49,"V,2,10,H49","18,5,151","RUSH:26,V48, TACK:96",R. Pein rush for loss of 3 yards to the SS48 (M. Behm).,"V,3,13,V48",R,NA,NA,NA,NA,NA,NA,NA,18,V,SS,"KO,4,14:48,25","PUNT,4,13:10,48",5,23,1:38,KO,4,14:48,SS25,PUNT,4,13:10,SS48,NA
BTSS2103,SS,BT,Stuttgart Surge,Berlin Thunder,7/4/2021,Berlin,Stadion am Wurfplatz,15:00,17:55,Y,02.55,800,26 C,no,partly cloudy,M. Scholz,B. Hansen,K. Haltermann,B. Schaumberg,Z. Hamiko,M. Hoffmann,V. Kreisman,E. Christensen,E. Christensen,SS,3,13,SS48,"V,3,13,V48","18,6,152","PASS:2,I,14,*",D. Gfeller pass incomplete to L. Geyer.,"V,4,13,V48",P,NA,NA,NA,NA,NA,NA,NA,18,V,SS,"KO,4,14:48,25","PUNT,4,13:10,48",5,23,1:38,KO,4,14:48,SS25,PUNT,4,13:10,SS48,NA
BTSS2103,SS,BT,Stuttgart Surge,Berlin Thunder,7/4/2021,Berlin,Stadion am Wurfplatz,15:00,17:55,Y,02.55,800,26 C,no,partly cloudy,M. Scholz,B. Hansen,K. Haltermann,B. Schaumberg,Z. Hamiko,M. Hoffmann,V. Kreisman,E. Christensen,E. Christensen,SS,4,13,SS48,"V,4,13,V48","18,7,153","PUNT:3,H13 FC:2","T. Bronn punt 39 yards to the BT13, fair catch by J. White.","H,1,10,H13",U,NA,NA,NA,NA,NA,NA,NA,18,V,SS,"KO,4,14:48,25","PUNT,4,13:10,48",5,23,1:38,KO,4,14:48,SS25,PUNT,4,13:10,SS48,NA
BTSS2103,SS,BT,Stuttgart Surge,Berlin Thunder,7/4/2021,Berlin,Stadion am Wurfplatz,15:00,17:55,Y,02.55,800,26 C,no,partly cloudy,M. Scholz,B. Hansen,K. Haltermann,B. Schaumberg,Z. Hamiko,M. Hoffmann,V. Kreisman,E. Christensen,E. Christensen,BT,1,10,BT13,"H,1,10,H13","19,1,154",{DRIVE}:13:10,BERLIN THUNDER drive start at 13:10.,"H,1,10,H13",NA,NA,NA,13:10,NA,NA,NA,NA,19,H,BT,"PUNT,4,13:10,13","PUNT,4,12:37,13",3,0,0:33,PUNT,4,13:10,BT13,PUNT,4,12:37,BT13,NA
BTSS2103,SS,BT,Stuttgart Surge,Berlin Thunder,7/4/2021,Berlin,Stadion am Wurfplatz,15:00,17:55,Y,02.55,800,26 C,no,partly cloudy,M. Scholz,B. Hansen,K. Haltermann,B. Schaumberg,Z. Hamiko,M. Hoffmann,V. Kreisman,E. Christensen,E. Christensen,BT,1,10,BT13,"H,1,10,H13","19,2,155","PASS:6,I,7,*",C. Stitt pass incomplete to S. Jones.,"H,2,10,H13",P,NA,NA,NA,NA,NA,NA,NA,19,H,BT,"PUNT,4,13:10,13","PUNT,4,12:37,13",3,0,0:33,PUNT,4,13:10,BT13,PUNT,4,12:37,BT13,NA
BTSS2103,SS,BT,Stuttgart Surge,Berlin Thunder,7/4/2021,Berlin,Stadion am Wurfplatz,15:00,17:55,Y,02.55,800,26 C,no,partly cloudy,M. Scholz,B. Hansen,K. Haltermann,B. Schaumberg,Z. Hamiko,M. Hoffmann,V. Kreisman,E. Christensen,E. Christensen,BT,2,10,BT13,"H,2,10,H13","19,3,156","PASS:6,D,7,*","C. Stitt pass incomplete to S. Jones, dropped pass.","H,3,10,H13",P,NA,NA,NA,NA,NA,NA,NA,19,H,BT,"PUNT,4,13:10,13","PUNT,4,12:37,13",3,0,0:33,PUNT,4,13:10,BT13,PUNT,4,12:37,BT13,NA
BTSS2103,SS,BT,Stuttgart Surge,Berlin Thunder,7/4/2021,Berlin,Stadion am Wurfplatz,15:00,17:55,Y,02.55,800,26 C,no,partly cloudy,M. Scholz,B. Hansen,K. Haltermann,B. Schaumberg,Z. Hamiko,M. Hoffmann,V. Kreisman,E. Christensen,E. Christensen,BT,3,10,BT13,"H,3,10,H13","19,4,157","PASS:6,I,17,*",C. Stitt pass incomplete to E. Drossard.,"H,4,10,H13",P,NA,NA,NA,NA,NA,NA,NA,19,H,BT,"PUNT,4,13:10,13","PUNT,4,12:37,13",3,0,0:33,PUNT,4,13:10,BT13,PUNT,4,12:37,BT13,NA
BTSS2103,SS,BT,Stuttgart Surge,Berlin Thunder,7/4/2021,Berlin,Stadion am Wurfplatz,15:00,17:55,Y,02.55,800,26 C,no,partly cloudy,M. Scholz,B. Hansen,K. Haltermann,B. Schaumberg,Z. Hamiko,M. Hoffmann,V. Kreisman,E. Christensen,E. Christensen,BT,4,10,BT13,"H,4,10,H13","19,5,158","PUNT:14,V45 RET:4,V48 TACK:44","K. Hummel punt 42 yards to the SS45, A. Eitel return 3 yards to the SS48 (M. Steffen).","V,1,10,V48",U,NA,NA,NA,NA,NA,NA,NA,19,H,BT,"PUNT,4,13:10,13","PUNT,4,12:37,13",3,0,0:33,PUNT,4,13:10,BT13,PUNT,4,12:37,BT13,NA
BTSS2103,SS,BT,Stuttgart Surge,Berlin Thunder,7/4/2021,Berlin,Stadion am Wurfplatz,15:00,17:55,Y,02.55,800,26 C,no,partly cloudy,M. Scholz,B. Hansen,K. Haltermann,B. Schaumberg,Z. Hamiko,M. Hoffmann,V. Kreisman,E. Christensen,E. Christensen,SS,1,10,SS48,"V,1,10,V48","20,1,159",{DRIVE}:12:37,STUTTGART SURGE drive start at 12:37.,"V,1,10,V48",NA,NA,NA,12:37,NA,NA,NA,NA,20,V,SS,"PUNT,4,12:37,48","INT,4,06:55,92",11,44,5:42,PUNT,4,12:37,SS48,INT,4,06:55,BT08,1
BTSS2103,SS,BT,Stuttgart Surge,Berlin Thunder,7/4/2021,Berlin,Stadion am Wurfplatz,15:00,17:55,Y,02.55,800,26 C,no,partly cloudy,M. Scholz,B. Hansen,K. Haltermann,B. Schaumberg,Z. Hamiko,M. Hoffmann,V. Kreisman,E. Christensen,E. Christensen,SS,1,10,SS48,"V,1,10,V48","20,2,160","PASS:2,I,5,* BRUP:8",D. Gfeller pass incomplete to D. Meza (P. Seifert).,"V,2,10,V48",P,NA,NA,NA,NA,NA,NA,NA,20,V,SS,"PUNT,4,12:37,48","INT,4,06:55,92",11,44,5:42,PUNT,4,12:37,SS48,INT,4,06:55,BT08,1
BTSS2103,SS,BT,Stuttgart Surge,Berlin Thunder,7/4/2021,Berlin,Stadion am Wurfplatz,15:00,17:55,Y,02.55,800,26 C,no,partly cloudy,M. Scholz,B. Hansen,K. Haltermann,B. Schaumberg,Z. Hamiko,M. Hoffmann,V. Kreisman,E. Christensen,E. Christensen,SS,2,10,SS48,"V,2,10,V48","20,3,161","RUSH:2,V50, TACK:22",D. Gfeller rush for 2 yards to the 50 yardline (L. Achaintre).,"V,3,8,V50",R,NA,NA,NA,NA,NA,NA,NA,20,V,SS,"PUNT,4,12:37,48","INT,4,06:55,92",11,44,5:42,PUNT,4,12:37,SS48,INT,4,06:55,BT08,1
BTSS2103,SS,BT,Stuttgart Surge,Berlin Thunder,7/4/2021,Berlin,Stadion am Wurfplatz,15:00,17:55,Y,02.55,800,26 C,no,partly cloudy,M. Scholz,B. Hansen,K. Haltermann,B. Schaumberg,Z. Hamiko,M. Hoffmann,V. Kreisman,E. Christensen,E. Christensen,SS,3,8,SS50,"V,3,8,V50","20,4,162","PASS:2,S,TM,V44 SACK:96 PEN:H,FM,A,4,H35,1 NOPLAY:","D. Gfeller sacked for loss of 6 yards to the SS44 (M. Behm), PENALTY BT face mask (A. Boadu) 15 yards to the BT35, 1ST DOWN SS, NO PLAY.","V,1,10,H35",E,E,NA,NA,NA,NA,NA,NA,20,V,SS,"PUNT,4,12:37,48","INT,4,06:55,92",11,44,5:42,PUNT,4,12:37,SS48,INT,4,06:55,BT08,1
BTSS2103,SS,BT,Stuttgart Surge,Berlin Thunder,7/4/2021,Berlin,Stadion am Wurfplatz,15:00,17:55,Y,02.55,800,26 C,no,partly cloudy,M. Scholz,B. Hansen,K. Haltermann,B. Schaumberg,Z. Hamiko,M. Hoffmann,V. Kreisman,E. Christensen,E. Christensen,SS,1,10,BT35,"V,1,10,H35","20,5,163","RUSH:27,H36, TACK:2",S. Shannon rush for loss of 1 yard to the BT36 (J. White).,"V,2,11,H36",R,NA,NA,NA,NA,NA,NA,NA,20,V,SS,"PUNT,4,12:37,48","INT,4,06:55,92",11,44,5:42,PUNT,4,12:37,SS48,INT,4,06:55,BT08,1
BTSS2103,SS,BT,Stuttgart Surge,Berlin Thunder,7/4/2021,Berlin,Stadion am Wurfplatz,15:00,17:55,Y,02.55,800,26 C,no,partly cloudy,M. Scholz,B. Hansen,K. Haltermann,B. Schaumberg,Z. Hamiko,M. Hoffmann,V. Kreisman,E. Christensen,E. Christensen,SS,2,11,BT36,"V,2,11,H36","20,6,164","PASS:2,I,17,* BRUP:8",D. Gfeller pass incomplete to P. Floeser (P. Seifert).,"V,3,11,H36",P,NA,NA,NA,NA,NA,NA,NA,20,V,SS,"PUNT,4,12:37,48","INT,4,06:55,92",11,44,5:42,PUNT,4,12:37,SS48,INT,4,06:55,BT08,1
BTSS2103,SS,BT,Stuttgart Surge,Berlin Thunder,7/4/2021,Berlin,Stadion am Wurfplatz,15:00,17:55,Y,02.55,800,26 C,no,partly cloudy,M. Scholz,B. Hansen,K. Haltermann,B. Schaumberg,Z. Hamiko,M. Hoffmann,V. Kreisman,E. Christensen,E. Christensen,SS,3,11,BT36,"V,3,11,H36","20,7,165","PASS:2,C,26,H24 TACK:52","D. Gfeller pass complete to R. Pein for 12 yards to the BT24, 1ST DOWN SS (W. Nasri).","V,1,10,H24",P,P,NA,NA,NA,NA,NA,NA,20,V,SS,"PUNT,4,12:37,48","INT,4,06:55,92",11,44,5:42,PUNT,4,12:37,SS48,INT,4,06:55,BT08,1
BTSS2103,SS,BT,Stuttgart Surge,Berlin Thunder,7/4/2021,Berlin,Stadion am Wurfplatz,15:00,17:55,Y,02.55,800,26 C,no,partly cloudy,M. Scholz,B. Hansen,K. Haltermann,B. Schaumberg,Z. Hamiko,M. Hoffmann,V. Kreisman,E. Christensen,E. Christensen,SS,1,10,BT24,"V,1,10,H24","20,8,166","PASS:2,I,14,*",D. Gfeller pass incomplete to L. Geyer.,"V,2,10,H24",P,NA,NA,NA,NA,NA,NA,NA,20,V,SS,"PUNT,4,12:37,48","INT,4,06:55,92",11,44,5:42,PUNT,4,12:37,SS48,INT,4,06:55,BT08,1
BTSS2103,SS,BT,Stuttgart Surge,Berlin Thunder,7/4/2021,Berlin,Stadion am Wurfplatz,15:00,17:55,Y,02.55,800,26 C,no,partly cloudy,M. Scholz,B. Hansen,K. Haltermann,B. Schaumberg,Z. Hamiko,M. Hoffmann,V. Kreisman,E. Christensen,E. Christensen,SS,2,10,BT24,"V,2,10,H24","20,9,167","PASS:2,I,17,* PEN:H,PI,A,42,H02,1","D. Gfeller pass incomplete to P. Floeser, PENALTY BT pass interference (P. Fischer) 22 yards to the BT2, 1ST DOWN SS.","V,1,0,H02",P,E,NA,NA,NA,NA,NA,NA,20,V,SS,"PUNT,4,12:37,48","INT,4,06:55,92",11,44,5:42,PUNT,4,12:37,SS48,INT,4,06:55,BT08,1
BTSS2103,SS,BT,Stuttgart Surge,Berlin Thunder,7/4/2021,Berlin,Stadion am Wurfplatz,15:00,17:55,Y,02.55,800,26 C,no,partly cloudy,M. Scholz,B. Hansen,K. Haltermann,B. Schaumberg,Z. Hamiko,M. Hoffmann,V. Kreisman,E. Christensen,E. Christensen,SS,1,0,BT02,"V,1,0,H02","20,10,168","D:1,2 PEN:H,UC,A,2,H01,N NOPLAY:","1st and 2, PENALTY BT unsportsmanlike conduct (J. White) 1 yards to the BT1, NO PLAY.","V,1,0,H01",E,NA,NA,NA,NA,NA,NA,NA,20,V,SS,"PUNT,4,12:37,48","INT,4,06:55,92",11,44,5:42,PUNT,4,12:37,SS48,INT,4,06:55,BT08,1
BTSS2103,SS,BT,Stuttgart Surge,Berlin Thunder,7/4/2021,Berlin,Stadion am Wurfplatz,15:00,17:55,Y,02.55,800,26 C,no,partly cloudy,M. Scholz,B. Hansen,K. Haltermann,B. Schaumberg,Z. Hamiko,M. Hoffmann,V. Kreisman,E. Christensen,E. Christensen,SS,1,0,BT01,"V,1,0,H01","20,11,169","RUSH:27,H04, TACK:52",S. Shannon rush for loss of 3 yards to the BT4 (W. Nasri).,"V,2,0,H04",R,NA,NA,NA,NA,NA,NA,NA,20,V,SS,"PUNT,4,12:37,48","INT,4,06:55,92",11,44,5:42,PUNT,4,12:37,SS48,INT,4,06:55,BT08,1
BTSS2103,SS,BT,Stuttgart Surge,Berlin Thunder,7/4/2021,Berlin,Stadion am Wurfplatz,15:00,17:55,Y,02.55,800,26 C,no,partly cloudy,M. Scholz,B. Hansen,K. Haltermann,B. Schaumberg,Z. Hamiko,M. Hoffmann,V. Kreisman,E. Christensen,E. Christensen,SS,2,0,BT04,"V,2,0,H04","20,12,170","RUSH:27,H03, TACK:44,96",S. Shannon rush for 1 yard to the BT3 (M. Steffen;M. Behm).,"V,3,0,H03",R,NA,NA,NA,NA,NA,NA,NA,20,V,SS,"PUNT,4,12:37,48","INT,4,06:55,92",11,44,5:42,PUNT,4,12:37,SS48,INT,4,06:55,BT08,1
BTSS2103,SS,BT,Stuttgart Surge,Berlin Thunder,7/4/2021,Berlin,Stadion am Wurfplatz,15:00,17:55,Y,02.55,800,26 C,no,partly cloudy,M. Scholz,B. Hansen,K. Haltermann,B. Schaumberg,Z. Hamiko,M. Hoffmann,V. Kreisman,E. Christensen,E. Christensen,SS,3,0,BT03,"V,3,0,H03","20,13,171","RUSH:27,H03, TACK:52,97",S. Shannon rush for no gain to the BT3 (W. Nasri;K. Wagner).,"V,4,0,H03",R,NA,NA,NA,NA,NA,NA,NA,20,V,SS,"PUNT,4,12:37,48","INT,4,06:55,92",11,44,5:42,PUNT,4,12:37,SS48,INT,4,06:55,BT08,1
BTSS2103,SS,BT,Stuttgart Surge,Berlin Thunder,7/4/2021,Berlin,Stadion am Wurfplatz,15:00,17:55,Y,02.55,800,26 C,no,partly cloudy,M. Scholz,B. Hansen,K. Haltermann,B. Schaumberg,Z. Hamiko,M. Hoffmann,V. Kreisman,E. Christensen,E. Christensen,SS,4,0,BT03,"V,4,0,H03","20,14,172","PEN:V,DG,A,2,H08,N",PENALTY SS delay of game (D. Gfeller) 5 yards to the BT8.,"V,4,0,H08",E,NA,NA,NA,NA,NA,NA,NA,20,V,SS,"PUNT,4,12:37,48","INT,4,06:55,92",11,44,5:42,PUNT,4,12:37,SS48,INT,4,06:55,BT08,1
BTSS2103,SS,BT,Stuttgart Surge,Berlin Thunder,7/4/2021,Berlin,Stadion am Wurfplatz,15:00,17:55,Y,02.55,800,26 C,no,partly cloudy,M. Scholz,B. Hansen,K. Haltermann,B. Schaumberg,Z. Hamiko,M. Hoffmann,V. Kreisman,E. Christensen,E. Christensen,SS,4,0,BT08,"V,4,0,H08","20,15,173","PASS:2,X,8,H00 RET:8,H00 TB:","D. Gfeller pass intercepted by P. Seifert at the BT0, P. Seifert return 0 yards to the BT0, touchback.","H,1,10,H20",P,NA,NA,NA,NA,NA,NA,I,20,V,SS,"PUNT,4,12:37,48","INT,4,06:55,92",11,44,5:42,PUNT,4,12:37,SS48,INT,4,06:55,BT08,1
BTSS2103,SS,BT,Stuttgart Surge,Berlin Thunder,7/4/2021,Berlin,Stadion am Wurfplatz,15:00,17:55,Y,02.55,800,26 C,no,partly cloudy,M. Scholz,B. Hansen,K. Haltermann,B. Schaumberg,Z. Hamiko,M. Hoffmann,V. Kreisman,E. Christensen,E. Christensen,BT,1,10,BT20,"H,1,10,H20","21,1,174",{DRIVE}:06:55,BERLIN THUNDER drive start at 06:55.,"H,1,10,H20",NA,NA,NA,06:55,NA,NA,NA,NA,21,H,BT,"INT,4,06:55,20","TD,4,05:48,100",2,80,1:07,INT,4,06:55,BT20,TD,4,05:48,SS00,NA
BTSS2103,SS,BT,Stuttgart Surge,Berlin Thunder,7/4/2021,Berlin,Stadion am Wurfplatz,15:00,17:55,Y,02.55,800,26 C,no,partly cloudy,M. Scholz,B. Hansen,K. Haltermann,B. Schaumberg,Z. Hamiko,M. Hoffmann,V. Kreisman,E. Christensen,E. Christensen,BT,1,10,BT20,"H,1,10,H20","21,2,175","RUSH:1,H24, TACK:99",J. Crawford rush for 4 yards to the BT24 (S. Vardar).,"H,2,6,H24",R,NA,NA,NA,NA,NA,NA,NA,21,H,BT,"INT,4,06:55,20","TD,4,05:48,100",2,80,1:07,INT,4,06:55,BT20,TD,4,05:48,SS00,NA
BTSS2103,SS,BT,Stuttgart Surge,Berlin Thunder,7/4/2021,Berlin,Stadion am Wurfplatz,15:00,17:55,Y,02.55,800,26 C,no,partly cloudy,M. Scholz,B. Hansen,K. Haltermann,B. Schaumberg,Z. Hamiko,M. Hoffmann,V. Kreisman,E. Christensen,E. Christensen,BT,2,6,BT24,"H,2,6,H24","21,3,176","PASS:6,C,88,V00 T:06:02 PEN:H,ID,A,TM,H19,N NOPLAY:","C. Stitt pass complete to T. Ndongo for 76 yards to the SS0, clock 06:02, PENALTY BT ineligible downfield on pass 5 yards to the BT19, NO PLAY.","H,2,11,H19",E,NA,NA,06:02,NA,NA,NA,NA,21,H,BT,"INT,4,06:55,20","TD,4,05:48,100",2,80,1:07,INT,4,06:55,BT20,TD,4,05:48,SS00,NA
BTSS2103,SS,BT,Stuttgart Surge,Berlin Thunder,7/4/2021,Berlin,Stadion am Wurfplatz,15:00,17:55,Y,02.55,800,26 C,no,partly cloudy,M. Scholz,B. Hansen,K. Haltermann,B. Schaumberg,Z. Hamiko,M. Hoffmann,V. Kreisman,E. Christensen,E. Christensen,BT,2,11,BT19,"H,2,11,H19","21,4,177","RUSH:1,V00, T:05:48","J. Crawford rush for 81 yards to the SS0, 1ST DOWN BT, TOUCHDOWN, clock 05:48.","H,1,10,V15",R,R,NA,05:48,Y,19,38,NA,21,H,BT,"INT,4,06:55,20","TD,4,05:48,100",2,80,1:07,INT,4,06:55,BT20,TD,4,05:48,SS00,NA
BTSS2103,SS,BT,Stuttgart Surge,Berlin Thunder,7/4/2021,Berlin,Stadion am Wurfplatz,15:00,17:55,Y,02.55,800,26 C,no,partly cloudy,M. Scholz,B. Hansen,K. Haltermann,B. Schaumberg,Z. Hamiko,M. Hoffmann,V. Kreisman,E. Christensen,E. Christensen,BT,1,10,SS15,"H,1,10,V15","21,5,178","PEN:H,DG,A,6,H07,N",PENALTY BT delay of game (C. Stitt) 78 yards to the BT7.,"H,1,88,H07",E,NA,NA,NA,NA,NA,NA,NA,21,H,BT,"INT,4,06:55,20","TD,4,05:48,100",2,80,1:07,INT,4,06:55,BT20,TD,4,05:48,SS00,NA
BTSS2103,SS,BT,Stuttgart Surge,Berlin Thunder,7/4/2021,Berlin,Stadion am Wurfplatz,15:00,17:55,Y,02.55,800,26 C,no,partly cloudy,M. Scholz,B. Hansen,K. Haltermann,B. Schaumberg,Z. Hamiko,M. Hoffmann,V. Kreisman,E. Christensen,E. Christensen,BT,1,88,BT07,"H,1,88,H07","21,6,179","PAT:P,6/7,G",C. Stitt pass attempt to S. Jones good.,"H,1,0,H35",X,NA,NA,NA,Y,19,40,NA,21,H,BT,"INT,4,06:55,20","TD,4,05:48,100",2,80,1:07,INT,4,06:55,BT20,TD,4,05:48,SS00,NA
BTSS2103,SS,BT,Stuttgart Surge,Berlin Thunder,7/4/2021,Berlin,Stadion am Wurfplatz,15:00,17:55,Y,02.55,800,26 C,no,partly cloudy,M. Scholz,B. Hansen,K. Haltermann,B. Schaumberg,Z. Hamiko,M. Hoffmann,V. Kreisman,E. Christensen,E. Christensen,BT,1,0,BT35,"H,1,0,H35","21,7,180","PEN:V,RP,A,55,H45,N",PENALTY SS roughing passer (D. Graza) 10 yards to the BT45.,"H,1,0,H45",E,NA,NA,NA,NA,NA,NA,NA,21,H,BT,"INT,4,06:55,20","TD,4,05:48,100",2,80,1:07,INT,4,06:55,BT20,TD,4,05:48,SS00,NA
BTSS2103,SS,BT,Stuttgart Surge,Berlin Thunder,7/4/2021,Berlin,Stadion am Wurfplatz,15:00,17:55,Y,02.55,800,26 C,no,partly cloudy,M. Scholz,B. Hansen,K. Haltermann,B. Schaumberg,Z. Hamiko,M. Hoffmann,V. Kreisman,E. Christensen,E. Christensen,BT,1,0,BT45,"H,1,0,H45","21,8,181","KO:26,V00 TB:","J. Schenderlein kickoff 55 yards to the SS0, touchback.","V,1,10,V25",K,NA,NA,NA,NA,NA,NA,NA,21,H,BT,"INT,4,06:55,20","TD,4,05:48,100",2,80,1:07,INT,4,06:55,BT20,TD,4,05:48,SS00,NA
BTSS2103,SS,BT,Stuttgart Surge,Berlin Thunder,7/4/2021,Berlin,Stadion am Wurfplatz,15:00,17:55,Y,02.55,800,26 C,no,partly cloudy,M. Scholz,B. Hansen,K. Haltermann,B. Schaumberg,Z. Hamiko,M. Hoffmann,V. Kreisman,E. Christensen,E. Christensen,SS,1,10,SS25,"V,1,10,V25","22,1,182",{DRIVE}:05:48,STUTTGART SURGE drive start at 05:48.,"V,1,10,V25",NA,NA,NA,05:48,NA,NA,NA,NA,22,V,SS,"KO,4,05:48,25","PUNT,4,04:02,53",4,28,1:46,KO,4,05:48,SS25,PUNT,4,04:02,BT47,NA
BTSS2103,SS,BT,Stuttgart Surge,Berlin Thunder,7/4/2021,Berlin,Stadion am Wurfplatz,15:00,17:55,Y,02.55,800,26 C,no,partly cloudy,M. Scholz,B. Hansen,K. Haltermann,B. Schaumberg,Z. Hamiko,M. Hoffmann,V. Kreisman,E. Christensen,E. Christensen,SS,1,10,SS25,"V,1,10,V25","22,2,183","PASS:2,C,18,H49 TACK:42","D. Gfeller pass complete to P. Steigerwald for 26 yards to the BT49, 1ST DOWN SS (P. Fischer).","V,1,10,H49",P,P,NA,NA,NA,NA,NA,NA,22,V,SS,"KO,4,05:48,25","PUNT,4,04:02,53",4,28,1:46,KO,4,05:48,SS25,PUNT,4,04:02,BT47,NA
BTSS2103,SS,BT,Stuttgart Surge,Berlin Thunder,7/4/2021,Berlin,Stadion am Wurfplatz,15:00,17:55,Y,02.55,800,26 C,no,partly cloudy,M. Scholz,B. Hansen,K. Haltermann,B. Schaumberg,Z. Hamiko,M. Hoffmann,V. Kreisman,E. Christensen,E. Christensen,SS,1,10,BT49,"V,1,10,H49","22,3,184","RUSH:26,H47, TACK:92,52",R. Pein rush for 2 yards to the BT47 (F. Paris;W. Nasri).,"V,2,8,H47",R,NA,NA,NA,NA,NA,NA,NA,22,V,SS,"KO,4,05:48,25","PUNT,4,04:02,53",4,28,1:46,KO,4,05:48,SS25,PUNT,4,04:02,BT47,NA
BTSS2103,SS,BT,Stuttgart Surge,Berlin Thunder,7/4/2021,Berlin,Stadion am Wurfplatz,15:00,17:55,Y,02.55,800,26 C,no,partly cloudy,M. Scholz,B. Hansen,K. Haltermann,B. Schaumberg,Z. Hamiko,M. Hoffmann,V. Kreisman,E. Christensen,E. Christensen,SS,2,8,BT47,"V,2,8,H47","22,4,185","PASS:2,I,34,*",D. Gfeller pass incomplete to S. Kiraz.,"V,3,8,H47",P,NA,NA,NA,NA,NA,NA,NA,22,V,SS,"KO,4,05:48,25","PUNT,4,04:02,53",4,28,1:46,KO,4,05:48,SS25,PUNT,4,04:02,BT47,NA
BTSS2103,SS,BT,Stuttgart Surge,Berlin Thunder,7/4/2021,Berlin,Stadion am Wurfplatz,15:00,17:55,Y,02.55,800,26 C,no,partly cloudy,M. Scholz,B. Hansen,K. Haltermann,B. Schaumberg,Z. Hamiko,M. Hoffmann,V. Kreisman,E. Christensen,E. Christensen,SS,3,8,BT47,"V,3,8,H47","22,5,186","PASS:2,I,14,*",D. Gfeller pass incomplete to L. Geyer.,"V,4,8,H47",P,NA,NA,NA,NA,NA,NA,NA,22,V,SS,"KO,4,05:48,25","PUNT,4,04:02,53",4,28,1:46,KO,4,05:48,SS25,PUNT,4,04:02,BT47,NA
BTSS2103,SS,BT,Stuttgart Surge,Berlin Thunder,7/4/2021,Berlin,Stadion am Wurfplatz,15:00,17:55,Y,02.55,800,26 C,no,partly cloudy,M. Scholz,B. Hansen,K. Haltermann,B. Schaumberg,Z. Hamiko,M. Hoffmann,V. Kreisman,E. Christensen,E. Christensen,SS,4,8,BT47,"V,4,8,H47","22,6,187","PUNT:3,H16 DN:","T. Bronn punt 31 yards to the BT16, downed.","H,1,10,H16",U,NA,NA,NA,NA,NA,NA,NA,22,V,SS,"KO,4,05:48,25","PUNT,4,04:02,53",4,28,1:46,KO,4,05:48,SS25,PUNT,4,04:02,BT47,NA
BTSS2103,SS,BT,Stuttgart Surge,Berlin Thunder,7/4/2021,Berlin,Stadion am Wurfplatz,15:00,17:55,Y,02.55,800,26 C,no,partly cloudy,M. Scholz,B. Hansen,K. Haltermann,B. Schaumberg,Z. Hamiko,M. Hoffmann,V. Kreisman,E. Christensen,E. Christensen,BT,1,10,BT16,"H,1,10,H16","23,1,188",{DRIVE}:04:02,BERLIN THUNDER drive start at 04:02.,"H,1,10,H16",NA,NA,NA,04:02,NA,NA,NA,NA,23,H,BT,"PUNT,4,04:02,16","HALF,4,00:00,44",7,28,4:02,PUNT,4,04:02,BT16,HALF,4,00:00,BT44,NA
BTSS2103,SS,BT,Stuttgart Surge,Berlin Thunder,7/4/2021,Berlin,Stadion am Wurfplatz,15:00,17:55,Y,02.55,800,26 C,no,partly cloudy,M. Scholz,B. Hansen,K. Haltermann,B. Schaumberg,Z. Hamiko,M. Hoffmann,V. Kreisman,E. Christensen,E. Christensen,BT,1,10,BT16,"H,1,10,H16","23,2,189","PEN:V,ID,A,TM,H21,N",PENALTY SS ineligible downfield on pass 5 yards to the BT21.,"H,1,5,H21",E,NA,NA,NA,NA,NA,NA,NA,23,H,BT,"PUNT,4,04:02,16","HALF,4,00:00,44",7,28,4:02,PUNT,4,04:02,BT16,HALF,4,00:00,BT44,NA
BTSS2103,SS,BT,Stuttgart Surge,Berlin Thunder,7/4/2021,Berlin,Stadion am Wurfplatz,15:00,17:55,Y,02.55,800,26 C,no,partly cloudy,M. Scholz,B. Hansen,K. Haltermann,B. Schaumberg,Z. Hamiko,M. Hoffmann,V. Kreisman,E. Christensen,E. Christensen,BT,1,5,BT21,"H,1,5,H21","23,3,190","RUSH:47,H25, TACK:20,97",Y. Landfried rush for 4 yards to the BT25 (D. Warren;P. Ungericht).,"H,2,1,H25",R,NA,NA,NA,NA,NA,NA,NA,23,H,BT,"PUNT,4,04:02,16","HALF,4,00:00,44",7,28,4:02,PUNT,4,04:02,BT16,HALF,4,00:00,BT44,NA
BTSS2103,SS,BT,Stuttgart Surge,Berlin Thunder,7/4/2021,Berlin,Stadion am Wurfplatz,15:00,17:55,Y,02.55,800,26 C,no,partly cloudy,M. Scholz,B. Hansen,K. Haltermann,B. Schaumberg,Z. Hamiko,M. Hoffmann,V. Kreisman,E. Christensen,E. Christensen,BT,2,1,BT25,"H,2,1,H25","23,4,191","RUSH:47,H34, TACK:48","Y. Landfried rush for 9 yards to the BT34, 1ST DOWN BT (T. Stickel).","H,1,10,H34",R,R,NA,NA,NA,NA,NA,NA,23,H,BT,"PUNT,4,04:02,16","HALF,4,00:00,44",7,28,4:02,PUNT,4,04:02,BT16,HALF,4,00:00,BT44,NA
BTSS2103,SS,BT,Stuttgart Surge,Berlin Thunder,7/4/2021,Berlin,Stadion am Wurfplatz,15:00,17:55,Y,02.55,800,26 C,no,partly cloudy,M. Scholz,B. Hansen,K. Haltermann,B. Schaumberg,Z. Hamiko,M. Hoffmann,V. Kreisman,E. Christensen,E. Christensen,BT,1,10,BT34,"H,1,10,H34","23,5,192","PASS:6,I,10,*",C. Stitt pass incomplete to S. Mayerhoff.,"H,2,10,H34",P,NA,NA,NA,NA,NA,NA,NA,23,H,BT,"PUNT,4,04:02,16","HALF,4,00:00,44",7,28,4:02,PUNT,4,04:02,BT16,HALF,4,00:00,BT44,NA
BTSS2103,SS,BT,Stuttgart Surge,Berlin Thunder,7/4/2021,Berlin,Stadion am Wurfplatz,15:00,17:55,Y,02.55,800,26 C,no,partly cloudy,M. Scholz,B. Hansen,K. Haltermann,B. Schaumberg,Z. Hamiko,M. Hoffmann,V. Kreisman,E. Christensen,E. Christensen,BT,2,10,BT34,"H,2,10,H34","23,6,193","RUSH:47,H49, TACK:32","Y. Landfried rush for 15 yards to the BT49, 1ST DOWN BT (J. Ludwig-M.).","H,1,10,H49",R,R,NA,NA,NA,NA,NA,NA,23,H,BT,"PUNT,4,04:02,16","HALF,4,00:00,44",7,28,4:02,PUNT,4,04:02,BT16,HALF,4,00:00,BT44,NA
BTSS2103,SS,BT,Stuttgart Surge,Berlin Thunder,7/4/2021,Berlin,Stadion am Wurfplatz,15:00,17:55,Y,02.55,800,26 C,no,partly cloudy,M. Scholz,B. Hansen,K. Haltermann,B. Schaumberg,Z. Hamiko,M. Hoffmann,V. Kreisman,E. Christensen,E. Christensen,BT,1,10,BT49,"H,1,10,H49","23,7,194",T:02:00,Clock 02:00.,"H,1,10,H49",#,NA,NA,02:00,NA,NA,NA,NA,23,H,BT,"PUNT,4,04:02,16","HALF,4,00:00,44",7,28,4:02,PUNT,4,04:02,BT16,HALF,4,00:00,BT44,NA
BTSS2103,SS,BT,Stuttgart Surge,Berlin Thunder,7/4/2021,Berlin,Stadion am Wurfplatz,15:00,17:55,Y,02.55,800,26 C,no,partly cloudy,M. Scholz,B. Hansen,K. Haltermann,B. Schaumberg,Z. Hamiko,M. Hoffmann,V. Kreisman,E. Christensen,E. Christensen,BT,1,10,BT49,"H,1,10,H49","23,8,195","PASS:6,S,TM,H48 SACK:37,75",C. Stitt sacked for loss of 1 yard to the BT48 (K. Bannasch;J. Jackson).,"H,2,11,H48",P,NA,NA,NA,NA,NA,NA,NA,23,H,BT,"PUNT,4,04:02,16","HALF,4,00:00,44",7,28,4:02,PUNT,4,04:02,BT16,HALF,4,00:00,BT44,NA
BTSS2103,SS,BT,Stuttgart Surge,Berlin Thunder,7/4/2021,Berlin,Stadion am Wurfplatz,15:00,17:55,Y,02.55,800,26 C,no,partly cloudy,M. Scholz,B. Hansen,K. Haltermann,B. Schaumberg,Z. Hamiko,M. Hoffmann,V. Kreisman,E. Christensen,E. Christensen,BT,2,11,BT48,"H,2,11,H48","23,9,196","PEN:H,DG,A,6,H43,N",PENALTY BT delay of game (C. Stitt) 5 yards to the BT43.,"H,2,16,H43",E,NA,NA,NA,NA,NA,NA,NA,23,H,BT,"PUNT,4,04:02,16","HALF,4,00:00,44",7,28,4:02,PUNT,4,04:02,BT16,HALF,4,00:00,BT44,NA
BTSS2103,SS,BT,Stuttgart Surge,Berlin Thunder,7/4/2021,Berlin,Stadion am Wurfplatz,15:00,17:55,Y,02.55,800,26 C,no,partly cloudy,M. Scholz,B. Hansen,K. Haltermann,B. Schaumberg,Z. Hamiko,M. Hoffmann,V. Kreisman,E. Christensen,E. Christensen,BT,2,16,BT43,"H,2,16,H43","23,10,197","RUSH:47,H45, OB:","Y. Landfried rush for 2 yards to the BT45, out-of-bounds.","H,3,14,H45",R,NA,Y,NA,NA,NA,NA,NA,23,H,BT,"PUNT,4,04:02,16","HALF,4,00:00,44",7,28,4:02,PUNT,4,04:02,BT16,HALF,4,00:00,BT44,NA
BTSS2103,SS,BT,Stuttgart Surge,Berlin Thunder,7/4/2021,Berlin,Stadion am Wurfplatz,15:00,17:55,Y,02.55,800,26 C,no,partly cloudy,M. Scholz,B. Hansen,K. Haltermann,B. Schaumberg,Z. Hamiko,M. Hoffmann,V. Kreisman,E. Christensen,E. Christensen,BT,3,14,BT45,"H,3,14,H45","23,11,198","RUSH:6,H44,",C. Stitt rush for loss of 1 yard to the BT44.,"H,4,15,H44",R,NA,NA,NA,NA,NA,NA,NA,23,H,BT,"PUNT,4,04:02,16","HALF,4,00:00,44",7,28,4:02,PUNT,4,04:02,BT16,HALF,4,00:00,BT44,NA
BTSS2103,SS,BT,Stuttgart Surge,Berlin Thunder,7/4/2021,Berlin,Stadion am Wurfplatz,15:00,17:55,Y,02.55,800,26 C,no,partly cloudy,M. Scholz,B. Hansen,K. Haltermann,B. Schaumberg,Z. Hamiko,M. Hoffmann,V. Kreisman,E. Christensen,E. Christensen,BT,4,15,BT44,"H,4,15,H44","23,12,199",HALF: T:00:00,"End of game, clock 00:00.","H,4,15,H44",#,NA,NA,00:00,NA,NA,NA,NA,23,H,BT,"PUNT,4,04:02,16","HALF,4,00:00,44",7,28,4:02,PUNT,4,04:02,BT16,HALF,4,00:00,BT44,NA
