gameid,visid,homeid,visname,homename,date,location,stadium,start,end,leaguegame,duration,attend,temp,wind,weather,ref,ump,line,lj,bj,fj,sj,hasball,down,togo,spot,context,playid,tokens,desc,newcontext,type,first,clock,turnover,score,vscore,hscore,ob,drive_number,drive_vh,drive_team,drive_start,drive_end,drive_plays,drive_yards,drive_top,drive_start_how,drive_start_qtr,drive_start_time,drive_start_spot,drive_end_how,drive_end_qtr,drive_end_time,drive_end_spot,drive_rz
CCBD2102,BD,CC,Barcelona Dragons,Cologne Centurions,6/27/2021,Cologne,Suedstadion Koeln,15:00,,Y,-,2500,26C,14 kmh,sunny-partly cloudy,T.Denker,T.Graage,R.Lewis,M.Exposito,A.Flaisch,M.offmann,A.Sourdrille,BD,1,10,BD35,"V,1,10,V35","0,1,0","CMT:C wins the coin toss, elects to receive, B to defend","C wins the coin toss, elects to receive, B to defend","V,1,10,V35",NA,NA,NA,NA,NA,NA,NA,NA,0,NA,NA,NA,NA,NA,NA,NA,NA,NA,NA,NA,NA,NA,NA,NA,NA
CCBD2102,BD,CC,Barcelona Dragons,Cologne Centurions,6/27/2021,Cologne,Suedstadion Koeln,15:00,,Y,-,2500,26C,14 kmh,sunny-partly cloudy,T.Denker,T.Graage,R.Lewis,M.Exposito,A.Flaisch,M.offmann,A.Sourdrille,BD,1,10,BD35,"V,1,10,V35","0,2,1","KO:85,H05 RET:1,H20 TACK:24","J. Llinas kickoff 60 yards to the CC5, Q. Pounds return 15 yards to the CC20 (J. Castanon).","H,1,10,H20",K,NA,NA,NA,NA,NA,NA,NA,0,NA,NA,NA,NA,NA,NA,NA,NA,NA,NA,NA,NA,NA,NA,NA,NA
CCBD2102,BD,CC,Barcelona Dragons,Cologne Centurions,6/27/2021,Cologne,Suedstadion Koeln,15:00,,Y,-,2500,26C,14 kmh,sunny-partly cloudy,T.Denker,T.Graage,R.Lewis,M.Exposito,A.Flaisch,M.offmann,A.Sourdrille,CC,1,10,CC20,"H,1,10,H20","1,1,2","PASS:12,C,1,H48","J. Weinreich pass complete to Q. Pounds for 28 yards to the CC48, 1ST DOWN CC.","H,1,10,H48",P,P,NA,NA,NA,NA,NA,NA,1,H,CC,"KO,1,15:00,20","PUNT,1,12:26,52",3,32,2:34,KO,1,15:00,CC20,PUNT,1,12:26,BD48,NA
CCBD2102,BD,CC,Barcelona Dragons,Cologne Centurions,6/27/2021,Cologne,Suedstadion Koeln,15:00,,Y,-,2500,26C,14 kmh,sunny-partly cloudy,T.Denker,T.Graage,R.Lewis,M.Exposito,A.Flaisch,M.offmann,A.Sourdrille,CC,1,10,CC48,"H,1,10,H48","1,2,3","RUSH:28,V48,",M. London rush for 4 yards to the BD48.,"H,2,6,V48",R,NA,NA,NA,NA,NA,NA,NA,1,H,CC,"KO,1,15:00,20","PUNT,1,12:26,52",3,32,2:34,KO,1,15:00,CC20,PUNT,1,12:26,BD48,NA
CCBD2102,BD,CC,Barcelona Dragons,Cologne Centurions,6/27/2021,Cologne,Suedstadion Koeln,15:00,,Y,-,2500,26C,14 kmh,sunny-partly cloudy,T.Denker,T.Graage,R.Lewis,M.Exposito,A.Flaisch,M.offmann,A.Sourdrille,CC,2,6,BD48,"H,2,6,V48","1,3,4","PASS:12,I,TM,*",J. Weinreich pass incomplete.,"H,3,6,V48",P,NA,NA,NA,NA,NA,NA,NA,1,H,CC,"KO,1,15:00,20","PUNT,1,12:26,52",3,32,2:34,KO,1,15:00,CC20,PUNT,1,12:26,BD48,NA
CCBD2102,BD,CC,Barcelona Dragons,Cologne Centurions,6/27/2021,Cologne,Suedstadion Koeln,15:00,,Y,-,2500,26C,14 kmh,sunny-partly cloudy,T.Denker,T.Graage,R.Lewis,M.Exposito,A.Flaisch,M.offmann,A.Sourdrille,CC,3,6,BD48,"H,3,6,V48","1,4,5","PUNT:9,V08 DN:","C. Ezeala punt 40 yards to the BD8, downed.","V,1,10,V08",U,NA,NA,NA,NA,NA,NA,NA,1,H,CC,"KO,1,15:00,20","PUNT,1,12:26,52",3,32,2:34,KO,1,15:00,CC20,PUNT,1,12:26,BD48,NA
CCBD2102,BD,CC,Barcelona Dragons,Cologne Centurions,6/27/2021,Cologne,Suedstadion Koeln,15:00,,Y,-,2500,26C,14 kmh,sunny-partly cloudy,T.Denker,T.Graage,R.Lewis,M.Exposito,A.Flaisch,M.offmann,A.Sourdrille,BD,1,10,BD08,"V,1,10,V08","2,1,6","{DRIVE}:12:26 PASS:1,I,TM,*","BARCELONA DRAGONS drive start at 12:26, Z. Edwards pass incomplete.","V,2,10,V08",P,NA,12:26,NA,NA,NA,NA,NA,2,V,BD,"PUNT,1,12:26,8","INT,1,06:05,60",12,52,6:21,PUNT,1,12:26,BD08,INT,1,06:05,CC40,NA
CCBD2102,BD,CC,Barcelona Dragons,Cologne Centurions,6/27/2021,Cologne,Suedstadion Koeln,15:00,,Y,-,2500,26C,14 kmh,sunny-partly cloudy,T.Denker,T.Graage,R.Lewis,M.Exposito,A.Flaisch,M.offmann,A.Sourdrille,BD,2,10,BD08,"V,2,10,V08","2,2,7","PASS:1,I,TM,*",Z. Edwards pass incomplete.,"V,3,10,V08",P,NA,NA,NA,NA,NA,NA,NA,2,V,BD,"PUNT,1,12:26,8","INT,1,06:05,60",12,52,6:21,PUNT,1,12:26,BD08,INT,1,06:05,CC40,NA
CCBD2102,BD,CC,Barcelona Dragons,Cologne Centurions,6/27/2021,Cologne,Suedstadion Koeln,15:00,,Y,-,2500,26C,14 kmh,sunny-partly cloudy,T.Denker,T.Graage,R.Lewis,M.Exposito,A.Flaisch,M.offmann,A.Sourdrille,BD,3,10,BD08,"V,3,10,V08","2,3,8","PASS:1,I,TM,* PEN:H,PI,A,23,V10,1 NOPLAY:","Z. Edwards pass incomplete, PENALTY CC pass interference (T. Janssen) 2 yards to the BD10, 1ST DOWN BD, NO PLAY.","V,1,10,V10",E,E,NA,NA,NA,NA,NA,NA,2,V,BD,"PUNT,1,12:26,8","INT,1,06:05,60",12,52,6:21,PUNT,1,12:26,BD08,INT,1,06:05,CC40,NA
CCBD2102,BD,CC,Barcelona Dragons,Cologne Centurions,6/27/2021,Cologne,Suedstadion Koeln,15:00,,Y,-,2500,26C,14 kmh,sunny-partly cloudy,T.Denker,T.Graage,R.Lewis,M.Exposito,A.Flaisch,M.offmann,A.Sourdrille,BD,1,10,BD10,"V,1,10,V10","2,4,9","RUSH:3,V09, TACK:47",A. Jimenez rush for loss of 1 yard to the BD9 (N. Liesen).,"V,2,11,V09",R,NA,NA,NA,NA,NA,NA,NA,2,V,BD,"PUNT,1,12:26,8","INT,1,06:05,60",12,52,6:21,PUNT,1,12:26,BD08,INT,1,06:05,CC40,NA
CCBD2102,BD,CC,Barcelona Dragons,Cologne Centurions,6/27/2021,Cologne,Suedstadion Koeln,15:00,,Y,-,2500,26C,14 kmh,sunny-partly cloudy,T.Denker,T.Graage,R.Lewis,M.Exposito,A.Flaisch,M.offmann,A.Sourdrille,BD,2,11,BD09,"V,2,11,V09","2,5,10","RUSH:3,V10, TACK:47",A. Jimenez rush for 1 yard to the BD10 (N. Liesen).,"V,3,10,V10",R,NA,NA,NA,NA,NA,NA,NA,2,V,BD,"PUNT,1,12:26,8","INT,1,06:05,60",12,52,6:21,PUNT,1,12:26,BD08,INT,1,06:05,CC40,NA
CCBD2102,BD,CC,Barcelona Dragons,Cologne Centurions,6/27/2021,Cologne,Suedstadion Koeln,15:00,,Y,-,2500,26C,14 kmh,sunny-partly cloudy,T.Denker,T.Graage,R.Lewis,M.Exposito,A.Flaisch,M.offmann,A.Sourdrille,BD,3,10,BD10,"V,3,10,V10","2,6,11","PASS:1,C,5,V26 TACK:23","Z. Edwards pass complete to J. Constant for 16 yards to the BD26, 1ST DOWN BD (T. Janssen).","V,1,10,V26",P,P,NA,NA,NA,NA,NA,NA,2,V,BD,"PUNT,1,12:26,8","INT,1,06:05,60",12,52,6:21,PUNT,1,12:26,BD08,INT,1,06:05,CC40,NA
CCBD2102,BD,CC,Barcelona Dragons,Cologne Centurions,6/27/2021,Cologne,Suedstadion Koeln,15:00,,Y,-,2500,26C,14 kmh,sunny-partly cloudy,T.Denker,T.Graage,R.Lewis,M.Exposito,A.Flaisch,M.offmann,A.Sourdrille,BD,1,10,BD26,"V,1,10,V26","2,7,12","PASS:1,I,5,*",Z. Edwards pass incomplete to J. Constant.,"V,2,10,V26",P,NA,NA,NA,NA,NA,NA,NA,2,V,BD,"PUNT,1,12:26,8","INT,1,06:05,60",12,52,6:21,PUNT,1,12:26,BD08,INT,1,06:05,CC40,NA
CCBD2102,BD,CC,Barcelona Dragons,Cologne Centurions,6/27/2021,Cologne,Suedstadion Koeln,15:00,,Y,-,2500,26C,14 kmh,sunny-partly cloudy,T.Denker,T.Graage,R.Lewis,M.Exposito,A.Flaisch,M.offmann,A.Sourdrille,BD,2,10,BD26,"V,2,10,V26","2,8,13","PASS:1,C,5,V35 TACK:23",Z. Edwards pass complete to J. Constant for 9 yards to the BD35 (T. Janssen).,"V,3,1,V35",P,NA,NA,NA,NA,NA,NA,NA,2,V,BD,"PUNT,1,12:26,8","INT,1,06:05,60",12,52,6:21,PUNT,1,12:26,BD08,INT,1,06:05,CC40,NA
CCBD2102,BD,CC,Barcelona Dragons,Cologne Centurions,6/27/2021,Cologne,Suedstadion Koeln,15:00,,Y,-,2500,26C,14 kmh,sunny-partly cloudy,T.Denker,T.Graage,R.Lewis,M.Exposito,A.Flaisch,M.offmann,A.Sourdrille,BD,3,1,BD35,"V,3,1,V35","2,9,14",TOUT:H T:09:19,"Timeout Cologne Centurions, clock 09:19.","V,3,1,V35",#,NA,09:19,NA,NA,NA,NA,NA,2,V,BD,"PUNT,1,12:26,8","INT,1,06:05,60",12,52,6:21,PUNT,1,12:26,BD08,INT,1,06:05,CC40,NA
CCBD2102,BD,CC,Barcelona Dragons,Cologne Centurions,6/27/2021,Cologne,Suedstadion Koeln,15:00,,Y,-,2500,26C,14 kmh,sunny-partly cloudy,T.Denker,T.Graage,R.Lewis,M.Exposito,A.Flaisch,M.offmann,A.Sourdrille,BD,3,1,BD35,"V,3,1,V35","2,10,15","PEN:H,ISU,A,3,V40,1","PENALTY CC illegal substitution (J. Voelker) 5 yards to the BD40, 1ST DOWN BD.","V,1,10,V40",E,E,NA,NA,NA,NA,NA,NA,2,V,BD,"PUNT,1,12:26,8","INT,1,06:05,60",12,52,6:21,PUNT,1,12:26,BD08,INT,1,06:05,CC40,NA
CCBD2102,BD,CC,Barcelona Dragons,Cologne Centurions,6/27/2021,Cologne,Suedstadion Koeln,15:00,,Y,-,2500,26C,14 kmh,sunny-partly cloudy,T.Denker,T.Graage,R.Lewis,M.Exposito,A.Flaisch,M.offmann,A.Sourdrille,BD,1,10,BD40,"V,1,10,V40","2,11,16","RUSH:24,V43, TACK:33",J. Castanon rush for 3 yards to the BD43 (33).,"V,2,7,V43",R,NA,NA,NA,NA,NA,NA,NA,2,V,BD,"PUNT,1,12:26,8","INT,1,06:05,60",12,52,6:21,PUNT,1,12:26,BD08,INT,1,06:05,CC40,NA
CCBD2102,BD,CC,Barcelona Dragons,Cologne Centurions,6/27/2021,Cologne,Suedstadion Koeln,15:00,,Y,-,2500,26C,14 kmh,sunny-partly cloudy,T.Denker,T.Graage,R.Lewis,M.Exposito,A.Flaisch,M.offmann,A.Sourdrille,BD,2,7,BD43,"V,2,7,V43","2,12,17","RUSH:24,V47, TACK:32",J. Castanon rush for 4 yards to the BD47 (R. Grooten).,"V,3,3,V47",R,NA,NA,NA,NA,NA,NA,NA,2,V,BD,"PUNT,1,12:26,8","INT,1,06:05,60",12,52,6:21,PUNT,1,12:26,BD08,INT,1,06:05,CC40,NA
CCBD2102,BD,CC,Barcelona Dragons,Cologne Centurions,6/27/2021,Cologne,Suedstadion Koeln,15:00,,Y,-,2500,26C,14 kmh,sunny-partly cloudy,T.Denker,T.Graage,R.Lewis,M.Exposito,A.Flaisch,M.offmann,A.Sourdrille,BD,3,3,BD47,"V,3,3,V47","2,13,18","PASS:1,C,5,H41 TACK:44","Z. Edwards pass complete to J. Constant for 12 yards to the CC41, 1ST DOWN BD (M. Kensy).","V,1,10,H41",P,P,NA,NA,NA,NA,NA,NA,2,V,BD,"PUNT,1,12:26,8","INT,1,06:05,60",12,52,6:21,PUNT,1,12:26,BD08,INT,1,06:05,CC40,NA
CCBD2102,BD,CC,Barcelona Dragons,Cologne Centurions,6/27/2021,Cologne,Suedstadion Koeln,15:00,,Y,-,2500,26C,14 kmh,sunny-partly cloudy,T.Denker,T.Graage,R.Lewis,M.Exposito,A.Flaisch,M.offmann,A.Sourdrille,BD,1,10,CC41,"V,1,10,H41","2,14,19","RUSH:3,H40, TACK:58",A. Jimenez rush for 1 yard to the CC40 (L. Weitz).,"V,2,9,H40",R,NA,NA,NA,NA,NA,NA,NA,2,V,BD,"PUNT,1,12:26,8","INT,1,06:05,60",12,52,6:21,PUNT,1,12:26,BD08,INT,1,06:05,CC40,NA
CCBD2102,BD,CC,Barcelona Dragons,Cologne Centurions,6/27/2021,Cologne,Suedstadion Koeln,15:00,,Y,-,2500,26C,14 kmh,sunny-partly cloudy,T.Denker,T.Graage,R.Lewis,M.Exposito,A.Flaisch,M.offmann,A.Sourdrille,BD,2,9,CC40,"V,2,9,H40","2,15,20","PASS:1,X,32,H02 RET:3,H02","Z. Edwards pass intercepted by R. Grooten at the CC2, J. Voelker return 0 yards to the CC2.","H,1,10,H02",P,NA,NA,I,NA,NA,NA,NA,2,V,BD,"PUNT,1,12:26,8","INT,1,06:05,60",12,52,6:21,PUNT,1,12:26,BD08,INT,1,06:05,CC40,NA
CCBD2102,BD,CC,Barcelona Dragons,Cologne Centurions,6/27/2021,Cologne,Suedstadion Koeln,15:00,,Y,-,2500,26C,14 kmh,sunny-partly cloudy,T.Denker,T.Graage,R.Lewis,M.Exposito,A.Flaisch,M.offmann,A.Sourdrille,CC,1,10,CC02,"H,1,10,H02","3,1,21","{DRIVE}:06:05 RUSH:28,H03, TACK:99","COLOGNE CENTURIONS drive start at 06:05, M. London rush for 1 yard to the CC3 (Y. Rivero).","H,2,9,H03",R,NA,06:05,NA,NA,NA,NA,NA,3,H,CC,"INT,1,06:05,2","PUNT,1,04:49,5",3,3,1:16,INT,1,06:05,CC02,PUNT,1,04:49,CC05,NA
CCBD2102,BD,CC,Barcelona Dragons,Cologne Centurions,6/27/2021,Cologne,Suedstadion Koeln,15:00,,Y,-,2500,26C,14 kmh,sunny-partly cloudy,T.Denker,T.Graage,R.Lewis,M.Exposito,A.Flaisch,M.offmann,A.Sourdrille,CC,2,9,CC03,"H,2,9,H03","3,2,22","RUSH:28,H05, TACK:99",M. London rush for 2 yards to the CC5 (Y. Rivero).,"H,3,7,H05",R,NA,NA,NA,NA,NA,NA,NA,3,H,CC,"INT,1,06:05,2","PUNT,1,04:49,5",3,3,1:16,INT,1,06:05,CC02,PUNT,1,04:49,CC05,NA
CCBD2102,BD,CC,Barcelona Dragons,Cologne Centurions,6/27/2021,Cologne,Suedstadion Koeln,15:00,,Y,-,2500,26C,14 kmh,sunny-partly cloudy,T.Denker,T.Graage,R.Lewis,M.Exposito,A.Flaisch,M.offmann,A.Sourdrille,CC,3,7,CC05,"H,3,7,H05","3,3,23","PASS:12,I,1,*",J. Weinreich pass incomplete to Q. Pounds.,"H,4,7,H05",P,NA,NA,NA,NA,NA,NA,NA,3,H,CC,"INT,1,06:05,2","PUNT,1,04:49,5",3,3,1:16,INT,1,06:05,CC02,PUNT,1,04:49,CC05,NA
CCBD2102,BD,CC,Barcelona Dragons,Cologne Centurions,6/27/2021,Cologne,Suedstadion Koeln,15:00,,Y,-,2500,26C,14 kmh,sunny-partly cloudy,T.Denker,T.Graage,R.Lewis,M.Exposito,A.Flaisch,M.offmann,A.Sourdrille,CC,4,7,CC05,"H,4,7,H05","3,4,24","PUNT:9,H40 RET:4,H33 TACK:46","C. Ezeala punt 35 yards to the CC40, R. Bertellin return 7 yards to the CC33 (46).","V,1,10,H33",U,NA,NA,NA,NA,NA,NA,NA,3,H,CC,"INT,1,06:05,2","PUNT,1,04:49,5",3,3,1:16,INT,1,06:05,CC02,PUNT,1,04:49,CC05,NA
CCBD2102,BD,CC,Barcelona Dragons,Cologne Centurions,6/27/2021,Cologne,Suedstadion Koeln,15:00,,Y,-,2500,26C,14 kmh,sunny-partly cloudy,T.Denker,T.Graage,R.Lewis,M.Exposito,A.Flaisch,M.offmann,A.Sourdrille,BD,1,10,CC33,"V,1,10,H33","4,1,25",TOUT:V T:04:49,"Timeout Barcelona Dragons, clock 04:49.","V,1,10,H33",#,NA,04:49,NA,NA,NA,NA,NA,4,V,BD,"PUNT,1,04:49,67","DOWNS,1,03:47,76",4,9,1:02,PUNT,1,04:49,CC33,DOWNS,1,03:47,CC24,NA
CCBD2102,BD,CC,Barcelona Dragons,Cologne Centurions,6/27/2021,Cologne,Suedstadion Koeln,15:00,,Y,-,2500,26C,14 kmh,sunny-partly cloudy,T.Denker,T.Graage,R.Lewis,M.Exposito,A.Flaisch,M.offmann,A.Sourdrille,BD,1,10,CC33,"V,1,10,H33","4,2,26","RUSH:5,H29, TACK:20",J. Constant rush for 4 yards to the CC29 (J. Seibel).,"V,2,6,H29",R,NA,NA,NA,NA,NA,NA,NA,4,V,BD,"PUNT,1,04:49,67","DOWNS,1,03:47,76",4,9,1:02,PUNT,1,04:49,CC33,DOWNS,1,03:47,CC24,NA
CCBD2102,BD,CC,Barcelona Dragons,Cologne Centurions,6/27/2021,Cologne,Suedstadion Koeln,15:00,,Y,-,2500,26C,14 kmh,sunny-partly cloudy,T.Denker,T.Graage,R.Lewis,M.Exposito,A.Flaisch,M.offmann,A.Sourdrille,BD,2,6,CC29,"V,2,6,H29","4,3,27","PASS:1,I,5,*",Z. Edwards pass incomplete to J. Constant.,"V,3,6,H29",P,NA,NA,NA,NA,NA,NA,NA,4,V,BD,"PUNT,1,04:49,67","DOWNS,1,03:47,76",4,9,1:02,PUNT,1,04:49,CC33,DOWNS,1,03:47,CC24,NA
CCBD2102,BD,CC,Barcelona Dragons,Cologne Centurions,6/27/2021,Cologne,Suedstadion Koeln,15:00,,Y,-,2500,26C,14 kmh,sunny-partly cloudy,T.Denker,T.Graage,R.Lewis,M.Exposito,A.Flaisch,M.offmann,A.Sourdrille,BD,3,6,CC29,"V,3,6,H29","4,4,28","RUSH:1,H24, TACK:25",Z. Edwards rush for 5 yards to the CC24 (25).,"V,4,1,H24",R,NA,NA,NA,NA,NA,NA,NA,4,V,BD,"PUNT,1,04:49,67","DOWNS,1,03:47,76",4,9,1:02,PUNT,1,04:49,CC33,DOWNS,1,03:47,CC24,NA
CCBD2102,BD,CC,Barcelona Dragons,Cologne Centurions,6/27/2021,Cologne,Suedstadion Koeln,15:00,,Y,-,2500,26C,14 kmh,sunny-partly cloudy,T.Denker,T.Graage,R.Lewis,M.Exposito,A.Flaisch,M.offmann,A.Sourdrille,BD,4,1,CC24,"V,4,1,H24","4,5,29","RUSH:17,H24, TACK:58,9",A. Herrero rush for no gain to the CC24 (L. Weitz;C. Ezeala).,"H,1,10,H24",R,NA,NA,NA,NA,NA,NA,NA,4,V,BD,"PUNT,1,04:49,67","DOWNS,1,03:47,76",4,9,1:02,PUNT,1,04:49,CC33,DOWNS,1,03:47,CC24,NA
CCBD2102,BD,CC,Barcelona Dragons,Cologne Centurions,6/27/2021,Cologne,Suedstadion Koeln,15:00,,Y,-,2500,26C,14 kmh,sunny-partly cloudy,T.Denker,T.Graage,R.Lewis,M.Exposito,A.Flaisch,M.offmann,A.Sourdrille,CC,1,10,CC24,"H,1,10,H24","5,1,30","{DRIVE}:03:47 RUSH:28,H47, TACK:33","COLOGNE CENTURIONS drive start at 03:47, M. London rush for 23 yards to the CC47, 1ST DOWN CC (T. Debiez).","H,1,10,H47",R,R,03:47,NA,NA,NA,NA,NA,5,H,CC,"DOWNS,1,03:47,24","TD,2,14:53,100",10,76,3:54,DOWNS,1,03:47,CC24,TD,2,14:53,BD00,1
CCBD2102,BD,CC,Barcelona Dragons,Cologne Centurions,6/27/2021,Cologne,Suedstadion Koeln,15:00,,Y,-,2500,26C,14 kmh,sunny-partly cloudy,T.Denker,T.Graage,R.Lewis,M.Exposito,A.Flaisch,M.offmann,A.Sourdrille,CC,1,10,CC47,"H,1,10,H47","5,2,31","RUSH:28,V34, TACK:25","M. London rush for 19 yards to the BD34, 1ST DOWN CC (N. Lester).","H,1,10,V34",R,R,NA,NA,NA,NA,NA,NA,5,H,CC,"DOWNS,1,03:47,24","TD,2,14:53,100",10,76,3:54,DOWNS,1,03:47,CC24,TD,2,14:53,BD00,1
CCBD2102,BD,CC,Barcelona Dragons,Cologne Centurions,6/27/2021,Cologne,Suedstadion Koeln,15:00,,Y,-,2500,26C,14 kmh,sunny-partly cloudy,T.Denker,T.Graage,R.Lewis,M.Exposito,A.Flaisch,M.offmann,A.Sourdrille,CC,1,10,BD34,"H,1,10,V34","5,3,32","RUSH:28,V25, TACK:49",M. London rush for 9 yards to the BD25 (S. Castaner).,"H,2,1,V25",R,NA,NA,NA,NA,NA,NA,NA,5,H,CC,"DOWNS,1,03:47,24","TD,2,14:53,100",10,76,3:54,DOWNS,1,03:47,CC24,TD,2,14:53,BD00,1
CCBD2102,BD,CC,Barcelona Dragons,Cologne Centurions,6/27/2021,Cologne,Suedstadion Koeln,15:00,,Y,-,2500,26C,14 kmh,sunny-partly cloudy,T.Denker,T.Graage,R.Lewis,M.Exposito,A.Flaisch,M.offmann,A.Sourdrille,CC,2,1,BD25,"H,2,1,V25","5,4,33","PASS:12,I,1,*",J. Weinreich pass incomplete to Q. Pounds.,"H,3,1,V25",P,NA,NA,NA,NA,NA,NA,NA,5,H,CC,"DOWNS,1,03:47,24","TD,2,14:53,100",10,76,3:54,DOWNS,1,03:47,CC24,TD,2,14:53,BD00,1
CCBD2102,BD,CC,Barcelona Dragons,Cologne Centurions,6/27/2021,Cologne,Suedstadion Koeln,15:00,,Y,-,2500,26C,14 kmh,sunny-partly cloudy,T.Denker,T.Graage,R.Lewis,M.Exposito,A.Flaisch,M.offmann,A.Sourdrille,CC,3,1,BD25,"H,3,1,V25","5,5,34","RUSH:12,V19, TACK:90","J. Weinreich rush for 6 yards to the BD19, 1ST DOWN CC (A. Fernandez).","H,1,10,V19",R,R,NA,NA,NA,NA,NA,NA,5,H,CC,"DOWNS,1,03:47,24","TD,2,14:53,100",10,76,3:54,DOWNS,1,03:47,CC24,TD,2,14:53,BD00,1
CCBD2102,BD,CC,Barcelona Dragons,Cologne Centurions,6/27/2021,Cologne,Suedstadion Koeln,15:00,,Y,-,2500,26C,14 kmh,sunny-partly cloudy,T.Denker,T.Graage,R.Lewis,M.Exposito,A.Flaisch,M.offmann,A.Sourdrille,CC,1,10,BD19,"H,1,10,V19","5,6,35","PASS:12,I,87,*",J. Weinreich pass incomplete to F. Eichhorn.,"H,2,10,V19",P,NA,NA,NA,NA,NA,NA,NA,5,H,CC,"DOWNS,1,03:47,24","TD,2,14:53,100",10,76,3:54,DOWNS,1,03:47,CC24,TD,2,14:53,BD00,1
CCBD2102,BD,CC,Barcelona Dragons,Cologne Centurions,6/27/2021,Cologne,Suedstadion Koeln,15:00,,Y,-,2500,26C,14 kmh,sunny-partly cloudy,T.Denker,T.Graage,R.Lewis,M.Exposito,A.Flaisch,M.offmann,A.Sourdrille,CC,2,10,BD19,"H,2,10,V19","5,7,36","RUSH:28,V18, TACK:45",M. London rush for 1 yard to the BD18 (A. Posito).,"H,3,9,V18",R,NA,NA,NA,NA,NA,NA,NA,5,H,CC,"DOWNS,1,03:47,24","TD,2,14:53,100",10,76,3:54,DOWNS,1,03:47,CC24,TD,2,14:53,BD00,1
CCBD2102,BD,CC,Barcelona Dragons,Cologne Centurions,6/27/2021,Cologne,Suedstadion Koeln,15:00,,Y,-,2500,26C,14 kmh,sunny-partly cloudy,T.Denker,T.Graage,R.Lewis,M.Exposito,A.Flaisch,M.offmann,A.Sourdrille,CC,3,9,BD18,"H,3,9,V18","5,8,37","PEN:V,PF,A,45,V14,1","PENALTY BD personal foul (A. Posito) 4 yards to the BD14, 1ST DOWN CC.","H,1,10,V14",E,E,NA,NA,NA,NA,NA,NA,5,H,CC,"DOWNS,1,03:47,24","TD,2,14:53,100",10,76,3:54,DOWNS,1,03:47,CC24,TD,2,14:53,BD00,1
CCBD2102,BD,CC,Barcelona Dragons,Cologne Centurions,6/27/2021,Cologne,Suedstadion Koeln,15:00,,Y,-,2500,26C,14 kmh,sunny-partly cloudy,T.Denker,T.Graage,R.Lewis,M.Exposito,A.Flaisch,M.offmann,A.Sourdrille,CC,1,10,BD14,"H,1,10,V14","5,9,38","PASS:12,I,87,*",J. Weinreich pass incomplete to F. Eichhorn.,"H,2,10,V14",P,NA,NA,NA,NA,NA,NA,NA,5,H,CC,"DOWNS,1,03:47,24","TD,2,14:53,100",10,76,3:54,DOWNS,1,03:47,CC24,TD,2,14:53,BD00,1
CCBD2102,BD,CC,Barcelona Dragons,Cologne Centurions,6/27/2021,Cologne,Suedstadion Koeln,15:00,,Y,-,2500,26C,14 kmh,sunny-partly cloudy,T.Denker,T.Graage,R.Lewis,M.Exposito,A.Flaisch,M.offmann,A.Sourdrille,CC,2,10,BD14,"H,2,10,V14","5,10,39","RUSH:28,V09, TACK:42",M. London rush for 5 yards to the BD9 (42).,"H,3,5,V09",R,NA,NA,NA,NA,NA,NA,NA,5,H,CC,"DOWNS,1,03:47,24","TD,2,14:53,100",10,76,3:54,DOWNS,1,03:47,CC24,TD,2,14:53,BD00,1
CCBD2102,BD,CC,Barcelona Dragons,Cologne Centurions,6/27/2021,Cologne,Suedstadion Koeln,15:00,,Y,-,2500,26C,14 kmh,sunny-partly cloudy,T.Denker,T.Graage,R.Lewis,M.Exposito,A.Flaisch,M.offmann,A.Sourdrille,CC,3,5,BD09,"H,3,5,V09","5,11,40",Q:2 T:15:00,"Start of 2nd quarter, clock 15:00.","H,3,5,V09",#,NA,15:00,NA,NA,NA,NA,NA,5,H,CC,"DOWNS,1,03:47,24","TD,2,14:53,100",10,76,3:54,DOWNS,1,03:47,CC24,TD,2,14:53,BD00,1
CCBD2102,BD,CC,Barcelona Dragons,Cologne Centurions,6/27/2021,Cologne,Suedstadion Koeln,15:00,,Y,-,2500,26C,14 kmh,sunny-partly cloudy,T.Denker,T.Graage,R.Lewis,M.Exposito,A.Flaisch,M.offmann,A.Sourdrille,CC,3,5,BD09,"H,3,5,V09","5,12,41","RUSH:28,V00, T:14:53","M. London rush for 9 yards to the BD0, 1ST DOWN CC, TOUCHDOWN, clock 14:53.","H,1,10,V15",R,R,14:53,NA,Y,0,6,NA,5,H,CC,"DOWNS,1,03:47,24","TD,2,14:53,100",10,76,3:54,DOWNS,1,03:47,CC24,TD,2,14:53,BD00,1
CCBD2102,BD,CC,Barcelona Dragons,Cologne Centurions,6/27/2021,Cologne,Suedstadion Koeln,15:00,,Y,-,2500,26C,14 kmh,sunny-partly cloudy,T.Denker,T.Graage,R.Lewis,M.Exposito,A.Flaisch,M.offmann,A.Sourdrille,CC,1,10,BD15,"H,1,10,V15","5,13,42","PAT:K,2,G",D. Schuhmacher kick attempt good.,"H,1,0,H35",X,NA,NA,NA,Y,0,7,NA,5,H,CC,"DOWNS,1,03:47,24","TD,2,14:53,100",10,76,3:54,DOWNS,1,03:47,CC24,TD,2,14:53,BD00,1
CCBD2102,BD,CC,Barcelona Dragons,Cologne Centurions,6/27/2021,Cologne,Suedstadion Koeln,15:00,,Y,-,2500,26C,14 kmh,sunny-partly cloudy,T.Denker,T.Graage,R.Lewis,M.Exposito,A.Flaisch,M.offmann,A.Sourdrille,CC,1,0,CC35,"H,1,0,H35","5,14,43","KO:2,V06 RET:5,V32 TACK:47","D. Schuhmacher kickoff 59 yards to the BD6, J. Constant return 26 yards to the BD32 (N. Liesen).","V,1,10,V32",K,NA,NA,NA,NA,NA,NA,NA,5,H,CC,"DOWNS,1,03:47,24","TD,2,14:53,100",10,76,3:54,DOWNS,1,03:47,CC24,TD,2,14:53,BD00,1
CCBD2102,BD,CC,Barcelona Dragons,Cologne Centurions,6/27/2021,Cologne,Suedstadion Koeln,15:00,,Y,-,2500,26C,14 kmh,sunny-partly cloudy,T.Denker,T.Graage,R.Lewis,M.Exposito,A.Flaisch,M.offmann,A.Sourdrille,BD,1,10,BD32,"V,1,10,V32","6,1,44",{DRIVE}:14:42,BARCELONA DRAGONS drive start at 14:42.,"V,1,10,V32",NA,NA,14:42,NA,NA,NA,NA,NA,6,V,BD,"KO,2,14:42,32","PUNT,2,13:24,40",3,8,1:18,KO,2,14:42,BD32,PUNT,2,13:24,BD40,NA
CCBD2102,BD,CC,Barcelona Dragons,Cologne Centurions,6/27/2021,Cologne,Suedstadion Koeln,15:00,,Y,-,2500,26C,14 kmh,sunny-partly cloudy,T.Denker,T.Graage,R.Lewis,M.Exposito,A.Flaisch,M.offmann,A.Sourdrille,BD,1,10,BD32,"V,1,10,V32","6,2,45","PASS:1,I,3,* BRUP:44",Z. Edwards pass incomplete to A. Jimenez (M. Kensy).,"V,2,10,V32",P,NA,NA,NA,NA,NA,NA,NA,6,V,BD,"KO,2,14:42,32","PUNT,2,13:24,40",3,8,1:18,KO,2,14:42,BD32,PUNT,2,13:24,BD40,NA
CCBD2102,BD,CC,Barcelona Dragons,Cologne Centurions,6/27/2021,Cologne,Suedstadion Koeln,15:00,,Y,-,2500,26C,14 kmh,sunny-partly cloudy,T.Denker,T.Graage,R.Lewis,M.Exposito,A.Flaisch,M.offmann,A.Sourdrille,BD,2,10,BD32,"V,2,10,V32","6,3,46","PASS:1,C,15,V40 OB: TACK:42,47","Z. Edwards pass complete to M. Flores for 8 yards to the BD40, out-of-bounds (42;N. Liesen).","V,3,2,V40",P,NA,NA,NA,NA,NA,NA,Y,6,V,BD,"KO,2,14:42,32","PUNT,2,13:24,40",3,8,1:18,KO,2,14:42,BD32,PUNT,2,13:24,BD40,NA
CCBD2102,BD,CC,Barcelona Dragons,Cologne Centurions,6/27/2021,Cologne,Suedstadion Koeln,15:00,,Y,-,2500,26C,14 kmh,sunny-partly cloudy,T.Denker,T.Graage,R.Lewis,M.Exposito,A.Flaisch,M.offmann,A.Sourdrille,BD,3,2,BD40,"V,3,2,V40","6,4,47","RUSH:3,V40, TACK:91,25",A. Jimenez rush for no gain to the BD40 (R. Sellung;25).,"V,4,2,V40",R,NA,NA,NA,NA,NA,NA,NA,6,V,BD,"KO,2,14:42,32","PUNT,2,13:24,40",3,8,1:18,KO,2,14:42,BD32,PUNT,2,13:24,BD40,NA
CCBD2102,BD,CC,Barcelona Dragons,Cologne Centurions,6/27/2021,Cologne,Suedstadion Koeln,15:00,,Y,-,2500,26C,14 kmh,sunny-partly cloudy,T.Denker,T.Graage,R.Lewis,M.Exposito,A.Flaisch,M.offmann,A.Sourdrille,BD,4,2,BD40,"V,4,2,V40","6,5,48","PUNT:18,H21 DN:","C. Maser punt 39 yards to the CC21, downed.","H,1,10,H21",U,NA,NA,NA,NA,NA,NA,NA,6,V,BD,"KO,2,14:42,32","PUNT,2,13:24,40",3,8,1:18,KO,2,14:42,BD32,PUNT,2,13:24,BD40,NA
CCBD2102,BD,CC,Barcelona Dragons,Cologne Centurions,6/27/2021,Cologne,Suedstadion Koeln,15:00,,Y,-,2500,26C,14 kmh,sunny-partly cloudy,T.Denker,T.Graage,R.Lewis,M.Exposito,A.Flaisch,M.offmann,A.Sourdrille,CC,1,10,CC21,"H,1,10,H21","7,1,49",{DRIVE}:13:24,COLOGNE CENTURIONS drive start at 13:24.,"H,1,10,H21",NA,NA,13:24,NA,NA,NA,NA,NA,7,H,CC,"PUNT,2,13:24,21","PUNT,2,10:08,36",6,15,3:16,PUNT,2,13:24,CC21,PUNT,2,10:08,CC36,NA
CCBD2102,BD,CC,Barcelona Dragons,Cologne Centurions,6/27/2021,Cologne,Suedstadion Koeln,15:00,,Y,-,2500,26C,14 kmh,sunny-partly cloudy,T.Denker,T.Graage,R.Lewis,M.Exposito,A.Flaisch,M.offmann,A.Sourdrille,CC,1,10,CC21,"H,1,10,H21","7,2,50","RUSH:28,H25, TACK:93,33",M. London rush for 4 yards to the CC25 (A. Pinheiro;T. Debiez).,"H,2,6,H25",R,NA,NA,NA,NA,NA,NA,NA,7,H,CC,"PUNT,2,13:24,21","PUNT,2,10:08,36",6,15,3:16,PUNT,2,13:24,CC21,PUNT,2,10:08,CC36,NA
CCBD2102,BD,CC,Barcelona Dragons,Cologne Centurions,6/27/2021,Cologne,Suedstadion Koeln,15:00,,Y,-,2500,26C,14 kmh,sunny-partly cloudy,T.Denker,T.Graage,R.Lewis,M.Exposito,A.Flaisch,M.offmann,A.Sourdrille,CC,2,6,CC25,"H,2,6,H25","7,3,51","RUSH:43,H30, TACK:45",P. Poetsch rush for 5 yards to the CC30 (A. Posito).,"H,3,1,H30",R,NA,NA,NA,NA,NA,NA,NA,7,H,CC,"PUNT,2,13:24,21","PUNT,2,10:08,36",6,15,3:16,PUNT,2,13:24,CC21,PUNT,2,10:08,CC36,NA
CCBD2102,BD,CC,Barcelona Dragons,Cologne Centurions,6/27/2021,Cologne,Suedstadion Koeln,15:00,,Y,-,2500,26C,14 kmh,sunny-partly cloudy,T.Denker,T.Graage,R.Lewis,M.Exposito,A.Flaisch,M.offmann,A.Sourdrille,CC,3,1,CC30,"H,3,1,H30","7,4,52","RUSH:28,H33, TACK:99,93","M. London rush for 3 yards to the CC33, 1ST DOWN CC (Y. Rivero;A. Pinheiro).","H,1,10,H33",R,R,NA,NA,NA,NA,NA,NA,7,H,CC,"PUNT,2,13:24,21","PUNT,2,10:08,36",6,15,3:16,PUNT,2,13:24,CC21,PUNT,2,10:08,CC36,NA
CCBD2102,BD,CC,Barcelona Dragons,Cologne Centurions,6/27/2021,Cologne,Suedstadion Koeln,15:00,,Y,-,2500,26C,14 kmh,sunny-partly cloudy,T.Denker,T.Graage,R.Lewis,M.Exposito,A.Flaisch,M.offmann,A.Sourdrille,CC,1,10,CC33,"H,1,10,H33","7,5,53","PASS:12,I,1,*",J. Weinreich pass incomplete to Q. Pounds.,"H,2,10,H33",P,NA,NA,NA,NA,NA,NA,NA,7,H,CC,"PUNT,2,13:24,21","PUNT,2,10:08,36",6,15,3:16,PUNT,2,13:24,CC21,PUNT,2,10:08,CC36,NA
CCBD2102,BD,CC,Barcelona Dragons,Cologne Centurions,6/27/2021,Cologne,Suedstadion Koeln,15:00,,Y,-,2500,26C,14 kmh,sunny-partly cloudy,T.Denker,T.Graage,R.Lewis,M.Exposito,A.Flaisch,M.offmann,A.Sourdrille,CC,2,10,CC33,"H,2,10,H33","7,6,54","PASS:12,I,14,*",J. Weinreich pass incomplete to R. Akhlaghi.,"H,3,10,H33",P,NA,NA,NA,NA,NA,NA,NA,7,H,CC,"PUNT,2,13:24,21","PUNT,2,10:08,36",6,15,3:16,PUNT,2,13:24,CC21,PUNT,2,10:08,CC36,NA
CCBD2102,BD,CC,Barcelona Dragons,Cologne Centurions,6/27/2021,Cologne,Suedstadion Koeln,15:00,,Y,-,2500,26C,14 kmh,sunny-partly cloudy,T.Denker,T.Graage,R.Lewis,M.Exposito,A.Flaisch,M.offmann,A.Sourdrille,CC,3,10,CC33,"H,3,10,H33","7,7,55","PASS:12,C,1,H41 TACK:23",J. Weinreich pass complete to Q. Pounds for 8 yards to the CC41 (J. Brugnani).,"H,4,2,H41",P,NA,NA,NA,NA,NA,NA,NA,7,H,CC,"PUNT,2,13:24,21","PUNT,2,10:08,36",6,15,3:16,PUNT,2,13:24,CC21,PUNT,2,10:08,CC36,NA
CCBD2102,BD,CC,Barcelona Dragons,Cologne Centurions,6/27/2021,Cologne,Suedstadion Koeln,15:00,,Y,-,2500,26C,14 kmh,sunny-partly cloudy,T.Denker,T.Graage,R.Lewis,M.Exposito,A.Flaisch,M.offmann,A.Sourdrille,CC,4,2,CC41,"H,4,2,H41","7,8,56","PEN:H,DG,A,12,H36,N",PENALTY CC delay of game (J. Weinreich) 5 yards to the CC36.,"H,4,7,H36",E,NA,NA,NA,NA,NA,NA,NA,7,H,CC,"PUNT,2,13:24,21","PUNT,2,10:08,36",6,15,3:16,PUNT,2,13:24,CC21,PUNT,2,10:08,CC36,NA
CCBD2102,BD,CC,Barcelona Dragons,Cologne Centurions,6/27/2021,Cologne,Suedstadion Koeln,15:00,,Y,-,2500,26C,14 kmh,sunny-partly cloudy,T.Denker,T.Graage,R.Lewis,M.Exposito,A.Flaisch,M.offmann,A.Sourdrille,CC,4,7,CC36,"H,4,7,H36","7,9,57","PUNT:9,V29 DN:","C. Ezeala punt 35 yards to the BD29, downed.","V,1,10,V29",U,NA,NA,NA,NA,NA,NA,NA,7,H,CC,"PUNT,2,13:24,21","PUNT,2,10:08,36",6,15,3:16,PUNT,2,13:24,CC21,PUNT,2,10:08,CC36,NA
CCBD2102,BD,CC,Barcelona Dragons,Cologne Centurions,6/27/2021,Cologne,Suedstadion Koeln,15:00,,Y,-,2500,26C,14 kmh,sunny-partly cloudy,T.Denker,T.Graage,R.Lewis,M.Exposito,A.Flaisch,M.offmann,A.Sourdrille,BD,1,10,BD29,"V,1,10,V29","8,1,58","{DRIVE}:10:08 RUSH:1,V33, TACK:48","BARCELONA DRAGONS drive start at 10:08, Z. Edwards rush for 4 yards to the BD33 (K. Bongaerts).","V,2,6,V33",R,NA,10:08,NA,NA,NA,NA,NA,8,V,BD,"PUNT,2,10:08,29","PUNT,2,06:02,54",8,25,4:06,PUNT,2,10:08,BD29,PUNT,2,06:02,CC46,NA
CCBD2102,BD,CC,Barcelona Dragons,Cologne Centurions,6/27/2021,Cologne,Suedstadion Koeln,15:00,,Y,-,2500,26C,14 kmh,sunny-partly cloudy,T.Denker,T.Graage,R.Lewis,M.Exposito,A.Flaisch,M.offmann,A.Sourdrille,BD,2,6,BD33,"V,2,6,V33","8,2,59","PASS:1,C,5,V41 TACK:20","Z. Edwards pass complete to J. Constant for 8 yards to the BD41, 1ST DOWN BD (J. Seibel).","V,1,10,V41",P,P,NA,NA,NA,NA,NA,NA,8,V,BD,"PUNT,2,10:08,29","PUNT,2,06:02,54",8,25,4:06,PUNT,2,10:08,BD29,PUNT,2,06:02,CC46,NA
CCBD2102,BD,CC,Barcelona Dragons,Cologne Centurions,6/27/2021,Cologne,Suedstadion Koeln,15:00,,Y,-,2500,26C,14 kmh,sunny-partly cloudy,T.Denker,T.Graage,R.Lewis,M.Exposito,A.Flaisch,M.offmann,A.Sourdrille,BD,1,10,BD41,"V,1,10,V41","8,3,60","RUSH:1,V44, TACK:99",Z. Edwards rush for 3 yards to the BD44 (J. De Souza B.).,"V,2,7,V44",R,NA,NA,NA,NA,NA,NA,NA,8,V,BD,"PUNT,2,10:08,29","PUNT,2,06:02,54",8,25,4:06,PUNT,2,10:08,BD29,PUNT,2,06:02,CC46,NA
CCBD2102,BD,CC,Barcelona Dragons,Cologne Centurions,6/27/2021,Cologne,Suedstadion Koeln,15:00,,Y,-,2500,26C,14 kmh,sunny-partly cloudy,T.Denker,T.Graage,R.Lewis,M.Exposito,A.Flaisch,M.offmann,A.Sourdrille,BD,2,7,BD44,"V,2,7,V44","8,4,61","PASS:1,C,4,V50 TACK:23,58",Z. Edwards pass complete to R. Bertellin for 6 yards to the 50 yardline (T. Janssen;L. Weitz).,"V,3,1,V50",P,NA,NA,NA,NA,NA,NA,NA,8,V,BD,"PUNT,2,10:08,29","PUNT,2,06:02,54",8,25,4:06,PUNT,2,10:08,BD29,PUNT,2,06:02,CC46,NA
CCBD2102,BD,CC,Barcelona Dragons,Cologne Centurions,6/27/2021,Cologne,Suedstadion Koeln,15:00,,Y,-,2500,26C,14 kmh,sunny-partly cloudy,T.Denker,T.Graage,R.Lewis,M.Exposito,A.Flaisch,M.offmann,A.Sourdrille,BD,3,1,BD50,"V,3,1,V50","8,5,62","RUSH:1,H40, TACK:29","Z. Edwards rush for 10 yards to the CC40, 1ST DOWN BD (M. Banjaqui).","V,1,10,H40",R,R,NA,NA,NA,NA,NA,NA,8,V,BD,"PUNT,2,10:08,29","PUNT,2,06:02,54",8,25,4:06,PUNT,2,10:08,BD29,PUNT,2,06:02,CC46,NA
CCBD2102,BD,CC,Barcelona Dragons,Cologne Centurions,6/27/2021,Cologne,Suedstadion Koeln,15:00,,Y,-,2500,26C,14 kmh,sunny-partly cloudy,T.Denker,T.Graage,R.Lewis,M.Exposito,A.Flaisch,M.offmann,A.Sourdrille,BD,1,10,CC40,"V,1,10,H40","8,6,63","PASS:1,I,5,*",Z. Edwards pass incomplete to J. Constant.,"V,2,10,H40",P,NA,NA,NA,NA,NA,NA,NA,8,V,BD,"PUNT,2,10:08,29","PUNT,2,06:02,54",8,25,4:06,PUNT,2,10:08,BD29,PUNT,2,06:02,CC46,NA
CCBD2102,BD,CC,Barcelona Dragons,Cologne Centurions,6/27/2021,Cologne,Suedstadion Koeln,15:00,,Y,-,2500,26C,14 kmh,sunny-partly cloudy,T.Denker,T.Graage,R.Lewis,M.Exposito,A.Flaisch,M.offmann,A.Sourdrille,BD,2,10,CC40,"V,2,10,H40","8,7,64","PEN:H,OS,A,TM,H35,Y",PENALTY CC offside 5 yards to the CC35.,"V,2,5,H35",E,NA,NA,NA,NA,NA,NA,NA,8,V,BD,"PUNT,2,10:08,29","PUNT,2,06:02,54",8,25,4:06,PUNT,2,10:08,BD29,PUNT,2,06:02,CC46,NA
CCBD2102,BD,CC,Barcelona Dragons,Cologne Centurions,6/27/2021,Cologne,Suedstadion Koeln,15:00,,Y,-,2500,26C,14 kmh,sunny-partly cloudy,T.Denker,T.Graage,R.Lewis,M.Exposito,A.Flaisch,M.offmann,A.Sourdrille,BD,2,5,CC35,"V,2,5,H35","8,8,65","PASS:1,I,15,*",Z. Edwards pass incomplete to M. Flores.,"V,3,5,H35",P,NA,NA,NA,NA,NA,NA,NA,8,V,BD,"PUNT,2,10:08,29","PUNT,2,06:02,54",8,25,4:06,PUNT,2,10:08,BD29,PUNT,2,06:02,CC46,NA
CCBD2102,BD,CC,Barcelona Dragons,Cologne Centurions,6/27/2021,Cologne,Suedstadion Koeln,15:00,,Y,-,2500,26C,14 kmh,sunny-partly cloudy,T.Denker,T.Graage,R.Lewis,M.Exposito,A.Flaisch,M.offmann,A.Sourdrille,BD,3,5,CC35,"V,3,5,H35","8,9,66","PASS:1,S,TM,H46 SACK:9,3",Z. Edwards sacked for loss of 11 yards to the CC46 (C. Ezeala;J. Voelker).,"V,4,16,H46",P,NA,NA,NA,NA,NA,NA,NA,8,V,BD,"PUNT,2,10:08,29","PUNT,2,06:02,54",8,25,4:06,PUNT,2,10:08,BD29,PUNT,2,06:02,CC46,NA
CCBD2102,BD,CC,Barcelona Dragons,Cologne Centurions,6/27/2021,Cologne,Suedstadion Koeln,15:00,,Y,-,2500,26C,14 kmh,sunny-partly cloudy,T.Denker,T.Graage,R.Lewis,M.Exposito,A.Flaisch,M.offmann,A.Sourdrille,BD,4,16,CC46,"V,4,16,H46","8,10,67","PUNT:18,H17 RET:25,H24 TACK:17","C. Maser punt 29 yards to the CC17, 25 return 7 yards to the CC24 (A. Herrero).","H,1,10,H24",U,NA,NA,NA,NA,NA,NA,NA,8,V,BD,"PUNT,2,10:08,29","PUNT,2,06:02,54",8,25,4:06,PUNT,2,10:08,BD29,PUNT,2,06:02,CC46,NA
CCBD2102,BD,CC,Barcelona Dragons,Cologne Centurions,6/27/2021,Cologne,Suedstadion Koeln,15:00,,Y,-,2500,26C,14 kmh,sunny-partly cloudy,T.Denker,T.Graage,R.Lewis,M.Exposito,A.Flaisch,M.offmann,A.Sourdrille,CC,1,10,CC24,"H,1,10,H24","9,1,68",{DRIVE}:06:02,COLOGNE CENTURIONS drive start at 06:02.,"H,1,10,H24",NA,NA,06:02,NA,NA,NA,NA,NA,9,H,CC,"PUNT,2,06:02,24","PUNT,2,03:49,30",3,6,2:13,PUNT,2,06:02,CC24,PUNT,2,03:49,CC30,NA
CCBD2102,BD,CC,Barcelona Dragons,Cologne Centurions,6/27/2021,Cologne,Suedstadion Koeln,15:00,,Y,-,2500,26C,14 kmh,sunny-partly cloudy,T.Denker,T.Graage,R.Lewis,M.Exposito,A.Flaisch,M.offmann,A.Sourdrille,CC,1,10,CC24,"H,1,10,H24","9,2,69","RUSH:28,H28, TACK:73",M. London rush for 4 yards to the CC28 (S. Bowen).,"H,2,6,H28",R,NA,NA,NA,NA,NA,NA,NA,9,H,CC,"PUNT,2,06:02,24","PUNT,2,03:49,30",3,6,2:13,PUNT,2,06:02,CC24,PUNT,2,03:49,CC30,NA
CCBD2102,BD,CC,Barcelona Dragons,Cologne Centurions,6/27/2021,Cologne,Suedstadion Koeln,15:00,,Y,-,2500,26C,14 kmh,sunny-partly cloudy,T.Denker,T.Graage,R.Lewis,M.Exposito,A.Flaisch,M.offmann,A.Sourdrille,CC,2,6,CC28,"H,2,6,H28","9,3,70","RUSH:28,H33, TACK:29",M. London rush for 5 yards to the CC33 (29).,"H,3,1,H33",R,NA,NA,NA,NA,NA,NA,NA,9,H,CC,"PUNT,2,06:02,24","PUNT,2,03:49,30",3,6,2:13,PUNT,2,06:02,CC24,PUNT,2,03:49,CC30,NA
CCBD2102,BD,CC,Barcelona Dragons,Cologne Centurions,6/27/2021,Cologne,Suedstadion Koeln,15:00,,Y,-,2500,26C,14 kmh,sunny-partly cloudy,T.Denker,T.Graage,R.Lewis,M.Exposito,A.Flaisch,M.offmann,A.Sourdrille,CC,3,1,CC33,"H,3,1,H33","9,4,71","RUSH:12,H30, TACK:10",J. Weinreich rush for loss of 3 yards to the CC30 (C. Brugnani).,"H,4,4,H30",R,NA,NA,NA,NA,NA,NA,NA,9,H,CC,"PUNT,2,06:02,24","PUNT,2,03:49,30",3,6,2:13,PUNT,2,06:02,CC24,PUNT,2,03:49,CC30,NA
CCBD2102,BD,CC,Barcelona Dragons,Cologne Centurions,6/27/2021,Cologne,Suedstadion Koeln,15:00,,Y,-,2500,26C,14 kmh,sunny-partly cloudy,T.Denker,T.Graage,R.Lewis,M.Exposito,A.Flaisch,M.offmann,A.Sourdrille,CC,4,4,CC30,"H,4,4,H30","9,5,72","PUNT:9,V20 RET:5,V25","C. Ezeala punt 50 yards to the BD20, J. Constant return 5 yards to the BD25.","V,1,10,V25",U,NA,NA,NA,NA,NA,NA,NA,9,H,CC,"PUNT,2,06:02,24","PUNT,2,03:49,30",3,6,2:13,PUNT,2,06:02,CC24,PUNT,2,03:49,CC30,NA
CCBD2102,BD,CC,Barcelona Dragons,Cologne Centurions,6/27/2021,Cologne,Suedstadion Koeln,15:00,,Y,-,2500,26C,14 kmh,sunny-partly cloudy,T.Denker,T.Graage,R.Lewis,M.Exposito,A.Flaisch,M.offmann,A.Sourdrille,BD,1,10,BD25,"V,1,10,V25","10,1,73","{DRIVE}:03:49 PASS:1,C,5,V33 TACK:25","BARCELONA DRAGONS drive start at 03:49, Z. Edwards pass complete to J. Constant for 8 yards to the BD33 (25).","V,2,2,V33",P,NA,03:49,NA,NA,NA,NA,NA,10,V,BD,"PUNT,2,03:49,25","PUNT,2,01:15,51",6,26,2:34,PUNT,2,03:49,BD25,PUNT,2,01:15,CC49,NA
CCBD2102,BD,CC,Barcelona Dragons,Cologne Centurions,6/27/2021,Cologne,Suedstadion Koeln,15:00,,Y,-,2500,26C,14 kmh,sunny-partly cloudy,T.Denker,T.Graage,R.Lewis,M.Exposito,A.Flaisch,M.offmann,A.Sourdrille,BD,2,2,BD33,"V,2,2,V33","10,2,74","PASS:1,C,5,V40 TACK:99,48","Z. Edwards pass complete to J. Constant for 7 yards to the BD40, 1ST DOWN BD (J. De Souza B.;K. Bongaerts).","V,1,10,V40",P,P,NA,NA,NA,NA,NA,NA,10,V,BD,"PUNT,2,03:49,25","PUNT,2,01:15,51",6,26,2:34,PUNT,2,03:49,BD25,PUNT,2,01:15,CC49,NA
CCBD2102,BD,CC,Barcelona Dragons,Cologne Centurions,6/27/2021,Cologne,Suedstadion Koeln,15:00,,Y,-,2500,26C,14 kmh,sunny-partly cloudy,T.Denker,T.Graage,R.Lewis,M.Exposito,A.Flaisch,M.offmann,A.Sourdrille,BD,1,10,BD40,"V,1,10,V40","10,3,75","PASS:1,C,5,H44 TACK:23","Z. Edwards pass complete to J. Constant for 16 yards to the CC44, 1ST DOWN BD (T. Janssen).","V,1,10,H44",P,P,NA,NA,NA,NA,NA,NA,10,V,BD,"PUNT,2,03:49,25","PUNT,2,01:15,51",6,26,2:34,PUNT,2,03:49,BD25,PUNT,2,01:15,CC49,NA
CCBD2102,BD,CC,Barcelona Dragons,Cologne Centurions,6/27/2021,Cologne,Suedstadion Koeln,15:00,,Y,-,2500,26C,14 kmh,sunny-partly cloudy,T.Denker,T.Graage,R.Lewis,M.Exposito,A.Flaisch,M.offmann,A.Sourdrille,BD,1,10,CC44,"V,1,10,H44","10,4,76","PASS:1,I,4,*",Z. Edwards pass incomplete to R. Bertellin.,"V,2,10,H44",P,NA,NA,NA,NA,NA,NA,NA,10,V,BD,"PUNT,2,03:49,25","PUNT,2,01:15,51",6,26,2:34,PUNT,2,03:49,BD25,PUNT,2,01:15,CC49,NA
CCBD2102,BD,CC,Barcelona Dragons,Cologne Centurions,6/27/2021,Cologne,Suedstadion Koeln,15:00,,Y,-,2500,26C,14 kmh,sunny-partly cloudy,T.Denker,T.Graage,R.Lewis,M.Exposito,A.Flaisch,M.offmann,A.Sourdrille,BD,2,10,CC44,"V,2,10,H44","10,5,77","PASS:1,I,4,*",Z. Edwards pass incomplete to R. Bertellin.,"V,3,10,H44",P,NA,NA,NA,NA,NA,NA,NA,10,V,BD,"PUNT,2,03:49,25","PUNT,2,01:15,51",6,26,2:34,PUNT,2,03:49,BD25,PUNT,2,01:15,CC49,NA
CCBD2102,BD,CC,Barcelona Dragons,Cologne Centurions,6/27/2021,Cologne,Suedstadion Koeln,15:00,,Y,-,2500,26C,14 kmh,sunny-partly cloudy,T.Denker,T.Graage,R.Lewis,M.Exposito,A.Flaisch,M.offmann,A.Sourdrille,BD,3,10,CC44,"V,3,10,H44","10,6,78","PASS:1,S,TM,H49 SACK:9",Z. Edwards sacked for loss of 5 yards to the CC49 (C. Ezeala).,"V,4,15,H49",P,NA,NA,NA,NA,NA,NA,NA,10,V,BD,"PUNT,2,03:49,25","PUNT,2,01:15,51",6,26,2:34,PUNT,2,03:49,BD25,PUNT,2,01:15,CC49,NA
CCBD2102,BD,CC,Barcelona Dragons,Cologne Centurions,6/27/2021,Cologne,Suedstadion Koeln,15:00,,Y,-,2500,26C,14 kmh,sunny-partly cloudy,T.Denker,T.Graage,R.Lewis,M.Exposito,A.Flaisch,M.offmann,A.Sourdrille,BD,4,15,CC49,"V,4,15,H49","10,7,79","PUNT:18,H12 OB:","C. Maser punt 37 yards to the CC12, out-of-bounds.","H,1,10,H12",U,NA,NA,NA,NA,NA,NA,Y,10,V,BD,"PUNT,2,03:49,25","PUNT,2,01:15,51",6,26,2:34,PUNT,2,03:49,BD25,PUNT,2,01:15,CC49,NA
CCBD2102,BD,CC,Barcelona Dragons,Cologne Centurions,6/27/2021,Cologne,Suedstadion Koeln,15:00,,Y,-,2500,26C,14 kmh,sunny-partly cloudy,T.Denker,T.Graage,R.Lewis,M.Exposito,A.Flaisch,M.offmann,A.Sourdrille,CC,1,10,CC12,"H,1,10,H12","11,1,80","{DRIVE}:01:51 PEN:H,FO,A,TM,H08,N NOPLAY: PEN:H,FO,A,TM,H04,N NOPLAY:","COLOGNE CENTURIONS drive start at 01:51, PENALTY CC illegal formation 4 yards to the CC8, NO PLAY, PENALTY CC illegal formation 4 yards to the CC4, NO PLAY.","H,1,18,H04",E,NA,NA,NA,NA,NA,NA,NA,11,H,CC,"PUNT,2,01:15,4","TD,2,00:06,100",5,96,1:09,PUNT,2,01:15,CC04,TD,2,00:06,BD00,NA
CCBD2102,BD,CC,Barcelona Dragons,Cologne Centurions,6/27/2021,Cologne,Suedstadion Koeln,15:00,,Y,-,2500,26C,14 kmh,sunny-partly cloudy,T.Denker,T.Graage,R.Lewis,M.Exposito,A.Flaisch,M.offmann,A.Sourdrille,CC,1,18,CC04,"H,1,18,H04","11,2,81","{DRIVE}:01:15 SPOT:H,H04,Y PASS:12,C,43,H21 TACK:49","COLOGNE CENTURIONS drive start at 01:15, CC ball on CC4, J. Weinreich pass complete to P. Poetsch for 17 yards to the CC21 (S. Castaner).","H,2,1,H21",P,NA,01:15,NA,NA,NA,NA,NA,11,H,CC,"PUNT,2,01:15,4","TD,2,00:06,100",5,96,1:09,PUNT,2,01:15,CC04,TD,2,00:06,BD00,NA
CCBD2102,BD,CC,Barcelona Dragons,Cologne Centurions,6/27/2021,Cologne,Suedstadion Koeln,15:00,,Y,-,2500,26C,14 kmh,sunny-partly cloudy,T.Denker,T.Graage,R.Lewis,M.Exposito,A.Flaisch,M.offmann,A.Sourdrille,CC,2,1,CC21,"H,2,1,H21","11,3,82","RUSH:28,H26, TACK:93","M. London rush for 5 yards to the CC26, 1ST DOWN CC (A. Pinheiro).","H,1,10,H26",R,R,NA,NA,NA,NA,NA,NA,11,H,CC,"PUNT,2,01:15,4","TD,2,00:06,100",5,96,1:09,PUNT,2,01:15,CC04,TD,2,00:06,BD00,NA
CCBD2102,BD,CC,Barcelona Dragons,Cologne Centurions,6/27/2021,Cologne,Suedstadion Koeln,15:00,,Y,-,2500,26C,14 kmh,sunny-partly cloudy,T.Denker,T.Graage,R.Lewis,M.Exposito,A.Flaisch,M.offmann,A.Sourdrille,CC,1,10,CC26,"H,1,10,H26","11,4,83","PASS:12,C,11,H40 TACK:25","J. Weinreich pass complete to N. Aarass for 14 yards to the CC40, 1ST DOWN CC (N. Lester).","H,1,10,H40",P,P,NA,NA,NA,NA,NA,NA,11,H,CC,"PUNT,2,01:15,4","TD,2,00:06,100",5,96,1:09,PUNT,2,01:15,CC04,TD,2,00:06,BD00,NA
CCBD2102,BD,CC,Barcelona Dragons,Cologne Centurions,6/27/2021,Cologne,Suedstadion Koeln,15:00,,Y,-,2500,26C,14 kmh,sunny-partly cloudy,T.Denker,T.Graage,R.Lewis,M.Exposito,A.Flaisch,M.offmann,A.Sourdrille,CC,1,10,CC40,"H,1,10,H40","11,5,84","PASS:12,C,28,V35 TACK:11","J. Weinreich pass complete to M. London for 25 yards to the BD35, 1ST DOWN CC (B. Brooks).","H,1,10,V35",P,P,NA,NA,NA,NA,NA,NA,11,H,CC,"PUNT,2,01:15,4","TD,2,00:06,100",5,96,1:09,PUNT,2,01:15,CC04,TD,2,00:06,BD00,NA
CCBD2102,BD,CC,Barcelona Dragons,Cologne Centurions,6/27/2021,Cologne,Suedstadion Koeln,15:00,,Y,-,2500,26C,14 kmh,sunny-partly cloudy,T.Denker,T.Graage,R.Lewis,M.Exposito,A.Flaisch,M.offmann,A.Sourdrille,CC,1,10,BD35,"H,1,10,V35","11,6,85","PASS:12,C,1,V00 T:00:06","J. Weinreich pass complete to Q. Pounds for 35 yards to the BD0, 1ST DOWN CC, TOUCHDOWN, clock 00:06.","H,1,10,V15",P,P,00:06,NA,Y,0,13,NA,11,H,CC,"PUNT,2,01:15,4","TD,2,00:06,100",5,96,1:09,PUNT,2,01:15,CC04,TD,2,00:06,BD00,NA
CCBD2102,BD,CC,Barcelona Dragons,Cologne Centurions,6/27/2021,Cologne,Suedstadion Koeln,15:00,,Y,-,2500,26C,14 kmh,sunny-partly cloudy,T.Denker,T.Graage,R.Lewis,M.Exposito,A.Flaisch,M.offmann,A.Sourdrille,CC,1,10,BD15,"H,1,10,V15","11,7,86","PAT:K,2,G",D. Schuhmacher kick attempt good.,"H,1,0,H35",X,NA,NA,NA,Y,0,14,NA,11,H,CC,"PUNT,2,01:15,4","TD,2,00:06,100",5,96,1:09,PUNT,2,01:15,CC04,TD,2,00:06,BD00,NA
CCBD2102,BD,CC,Barcelona Dragons,Cologne Centurions,6/27/2021,Cologne,Suedstadion Koeln,15:00,,Y,-,2500,26C,14 kmh,sunny-partly cloudy,T.Denker,T.Graage,R.Lewis,M.Exposito,A.Flaisch,M.offmann,A.Sourdrille,CC,1,0,CC35,"H,1,0,H35","11,8,87","KO:2,V26 FC:82","D. Schuhmacher kickoff 39 yards to the BD26, fair catch by J. H.-Ezquerra.","V,1,10,V26",K,NA,NA,NA,NA,NA,NA,NA,11,H,CC,"PUNT,2,01:15,4","TD,2,00:06,100",5,96,1:09,PUNT,2,01:15,CC04,TD,2,00:06,BD00,NA
CCBD2102,BD,CC,Barcelona Dragons,Cologne Centurions,6/27/2021,Cologne,Suedstadion Koeln,15:00,,Y,-,2500,26C,14 kmh,sunny-partly cloudy,T.Denker,T.Graage,R.Lewis,M.Exposito,A.Flaisch,M.offmann,A.Sourdrille,BD,1,10,BD26,"V,1,10,V26","12,1,88","{DRIVE}:00:06 PASS:1,C,5,V38","BARCELONA DRAGONS drive start at 00:06, Z. Edwards pass complete to J. Constant for 12 yards to the BD38, 1ST DOWN BD.","V,1,10,V38",P,P,00:06,NA,NA,NA,NA,NA,12,V,BD,"KO,2,00:06,26","INT,2,00:00,38",2,12,0:06,KO,2,00:06,BD26,INT,2,00:00,BD38,NA
CCBD2102,BD,CC,Barcelona Dragons,Cologne Centurions,6/27/2021,Cologne,Suedstadion Koeln,15:00,,Y,-,2500,26C,14 kmh,sunny-partly cloudy,T.Denker,T.Graage,R.Lewis,M.Exposito,A.Flaisch,M.offmann,A.Sourdrille,BD,1,10,BD38,"V,1,10,V38","12,2,89","PASS:1,X,24,H20 RET:24,H23","Z. Edwards pass intercepted by D. Jacobs at the CC20, D. Jacobs return 3 yards to the CC23.","H,1,10,H23",P,NA,NA,I,NA,NA,NA,NA,12,V,BD,"KO,2,00:06,26","INT,2,00:00,38",2,12,0:06,KO,2,00:06,BD26,INT,2,00:00,BD38,NA
CCBD2102,BD,CC,Barcelona Dragons,Cologne Centurions,6/27/2021,Cologne,Suedstadion Koeln,15:00,,Y,-,2500,26C,14 kmh,sunny-partly cloudy,T.Denker,T.Graage,R.Lewis,M.Exposito,A.Flaisch,M.offmann,A.Sourdrille,CC,1,10,CC23,"H,1,10,H23","13,1,90",{DRIVE}:00:00,COLOGNE CENTURIONS drive start at 00:00.,"H,1,10,H23",NA,NA,00:00,NA,NA,NA,NA,NA,13,H,CC,"INT,2,00:00,23","HALF,2,00:00,23",0,0,0:00,INT,2,00:00,CC23,HALF,2,00:00,CC23,NA
CCBD2102,BD,CC,Barcelona Dragons,Cologne Centurions,6/27/2021,Cologne,Suedstadion Koeln,15:00,,Y,-,2500,26C,14 kmh,sunny-partly cloudy,T.Denker,T.Graage,R.Lewis,M.Exposito,A.Flaisch,M.offmann,A.Sourdrille,CC,1,10,CC23,"H,1,10,H23","13,2,91",HALF: T:00:00,"End of half, clock 00:00.","H,1,10,H23",#,NA,00:00,NA,NA,NA,NA,NA,13,H,CC,"INT,2,00:00,23","HALF,2,00:00,23",0,0,0:00,INT,2,00:00,CC23,HALF,2,00:00,CC23,NA
CCBD2102,BD,CC,Barcelona Dragons,Cologne Centurions,6/27/2021,Cologne,Suedstadion Koeln,15:00,,Y,-,2500,26C,14 kmh,sunny-partly cloudy,T.Denker,T.Graage,R.Lewis,M.Exposito,A.Flaisch,M.offmann,A.Sourdrille,CC,1,10,CC23,"H,1,10,H23","13,3,92","Q:3 T:15:00 SPOT:H,H35,N","Start of 3rd quarter, clock 15:00, CC ball on CC35.","H,1,10,H35",#,NA,15:00,NA,NA,NA,NA,NA,13,H,CC,"INT,2,00:00,23","HALF,2,00:00,23",0,0,0:00,INT,2,00:00,CC23,HALF,2,00:00,CC23,NA
CCBD2102,BD,CC,Barcelona Dragons,Cologne Centurions,6/27/2021,Cologne,Suedstadion Koeln,15:00,,Y,-,2500,26C,14 kmh,sunny-partly cloudy,T.Denker,T.Graage,R.Lewis,M.Exposito,A.Flaisch,M.offmann,A.Sourdrille,CC,1,10,CC35,"H,1,10,H35","13,4,93","KO:2,V34 FC:80","D. Schuhmacher kickoff 31 yards to the BD34, fair catch by J. Torrededia.","V,1,10,V34",K,NA,NA,NA,NA,NA,NA,NA,13,H,CC,"INT,2,00:00,23","HALF,2,00:00,23",0,0,0:00,INT,2,00:00,CC23,HALF,2,00:00,CC23,NA
CCBD2102,BD,CC,Barcelona Dragons,Cologne Centurions,6/27/2021,Cologne,Suedstadion Koeln,15:00,,Y,-,2500,26C,14 kmh,sunny-partly cloudy,T.Denker,T.Graage,R.Lewis,M.Exposito,A.Flaisch,M.offmann,A.Sourdrille,BD,1,10,BD34,"V,1,10,V34","14,1,94","{DRIVE}:15:00 RUSH:3,V38, TACK:25","BARCELONA DRAGONS drive start at 15:00, A. Jimenez rush for 4 yards to the BD38 (25).","V,2,6,V38",R,NA,15:00,NA,NA,NA,NA,NA,14,V,BD,"KO,3,15:00,34","TD,3,11:32,100",7,66,3:28,KO,3,15:00,BD34,TD,3,11:32,CC00,NA
CCBD2102,BD,CC,Barcelona Dragons,Cologne Centurions,6/27/2021,Cologne,Suedstadion Koeln,15:00,,Y,-,2500,26C,14 kmh,sunny-partly cloudy,T.Denker,T.Graage,R.Lewis,M.Exposito,A.Flaisch,M.offmann,A.Sourdrille,BD,2,6,BD38,"V,2,6,V38","14,2,95","PASS:1,C,4,V45","Z. Edwards pass complete to R. Bertellin for 7 yards to the BD45, 1ST DOWN BD.","V,1,10,V45",P,P,NA,NA,NA,NA,NA,NA,14,V,BD,"KO,3,15:00,34","TD,3,11:32,100",7,66,3:28,KO,3,15:00,BD34,TD,3,11:32,CC00,NA
CCBD2102,BD,CC,Barcelona Dragons,Cologne Centurions,6/27/2021,Cologne,Suedstadion Koeln,15:00,,Y,-,2500,26C,14 kmh,sunny-partly cloudy,T.Denker,T.Graage,R.Lewis,M.Exposito,A.Flaisch,M.offmann,A.Sourdrille,BD,1,10,BD45,"V,1,10,V45","14,3,96","RUSH:3,V40, TACK:42",A. Jimenez rush for loss of 5 yards to the BD40 (42).,"V,2,15,V40",R,NA,NA,NA,NA,NA,NA,NA,14,V,BD,"KO,3,15:00,34","TD,3,11:32,100",7,66,3:28,KO,3,15:00,BD34,TD,3,11:32,CC00,NA
CCBD2102,BD,CC,Barcelona Dragons,Cologne Centurions,6/27/2021,Cologne,Suedstadion Koeln,15:00,,Y,-,2500,26C,14 kmh,sunny-partly cloudy,T.Denker,T.Graage,R.Lewis,M.Exposito,A.Flaisch,M.offmann,A.Sourdrille,BD,2,15,BD40,"V,2,15,V40","14,4,97","PASS:1,C,5,H38 TACK:20","Z. Edwards pass complete to J. Constant for 22 yards to the CC38, 1ST DOWN BD (J. Seibel).","V,1,10,H38",P,P,NA,NA,NA,NA,NA,NA,14,V,BD,"KO,3,15:00,34","TD,3,11:32,100",7,66,3:28,KO,3,15:00,BD34,TD,3,11:32,CC00,NA
CCBD2102,BD,CC,Barcelona Dragons,Cologne Centurions,6/27/2021,Cologne,Suedstadion Koeln,15:00,,Y,-,2500,26C,14 kmh,sunny-partly cloudy,T.Denker,T.Graage,R.Lewis,M.Exposito,A.Flaisch,M.offmann,A.Sourdrille,BD,1,10,CC38,"V,1,10,H38","14,5,98","PASS:1,C,15,H22 TACK:24","Z. Edwards pass complete to M. Flores for 16 yards to the CC22, 1ST DOWN BD (D. Jacobs).","V,1,10,H22",P,P,NA,NA,NA,NA,NA,NA,14,V,BD,"KO,3,15:00,34","TD,3,11:32,100",7,66,3:28,KO,3,15:00,BD34,TD,3,11:32,CC00,NA
CCBD2102,BD,CC,Barcelona Dragons,Cologne Centurions,6/27/2021,Cologne,Suedstadion Koeln,15:00,,Y,-,2500,26C,14 kmh,sunny-partly cloudy,T.Denker,T.Graage,R.Lewis,M.Exposito,A.Flaisch,M.offmann,A.Sourdrille,BD,1,10,CC22,"V,1,10,H22","14,6,99","RUSH:17,H24, TACK:58",A. Herrero rush for loss of 2 yards to the CC24 (L. Weitz).,"V,2,12,H24",R,NA,NA,NA,NA,NA,NA,NA,14,V,BD,"KO,3,15:00,34","TD,3,11:32,100",7,66,3:28,KO,3,15:00,BD34,TD,3,11:32,CC00,NA
CCBD2102,BD,CC,Barcelona Dragons,Cologne Centurions,6/27/2021,Cologne,Suedstadion Koeln,15:00,,Y,-,2500,26C,14 kmh,sunny-partly cloudy,T.Denker,T.Graage,R.Lewis,M.Exposito,A.Flaisch,M.offmann,A.Sourdrille,BD,2,12,CC24,"V,2,12,H24","14,7,100","PASS:1,C,15,H00 T:11:32","Z. Edwards pass complete to M. Flores for 24 yards to the CC0, 1ST DOWN BD, TOUCHDOWN, clock 11:32.","V,1,10,H15",P,P,11:32,NA,Y,6,14,NA,14,V,BD,"KO,3,15:00,34","TD,3,11:32,100",7,66,3:28,KO,3,15:00,BD34,TD,3,11:32,CC00,NA
CCBD2102,BD,CC,Barcelona Dragons,Cologne Centurions,6/27/2021,Cologne,Suedstadion Koeln,15:00,,Y,-,2500,26C,14 kmh,sunny-partly cloudy,T.Denker,T.Graage,R.Lewis,M.Exposito,A.Flaisch,M.offmann,A.Sourdrille,BD,1,10,CC15,"V,1,10,H15","14,8,101","PAT:P,1,M PEN:H,PI,A,58,H01,N NOPLAY: PAT:R,4,M","Z. Edwards pass attempt failed, PENALTY CC pass interference (L. Weitz) 14 yards to the CC1, 1ST DOWN BD, NO PLAY, R. Bertellin rush attempt failed.","V,1,0,V35",X,E,NA,NA,NA,NA,NA,NA,14,V,BD,"KO,3,15:00,34","TD,3,11:32,100",7,66,3:28,KO,3,15:00,BD34,TD,3,11:32,CC00,NA
CCBD2102,BD,CC,Barcelona Dragons,Cologne Centurions,6/27/2021,Cologne,Suedstadion Koeln,15:00,,Y,-,2500,26C,14 kmh,sunny-partly cloudy,T.Denker,T.Graage,R.Lewis,M.Exposito,A.Flaisch,M.offmann,A.Sourdrille,BD,1,0,BD35,"V,1,0,V35","14,9,102","KO:85,H05 RET:1,H35 TACK:43,55","J. Llinas kickoff 60 yards to the CC5, Q. Pounds return 30 yards to the CC35 (V. Albarracin;I. Guiterrez).","H,1,10,H35",K,NA,NA,NA,NA,NA,NA,NA,14,V,BD,"KO,3,15:00,34","TD,3,11:32,100",7,66,3:28,KO,3,15:00,BD34,TD,3,11:32,CC00,NA
CCBD2102,BD,CC,Barcelona Dragons,Cologne Centurions,6/27/2021,Cologne,Suedstadion Koeln,15:00,,Y,-,2500,26C,14 kmh,sunny-partly cloudy,T.Denker,T.Graage,R.Lewis,M.Exposito,A.Flaisch,M.offmann,A.Sourdrille,CC,1,10,CC35,"H,1,10,H35","15,1,103",{DRIVE}:11:23,COLOGNE CENTURIONS drive start at 11:23.,"H,1,10,H35",NA,NA,11:23,NA,NA,NA,NA,NA,15,H,CC,"KO,3,11:23,35","TD,3,11:03,100",1,65,0:20,KO,3,11:23,CC35,TD,3,11:03,BD00,NA
CCBD2102,BD,CC,Barcelona Dragons,Cologne Centurions,6/27/2021,Cologne,Suedstadion Koeln,15:00,,Y,-,2500,26C,14 kmh,sunny-partly cloudy,T.Denker,T.Graage,R.Lewis,M.Exposito,A.Flaisch,M.offmann,A.Sourdrille,CC,1,10,CC35,"H,1,10,H35","15,2,104","RUSH:28,V00, T:11:03","M. London rush for 65 yards to the BD0, 1ST DOWN CC, TOUCHDOWN, clock 11:03.","H,1,10,V15",R,R,11:03,NA,Y,6,20,NA,15,H,CC,"KO,3,11:23,35","TD,3,11:03,100",1,65,0:20,KO,3,11:23,CC35,TD,3,11:03,BD00,NA
CCBD2102,BD,CC,Barcelona Dragons,Cologne Centurions,6/27/2021,Cologne,Suedstadion Koeln,15:00,,Y,-,2500,26C,14 kmh,sunny-partly cloudy,T.Denker,T.Graage,R.Lewis,M.Exposito,A.Flaisch,M.offmann,A.Sourdrille,CC,1,10,BD15,"H,1,10,V15","15,3,105","PAT:K,2,G",D. Schuhmacher kick attempt good.,"H,1,0,H35",X,NA,NA,NA,Y,6,21,NA,15,H,CC,"KO,3,11:23,35","TD,3,11:03,100",1,65,0:20,KO,3,11:23,CC35,TD,3,11:03,BD00,NA
CCBD2102,BD,CC,Barcelona Dragons,Cologne Centurions,6/27/2021,Cologne,Suedstadion Koeln,15:00,,Y,-,2500,26C,14 kmh,sunny-partly cloudy,T.Denker,T.Graage,R.Lewis,M.Exposito,A.Flaisch,M.offmann,A.Sourdrille,CC,1,0,CC35,"H,1,0,H35","15,4,106","KO:2,V00 TB:","D. Schuhmacher kickoff 65 yards to the BD0, touchback.","V,1,10,V25",K,NA,NA,NA,NA,NA,NA,NA,15,H,CC,"KO,3,11:23,35","TD,3,11:03,100",1,65,0:20,KO,3,11:23,CC35,TD,3,11:03,BD00,NA
CCBD2102,BD,CC,Barcelona Dragons,Cologne Centurions,6/27/2021,Cologne,Suedstadion Koeln,15:00,,Y,-,2500,26C,14 kmh,sunny-partly cloudy,T.Denker,T.Graage,R.Lewis,M.Exposito,A.Flaisch,M.offmann,A.Sourdrille,BD,1,10,BD25,"V,1,10,V25","16,1,107","{DRIVE}:11:03 RUSH:4,V05, TACK:44","BARCELONA DRAGONS drive start at 11:03, R. Bertellin rush for loss of 20 yards to the BD5 (M. Kensy).","V,2,30,V05",R,NA,11:03,NA,NA,NA,NA,NA,16,V,BD,"KO,3,11:03,25","PUNT,3,06:00,23",8,-2,5:03,KO,3,11:03,BD25,PUNT,3,06:00,BD23,NA
CCBD2102,BD,CC,Barcelona Dragons,Cologne Centurions,6/27/2021,Cologne,Suedstadion Koeln,15:00,,Y,-,2500,26C,14 kmh,sunny-partly cloudy,T.Denker,T.Graage,R.Lewis,M.Exposito,A.Flaisch,M.offmann,A.Sourdrille,BD,2,30,BD05,"V,2,30,V05","16,2,108","PASS:1,I,5,*",Z. Edwards pass incomplete to J. Constant.,"V,3,30,V05",P,NA,NA,NA,NA,NA,NA,NA,16,V,BD,"KO,3,11:03,25","PUNT,3,06:00,23",8,-2,5:03,KO,3,11:03,BD25,PUNT,3,06:00,BD23,NA
CCBD2102,BD,CC,Barcelona Dragons,Cologne Centurions,6/27/2021,Cologne,Suedstadion Koeln,15:00,,Y,-,2500,26C,14 kmh,sunny-partly cloudy,T.Denker,T.Graage,R.Lewis,M.Exposito,A.Flaisch,M.offmann,A.Sourdrille,BD,3,30,BD05,"V,3,30,V05","16,3,109","PEN:H,UH,A,3,V10,1","PENALTY CC illegal use of hands (J. Voelker) 5 yards to the BD10, 1ST DOWN BD.","V,1,10,V10",E,E,NA,NA,NA,NA,NA,NA,16,V,BD,"KO,3,11:03,25","PUNT,3,06:00,23",8,-2,5:03,KO,3,11:03,BD25,PUNT,3,06:00,BD23,NA
CCBD2102,BD,CC,Barcelona Dragons,Cologne Centurions,6/27/2021,Cologne,Suedstadion Koeln,15:00,,Y,-,2500,26C,14 kmh,sunny-partly cloudy,T.Denker,T.Graage,R.Lewis,M.Exposito,A.Flaisch,M.offmann,A.Sourdrille,BD,1,10,BD10,"V,1,10,V10","16,4,110","RUSH:24,V11, TACK:91",J. Castanon rush for 1 yard to the BD11 (R. Sellung).,"V,2,9,V11",R,NA,NA,NA,NA,NA,NA,NA,16,V,BD,"KO,3,11:03,25","PUNT,3,06:00,23",8,-2,5:03,KO,3,11:03,BD25,PUNT,3,06:00,BD23,NA
CCBD2102,BD,CC,Barcelona Dragons,Cologne Centurions,6/27/2021,Cologne,Suedstadion Koeln,15:00,,Y,-,2500,26C,14 kmh,sunny-partly cloudy,T.Denker,T.Graage,R.Lewis,M.Exposito,A.Flaisch,M.offmann,A.Sourdrille,BD,2,9,BD11,"V,2,9,V11","16,5,111","PASS:1,C,80,V17 TACK:20",Z. Edwards pass complete to J. Torrededia for 6 yards to the BD17 (J. Seibel).,"V,3,3,V17",P,NA,NA,NA,NA,NA,NA,NA,16,V,BD,"KO,3,11:03,25","PUNT,3,06:00,23",8,-2,5:03,KO,3,11:03,BD25,PUNT,3,06:00,BD23,NA
CCBD2102,BD,CC,Barcelona Dragons,Cologne Centurions,6/27/2021,Cologne,Suedstadion Koeln,15:00,,Y,-,2500,26C,14 kmh,sunny-partly cloudy,T.Denker,T.Graage,R.Lewis,M.Exposito,A.Flaisch,M.offmann,A.Sourdrille,BD,3,3,BD17,"V,3,3,V17","16,6,112","PASS:1,C,15,V31 OB:","Z. Edwards pass complete to M. Flores for 14 yards to the BD31, 1ST DOWN BD, out-of-bounds.","V,1,10,V31",P,P,NA,NA,NA,NA,NA,Y,16,V,BD,"KO,3,11:03,25","PUNT,3,06:00,23",8,-2,5:03,KO,3,11:03,BD25,PUNT,3,06:00,BD23,NA
CCBD2102,BD,CC,Barcelona Dragons,Cologne Centurions,6/27/2021,Cologne,Suedstadion Koeln,15:00,,Y,-,2500,26C,14 kmh,sunny-partly cloudy,T.Denker,T.Graage,R.Lewis,M.Exposito,A.Flaisch,M.offmann,A.Sourdrille,BD,1,10,BD31,"V,1,10,V31","16,7,113","RUSH:24,V32, TACK:53",J. Castanon rush for 1 yard to the BD32 (53).,"V,2,9,V32",R,NA,NA,NA,NA,NA,NA,NA,16,V,BD,"KO,3,11:03,25","PUNT,3,06:00,23",8,-2,5:03,KO,3,11:03,BD25,PUNT,3,06:00,BD23,NA
CCBD2102,BD,CC,Barcelona Dragons,Cologne Centurions,6/27/2021,Cologne,Suedstadion Koeln,15:00,,Y,-,2500,26C,14 kmh,sunny-partly cloudy,T.Denker,T.Graage,R.Lewis,M.Exposito,A.Flaisch,M.offmann,A.Sourdrille,BD,2,9,BD32,"V,2,9,V32","16,8,114","RUSH:1,V30, TACK:48",Z. Edwards rush for loss of 2 yards to the BD30 (K. Bongaerts).,"V,3,11,V30",R,NA,NA,NA,NA,NA,NA,NA,16,V,BD,"KO,3,11:03,25","PUNT,3,06:00,23",8,-2,5:03,KO,3,11:03,BD25,PUNT,3,06:00,BD23,NA
CCBD2102,BD,CC,Barcelona Dragons,Cologne Centurions,6/27/2021,Cologne,Suedstadion Koeln,15:00,,Y,-,2500,26C,14 kmh,sunny-partly cloudy,T.Denker,T.Graage,R.Lewis,M.Exposito,A.Flaisch,M.offmann,A.Sourdrille,BD,3,11,BD30,"V,3,11,V30","16,9,115","PEN:V,BL,A,15,V15,N",PENALTY BD illegal block (M. Flores) 15 yards to the BD15.,"V,3,26,V15",E,NA,NA,NA,NA,NA,NA,NA,16,V,BD,"KO,3,11:03,25","PUNT,3,06:00,23",8,-2,5:03,KO,3,11:03,BD25,PUNT,3,06:00,BD23,NA
CCBD2102,BD,CC,Barcelona Dragons,Cologne Centurions,6/27/2021,Cologne,Suedstadion Koeln,15:00,,Y,-,2500,26C,14 kmh,sunny-partly cloudy,T.Denker,T.Graage,R.Lewis,M.Exposito,A.Flaisch,M.offmann,A.Sourdrille,BD,3,26,BD15,"V,3,26,V15","16,10,116","RUSH:3,V23, TACK:24",A. Jimenez rush for 8 yards to the BD23 (D. Jacobs).,"V,4,18,V23",R,NA,NA,NA,NA,NA,NA,NA,16,V,BD,"KO,3,11:03,25","PUNT,3,06:00,23",8,-2,5:03,KO,3,11:03,BD25,PUNT,3,06:00,BD23,NA
CCBD2102,BD,CC,Barcelona Dragons,Cologne Centurions,6/27/2021,Cologne,Suedstadion Koeln,15:00,,Y,-,2500,26C,14 kmh,sunny-partly cloudy,T.Denker,T.Graage,R.Lewis,M.Exposito,A.Flaisch,M.offmann,A.Sourdrille,BD,4,18,BD23,"V,4,18,V23","16,11,117","PUNT:18,H48 RET:24,V28","C. Maser punt 29 yards to the CC48, D. Jacobs return 24 yards to the BD28.","H,1,10,V28",U,NA,NA,NA,NA,NA,NA,NA,16,V,BD,"KO,3,11:03,25","PUNT,3,06:00,23",8,-2,5:03,KO,3,11:03,BD25,PUNT,3,06:00,BD23,NA
CCBD2102,BD,CC,Barcelona Dragons,Cologne Centurions,6/27/2021,Cologne,Suedstadion Koeln,15:00,,Y,-,2500,26C,14 kmh,sunny-partly cloudy,T.Denker,T.Graage,R.Lewis,M.Exposito,A.Flaisch,M.offmann,A.Sourdrille,CC,1,10,BD28,"H,1,10,V28","17,1,118","{DRIVE}:06:00 PEN:H,BL,A,52,V43,N NOPLAY:","COLOGNE CENTURIONS drive start at 06:00, PENALTY CC illegal block (A. Boes) 15 yards to the BD43, NO PLAY.","H,1,25,V43",E,NA,NA,NA,NA,NA,NA,NA,17,H,CC,"PUNT,3,06:00,57","TD,3,03:58,100",4,43,2:02,PUNT,3,06:00,BD43,TD,3,03:58,BD00,1
CCBD2102,BD,CC,Barcelona Dragons,Cologne Centurions,6/27/2021,Cologne,Suedstadion Koeln,15:00,,Y,-,2500,26C,14 kmh,sunny-partly cloudy,T.Denker,T.Graage,R.Lewis,M.Exposito,A.Flaisch,M.offmann,A.Sourdrille,CC,1,25,BD43,"H,1,25,V43","17,2,119","{DRIVE}:06:00 SPOT:H,V43,Y RUSH:28,V41, TACK:11,25","COLOGNE CENTURIONS drive start at 06:00, CC ball on BD43, M. London rush for 2 yards to the BD41 (B. Brooks;N. Lester).","H,2,23,V41",R,NA,06:00,NA,NA,NA,NA,NA,17,H,CC,"PUNT,3,06:00,57","TD,3,03:58,100",4,43,2:02,PUNT,3,06:00,BD43,TD,3,03:58,BD00,1
CCBD2102,BD,CC,Barcelona Dragons,Cologne Centurions,6/27/2021,Cologne,Suedstadion Koeln,15:00,,Y,-,2500,26C,14 kmh,sunny-partly cloudy,T.Denker,T.Graage,R.Lewis,M.Exposito,A.Flaisch,M.offmann,A.Sourdrille,CC,2,23,BD41,"H,2,23,V41","17,3,120","RUSH:28,V2, TACK:90","M. London rush for 39 yards to the BD2, 1ST DOWN CC (A. Fernandez).","H,1,0,V02",R,R,NA,NA,NA,NA,NA,NA,17,H,CC,"PUNT,3,06:00,57","TD,3,03:58,100",4,43,2:02,PUNT,3,06:00,BD43,TD,3,03:58,BD00,1
CCBD2102,BD,CC,Barcelona Dragons,Cologne Centurions,6/27/2021,Cologne,Suedstadion Koeln,15:00,,Y,-,2500,26C,14 kmh,sunny-partly cloudy,T.Denker,T.Graage,R.Lewis,M.Exposito,A.Flaisch,M.offmann,A.Sourdrille,CC,1,0,BD02,"H,1,0,V02","17,4,121","RUSH:43,V01, TACK:90",P. Poetsch rush for 1 yard to the BD1 (A. Fernandez).,"H,2,0,V01",R,NA,NA,NA,NA,NA,NA,NA,17,H,CC,"PUNT,3,06:00,57","TD,3,03:58,100",4,43,2:02,PUNT,3,06:00,BD43,TD,3,03:58,BD00,1
CCBD2102,BD,CC,Barcelona Dragons,Cologne Centurions,6/27/2021,Cologne,Suedstadion Koeln,15:00,,Y,-,2500,26C,14 kmh,sunny-partly cloudy,T.Denker,T.Graage,R.Lewis,M.Exposito,A.Flaisch,M.offmann,A.Sourdrille,CC,2,0,BD01,"H,2,0,V01","17,5,122","RUSH:12,V00, T:03:58 PAT:K,2,M","J. Weinreich rush for 1 yard to the BD0, 1ST DOWN CC, TOUCHDOWN, clock 03:58, D. Schuhmacher kick attempt failed.","H,1,0,H35",X,R,03:58,NA,Y,6,27,NA,17,H,CC,"PUNT,3,06:00,57","TD,3,03:58,100",4,43,2:02,PUNT,3,06:00,BD43,TD,3,03:58,BD00,1
CCBD2102,BD,CC,Barcelona Dragons,Cologne Centurions,6/27/2021,Cologne,Suedstadion Koeln,15:00,,Y,-,2500,26C,14 kmh,sunny-partly cloudy,T.Denker,T.Graage,R.Lewis,M.Exposito,A.Flaisch,M.offmann,A.Sourdrille,CC,1,0,CC35,"H,1,0,H35","17,6,123","KO:2,V18 FC:82","D. Schuhmacher kickoff 47 yards to the BD18, fair catch by J. H.-Ezquerra.","V,1,10,V25",K,NA,NA,NA,NA,NA,NA,NA,17,H,CC,"PUNT,3,06:00,57","TD,3,03:58,100",4,43,2:02,PUNT,3,06:00,BD43,TD,3,03:58,BD00,1
CCBD2102,BD,CC,Barcelona Dragons,Cologne Centurions,6/27/2021,Cologne,Suedstadion Koeln,15:00,,Y,-,2500,26C,14 kmh,sunny-partly cloudy,T.Denker,T.Graage,R.Lewis,M.Exposito,A.Flaisch,M.offmann,A.Sourdrille,BD,1,10,BD25,"V,1,10,V25","18,1,124","{DRIVE}:03:58 SPOT:V,V18,Y","BARCELONA DRAGONS drive start at 03:58, BD ball on BD18.","V,1,10,V18",NA,NA,03:58,NA,NA,NA,NA,NA,18,V,BD,"KO,3,03:58,18","TD,3,01:10,100",8,82,2:48,KO,3,03:58,BD18,TD,3,01:10,CC00,NA
CCBD2102,BD,CC,Barcelona Dragons,Cologne Centurions,6/27/2021,Cologne,Suedstadion Koeln,15:00,,Y,-,2500,26C,14 kmh,sunny-partly cloudy,T.Denker,T.Graage,R.Lewis,M.Exposito,A.Flaisch,M.offmann,A.Sourdrille,BD,1,10,BD18,"V,1,10,V18","18,2,125","PASS:1,C,4,V21 TACK:22,45",Z. Edwards pass complete to R. Bertellin for 3 yards to the BD21 (T. Yagmur;45).,"V,2,7,V21",P,NA,NA,NA,NA,NA,NA,NA,18,V,BD,"KO,3,03:58,18","TD,3,01:10,100",8,82,2:48,KO,3,03:58,BD18,TD,3,01:10,CC00,NA
CCBD2102,BD,CC,Barcelona Dragons,Cologne Centurions,6/27/2021,Cologne,Suedstadion Koeln,15:00,,Y,-,2500,26C,14 kmh,sunny-partly cloudy,T.Denker,T.Graage,R.Lewis,M.Exposito,A.Flaisch,M.offmann,A.Sourdrille,BD,2,7,BD21,"V,2,7,V21","18,3,126","PASS:1,I,4,*",Z. Edwards pass incomplete to R. Bertellin.,"V,3,7,V21",P,NA,NA,NA,NA,NA,NA,NA,18,V,BD,"KO,3,03:58,18","TD,3,01:10,100",8,82,2:48,KO,3,03:58,BD18,TD,3,01:10,CC00,NA
CCBD2102,BD,CC,Barcelona Dragons,Cologne Centurions,6/27/2021,Cologne,Suedstadion Koeln,15:00,,Y,-,2500,26C,14 kmh,sunny-partly cloudy,T.Denker,T.Graage,R.Lewis,M.Exposito,A.Flaisch,M.offmann,A.Sourdrille,BD,3,7,BD21,"V,3,7,V21","18,4,127","PASS:1,C,4,V35 TACK:31","Z. Edwards pass complete to R. Bertellin for 14 yards to the BD35, 1ST DOWN BD (D. Lamy).","V,1,10,V35",P,P,NA,NA,NA,NA,NA,NA,18,V,BD,"KO,3,03:58,18","TD,3,01:10,100",8,82,2:48,KO,3,03:58,BD18,TD,3,01:10,CC00,NA
CCBD2102,BD,CC,Barcelona Dragons,Cologne Centurions,6/27/2021,Cologne,Suedstadion Koeln,15:00,,Y,-,2500,26C,14 kmh,sunny-partly cloudy,T.Denker,T.Graage,R.Lewis,M.Exposito,A.Flaisch,M.offmann,A.Sourdrille,BD,1,10,BD35,"V,1,10,V35","18,5,128","PEN:H,12,A,TM,V40,N",PENALTY CC 12 men on the field 5 yards to the BD40.,"V,1,5,V40",E,NA,NA,NA,NA,NA,NA,NA,18,V,BD,"KO,3,03:58,18","TD,3,01:10,100",8,82,2:48,KO,3,03:58,BD18,TD,3,01:10,CC00,NA
CCBD2102,BD,CC,Barcelona Dragons,Cologne Centurions,6/27/2021,Cologne,Suedstadion Koeln,15:00,,Y,-,2500,26C,14 kmh,sunny-partly cloudy,T.Denker,T.Graage,R.Lewis,M.Exposito,A.Flaisch,M.offmann,A.Sourdrille,BD,1,5,BD40,"V,1,5,V40","18,6,129","PASS:1,I,15,*",Z. Edwards pass incomplete to M. Flores.,"V,2,5,V40",P,NA,NA,NA,NA,NA,NA,NA,18,V,BD,"KO,3,03:58,18","TD,3,01:10,100",8,82,2:48,KO,3,03:58,BD18,TD,3,01:10,CC00,NA
CCBD2102,BD,CC,Barcelona Dragons,Cologne Centurions,6/27/2021,Cologne,Suedstadion Koeln,15:00,,Y,-,2500,26C,14 kmh,sunny-partly cloudy,T.Denker,T.Graage,R.Lewis,M.Exposito,A.Flaisch,M.offmann,A.Sourdrille,BD,2,5,BD40,"V,2,5,V40","18,7,130","RUSH:3,V46, TACK:24","A. Jimenez rush for 6 yards to the BD46, 1ST DOWN BD (D. Jacobs).","V,1,10,V46",R,R,NA,NA,NA,NA,NA,NA,18,V,BD,"KO,3,03:58,18","TD,3,01:10,100",8,82,2:48,KO,3,03:58,BD18,TD,3,01:10,CC00,NA
CCBD2102,BD,CC,Barcelona Dragons,Cologne Centurions,6/27/2021,Cologne,Suedstadion Koeln,15:00,,Y,-,2500,26C,14 kmh,sunny-partly cloudy,T.Denker,T.Graage,R.Lewis,M.Exposito,A.Flaisch,M.offmann,A.Sourdrille,BD,1,10,BD46,"V,1,10,V46","18,8,131","PASS:1,C,3,H49 TACK:22",Z. Edwards pass complete to A. Jimenez for 5 yards to the CC49 (T. Yagmur).,"V,2,5,H49",P,NA,NA,NA,NA,NA,NA,NA,18,V,BD,"KO,3,03:58,18","TD,3,01:10,100",8,82,2:48,KO,3,03:58,BD18,TD,3,01:10,CC00,NA
CCBD2102,BD,CC,Barcelona Dragons,Cologne Centurions,6/27/2021,Cologne,Suedstadion Koeln,15:00,,Y,-,2500,26C,14 kmh,sunny-partly cloudy,T.Denker,T.Graage,R.Lewis,M.Exposito,A.Flaisch,M.offmann,A.Sourdrille,BD,2,5,CC49,"V,2,5,H49","18,9,132","PASS:1,C,5,H25 OB: TACK:23","Z. Edwards pass complete to J. Constant for 24 yards to the CC25, 1ST DOWN BD, out-of-bounds (T. Janssen).","V,1,10,H25",P,P,NA,NA,NA,NA,NA,Y,18,V,BD,"KO,3,03:58,18","TD,3,01:10,100",8,82,2:48,KO,3,03:58,BD18,TD,3,01:10,CC00,NA
CCBD2102,BD,CC,Barcelona Dragons,Cologne Centurions,6/27/2021,Cologne,Suedstadion Koeln,15:00,,Y,-,2500,26C,14 kmh,sunny-partly cloudy,T.Denker,T.Graage,R.Lewis,M.Exposito,A.Flaisch,M.offmann,A.Sourdrille,BD,1,10,CC25,"V,1,10,H25","18,10,133","PASS:1,C,4,H00 T:01:10 PEN:V,DG,A,1,H30,N PAT:K,85,B BLOCK:20","Z. Edwards pass complete to R. Bertellin for 25 yards to the CC0, 1ST DOWN BD, TOUCHDOWN, clock 01:10, PENALTY BD delay of game (Z. Edwards) 15 yards to the CC30, J. Llinas kick attempt failed (blocked) (blocked by J. Seibel).","V,1,0,V35",X,P,01:10,NA,Y,12,27,NA,18,V,BD,"KO,3,03:58,18","TD,3,01:10,100",8,82,2:48,KO,3,03:58,BD18,TD,3,01:10,CC00,NA
CCBD2102,BD,CC,Barcelona Dragons,Cologne Centurions,6/27/2021,Cologne,Suedstadion Koeln,15:00,,Y,-,2500,26C,14 kmh,sunny-partly cloudy,T.Denker,T.Graage,R.Lewis,M.Exposito,A.Flaisch,M.offmann,A.Sourdrille,BD,1,0,BD35,"V,1,0,V35","18,11,134","KO:85,H20 RET:28,H40","J. Llinas kickoff 45 yards to the CC20, M. London return 20 yards to the CC40.","H,1,10,H40",K,NA,NA,NA,NA,NA,NA,NA,18,V,BD,"KO,3,03:58,18","TD,3,01:10,100",8,82,2:48,KO,3,03:58,BD18,TD,3,01:10,CC00,NA
CCBD2102,BD,CC,Barcelona Dragons,Cologne Centurions,6/27/2021,Cologne,Suedstadion Koeln,15:00,,Y,-,2500,26C,14 kmh,sunny-partly cloudy,T.Denker,T.Graage,R.Lewis,M.Exposito,A.Flaisch,M.offmann,A.Sourdrille,CC,1,10,CC40,"H,1,10,H40","19,1,135",{DRIVE}:01:02,COLOGNE CENTURIONS drive start at 01:02.,"H,1,10,H40",NA,NA,01:02,NA,NA,NA,NA,NA,19,H,CC,"KO,3,01:02,40","TD,3,00:07,100",4,60,0:55,KO,3,01:02,CC40,TD,3,00:07,BD00,NA
CCBD2102,BD,CC,Barcelona Dragons,Cologne Centurions,6/27/2021,Cologne,Suedstadion Koeln,15:00,,Y,-,2500,26C,14 kmh,sunny-partly cloudy,T.Denker,T.Graage,R.Lewis,M.Exposito,A.Flaisch,M.offmann,A.Sourdrille,CC,1,10,CC40,"H,1,10,H40","19,2,136","RUSH:28,H45, TACK:11 PEN:V,UC,A,10,V40,N","M. London rush for 5 yards to the CC45 (B. Brooks), PENALTY BD unsportsmanlike conduct (C. Brugnani) 15 yards to the BD40, 1ST DOWN CC.","H,1,10,V40",R,E,NA,NA,NA,NA,NA,NA,19,H,CC,"KO,3,01:02,40","TD,3,00:07,100",4,60,0:55,KO,3,01:02,CC40,TD,3,00:07,BD00,NA
CCBD2102,BD,CC,Barcelona Dragons,Cologne Centurions,6/27/2021,Cologne,Suedstadion Koeln,15:00,,Y,-,2500,26C,14 kmh,sunny-partly cloudy,T.Denker,T.Graage,R.Lewis,M.Exposito,A.Flaisch,M.offmann,A.Sourdrille,CC,1,10,BD40,"H,1,10,V40","19,3,137","D:1,10",1st and 10.,"H,1,10,V40",NA,NA,NA,NA,NA,NA,NA,NA,19,H,CC,"KO,3,01:02,40","TD,3,00:07,100",4,60,0:55,KO,3,01:02,CC40,TD,3,00:07,BD00,NA
CCBD2102,BD,CC,Barcelona Dragons,Cologne Centurions,6/27/2021,Cologne,Suedstadion Koeln,15:00,,Y,-,2500,26C,14 kmh,sunny-partly cloudy,T.Denker,T.Graage,R.Lewis,M.Exposito,A.Flaisch,M.offmann,A.Sourdrille,CC,1,10,BD40,"H,1,10,V40","19,4,138","RUSH:28,V22, TACK:93","M. London rush for 18 yards to the BD22, 1ST DOWN CC (A. Pinheiro).","H,1,10,V22",R,R,NA,NA,NA,NA,NA,NA,19,H,CC,"KO,3,01:02,40","TD,3,00:07,100",4,60,0:55,KO,3,01:02,CC40,TD,3,00:07,BD00,NA
CCBD2102,BD,CC,Barcelona Dragons,Cologne Centurions,6/27/2021,Cologne,Suedstadion Koeln,15:00,,Y,-,2500,26C,14 kmh,sunny-partly cloudy,T.Denker,T.Graage,R.Lewis,M.Exposito,A.Flaisch,M.offmann,A.Sourdrille,CC,1,10,BD22,"H,1,10,V22","19,5,139","PEN:H,BL,A,63,V42,N",PENALTY CC illegal block (J.-N. Dalbeck) 20 yards to the BD42.,"H,1,30,V42",E,NA,NA,NA,NA,NA,NA,NA,19,H,CC,"KO,3,01:02,40","TD,3,00:07,100",4,60,0:55,KO,3,01:02,CC40,TD,3,00:07,BD00,NA
CCBD2102,BD,CC,Barcelona Dragons,Cologne Centurions,6/27/2021,Cologne,Suedstadion Koeln,15:00,,Y,-,2500,26C,14 kmh,sunny-partly cloudy,T.Denker,T.Graage,R.Lewis,M.Exposito,A.Flaisch,M.offmann,A.Sourdrille,CC,1,30,BD42,"H,1,30,V42","19,6,140","RUSH:28,V36,",M. London rush for 6 yards to the BD36.,"H,2,24,V36",R,NA,NA,NA,NA,NA,NA,NA,19,H,CC,"KO,3,01:02,40","TD,3,00:07,100",4,60,0:55,KO,3,01:02,CC40,TD,3,00:07,BD00,NA
CCBD2102,BD,CC,Barcelona Dragons,Cologne Centurions,6/27/2021,Cologne,Suedstadion Koeln,15:00,,Y,-,2500,26C,14 kmh,sunny-partly cloudy,T.Denker,T.Graage,R.Lewis,M.Exposito,A.Flaisch,M.offmann,A.Sourdrille,CC,2,24,BD36,"H,2,24,V36","19,7,141","RUSH:28,V00, T:00:07 PAT:K,2,M","M. London rush for 36 yards to the BD0, 1ST DOWN CC, TOUCHDOWN, clock 00:07, D. Schuhmacher kick attempt failed.","H,1,0,H35",X,R,00:07,NA,Y,12,33,NA,19,H,CC,"KO,3,01:02,40","TD,3,00:07,100",4,60,0:55,KO,3,01:02,CC40,TD,3,00:07,BD00,NA
CCBD2102,BD,CC,Barcelona Dragons,Cologne Centurions,6/27/2021,Cologne,Suedstadion Koeln,15:00,,Y,-,2500,26C,14 kmh,sunny-partly cloudy,T.Denker,T.Graage,R.Lewis,M.Exposito,A.Flaisch,M.offmann,A.Sourdrille,CC,1,0,CC35,"H,1,0,H35","19,8,142","KO:2,V28 RET:5,H23 TACK:30","D. Schuhmacher kickoff 37 yards to the BD28, J. Constant return 49 yards to the CC23 (M. Mbaye).","V,1,10,H23",K,NA,NA,NA,NA,NA,NA,NA,19,H,CC,"KO,3,01:02,40","TD,3,00:07,100",4,60,0:55,KO,3,01:02,CC40,TD,3,00:07,BD00,NA
CCBD2102,BD,CC,Barcelona Dragons,Cologne Centurions,6/27/2021,Cologne,Suedstadion Koeln,15:00,,Y,-,2500,26C,14 kmh,sunny-partly cloudy,T.Denker,T.Graage,R.Lewis,M.Exposito,A.Flaisch,M.offmann,A.Sourdrille,BD,1,10,CC23,"V,1,10,H23","20,1,143",{DRIVE}:00:00,BARCELONA DRAGONS drive start at 00:00.,"V,1,10,H23",NA,NA,00:00,NA,NA,NA,NA,NA,20,V,BD,"KO,3,00:00,77","DOWNS,4,11:59,92",7,15,3:01,KO,3,00:00,CC23,DOWNS,4,11:59,CC08,1
CCBD2102,BD,CC,Barcelona Dragons,Cologne Centurions,6/27/2021,Cologne,Suedstadion Koeln,15:00,,Y,-,2500,26C,14 kmh,sunny-partly cloudy,T.Denker,T.Graage,R.Lewis,M.Exposito,A.Flaisch,M.offmann,A.Sourdrille,BD,1,10,CC23,"V,1,10,H23","20,2,144",Q:4 T:15:00,"Start of 4th quarter, clock 15:00.","V,1,10,H23",#,NA,15:00,NA,NA,NA,NA,NA,20,V,BD,"KO,3,00:00,77","DOWNS,4,11:59,92",7,15,3:01,KO,3,00:00,CC23,DOWNS,4,11:59,CC08,1
CCBD2102,BD,CC,Barcelona Dragons,Cologne Centurions,6/27/2021,Cologne,Suedstadion Koeln,15:00,,Y,-,2500,26C,14 kmh,sunny-partly cloudy,T.Denker,T.Graage,R.Lewis,M.Exposito,A.Flaisch,M.offmann,A.Sourdrille,BD,1,10,CC23,"V,1,10,H23","20,3,145","PASS:1,C,4,H24 TACK:44",Z. Edwards pass complete to R. Bertellin for loss of 1 yard to the CC24 (M. Kensy).,"V,2,11,H24",P,NA,NA,NA,NA,NA,NA,NA,20,V,BD,"KO,3,00:00,77","DOWNS,4,11:59,92",7,15,3:01,KO,3,00:00,CC23,DOWNS,4,11:59,CC08,1
CCBD2102,BD,CC,Barcelona Dragons,Cologne Centurions,6/27/2021,Cologne,Suedstadion Koeln,15:00,,Y,-,2500,26C,14 kmh,sunny-partly cloudy,T.Denker,T.Graage,R.Lewis,M.Exposito,A.Flaisch,M.offmann,A.Sourdrille,BD,2,11,CC24,"V,2,11,H24","20,4,146","PASS:1,C,5,H15 TACK:24,9",Z. Edwards pass complete to J. Constant for 9 yards to the CC15 (D. Jacobs;C. Ezeala).,"V,3,2,H15",P,NA,NA,NA,NA,NA,NA,NA,20,V,BD,"KO,3,00:00,77","DOWNS,4,11:59,92",7,15,3:01,KO,3,00:00,CC23,DOWNS,4,11:59,CC08,1
CCBD2102,BD,CC,Barcelona Dragons,Cologne Centurions,6/27/2021,Cologne,Suedstadion Koeln,15:00,,Y,-,2500,26C,14 kmh,sunny-partly cloudy,T.Denker,T.Graage,R.Lewis,M.Exposito,A.Flaisch,M.offmann,A.Sourdrille,BD,3,2,CC15,"V,3,2,H15","20,5,147","PASS:1,C,86,H11 TACK:99","Z. Edwards pass complete to M. Emos for 4 yards to the CC11, 1ST DOWN BD (J. De Souza B.).","V,1,10,H11",P,P,NA,NA,NA,NA,NA,NA,20,V,BD,"KO,3,00:00,77","DOWNS,4,11:59,92",7,15,3:01,KO,3,00:00,CC23,DOWNS,4,11:59,CC08,1
CCBD2102,BD,CC,Barcelona Dragons,Cologne Centurions,6/27/2021,Cologne,Suedstadion Koeln,15:00,,Y,-,2500,26C,14 kmh,sunny-partly cloudy,T.Denker,T.Graage,R.Lewis,M.Exposito,A.Flaisch,M.offmann,A.Sourdrille,BD,1,10,CC11,"V,1,10,H11","20,6,148","RUSH:1,H08,",Z. Edwards rush for 3 yards to the CC8.,"V,2,7,H08",R,NA,NA,NA,NA,NA,NA,NA,20,V,BD,"KO,3,00:00,77","DOWNS,4,11:59,92",7,15,3:01,KO,3,00:00,CC23,DOWNS,4,11:59,CC08,1
CCBD2102,BD,CC,Barcelona Dragons,Cologne Centurions,6/27/2021,Cologne,Suedstadion Koeln,15:00,,Y,-,2500,26C,14 kmh,sunny-partly cloudy,T.Denker,T.Graage,R.Lewis,M.Exposito,A.Flaisch,M.offmann,A.Sourdrille,BD,2,7,CC08,"V,2,7,H08","20,7,149","PASS:1,I,5,* BRUP:23",Z. Edwards pass incomplete to J. Constant (T. Janssen).,"V,3,7,H08",P,NA,NA,NA,NA,NA,NA,NA,20,V,BD,"KO,3,00:00,77","DOWNS,4,11:59,92",7,15,3:01,KO,3,00:00,CC23,DOWNS,4,11:59,CC08,1
CCBD2102,BD,CC,Barcelona Dragons,Cologne Centurions,6/27/2021,Cologne,Suedstadion Koeln,15:00,,Y,-,2500,26C,14 kmh,sunny-partly cloudy,T.Denker,T.Graage,R.Lewis,M.Exposito,A.Flaisch,M.offmann,A.Sourdrille,BD,3,7,CC08,"V,3,7,H08","20,8,150","PEN:V,DG,A,1,H12,N",PENALTY BD delay of game (Z. Edwards) 4 yards to the CC12.,"V,3,11,H12",E,NA,NA,NA,NA,NA,NA,NA,20,V,BD,"KO,3,00:00,77","DOWNS,4,11:59,92",7,15,3:01,KO,3,00:00,CC23,DOWNS,4,11:59,CC08,1
CCBD2102,BD,CC,Barcelona Dragons,Cologne Centurions,6/27/2021,Cologne,Suedstadion Koeln,15:00,,Y,-,2500,26C,14 kmh,sunny-partly cloudy,T.Denker,T.Graage,R.Lewis,M.Exposito,A.Flaisch,M.offmann,A.Sourdrille,BD,3,11,CC12,"V,3,11,H12","20,9,151","RUSH:1,H08, TACK:3",Z. Edwards rush for 4 yards to the CC8 (J. Voelker).,"V,4,7,H08",R,NA,NA,NA,NA,NA,NA,NA,20,V,BD,"KO,3,00:00,77","DOWNS,4,11:59,92",7,15,3:01,KO,3,00:00,CC23,DOWNS,4,11:59,CC08,1
CCBD2102,BD,CC,Barcelona Dragons,Cologne Centurions,6/27/2021,Cologne,Suedstadion Koeln,15:00,,Y,-,2500,26C,14 kmh,sunny-partly cloudy,T.Denker,T.Graage,R.Lewis,M.Exposito,A.Flaisch,M.offmann,A.Sourdrille,BD,4,7,CC08,"V,4,7,H08","20,10,152","PASS:1,I,15,*",Z. Edwards pass incomplete to M. Flores.,"H,1,10,H08",P,NA,NA,NA,NA,NA,NA,NA,20,V,BD,"KO,3,00:00,77","DOWNS,4,11:59,92",7,15,3:01,KO,3,00:00,CC23,DOWNS,4,11:59,CC08,1
CCBD2102,BD,CC,Barcelona Dragons,Cologne Centurions,6/27/2021,Cologne,Suedstadion Koeln,15:00,,Y,-,2500,26C,14 kmh,sunny-partly cloudy,T.Denker,T.Graage,R.Lewis,M.Exposito,A.Flaisch,M.offmann,A.Sourdrille,CC,1,10,CC08,"H,1,10,H08","21,1,153",{DRIVE}:11:59,COLOGNE CENTURIONS drive start at 11:59.,"H,1,10,H08",NA,NA,11:59,NA,NA,NA,NA,NA,21,H,CC,"DOWNS,4,11:59,8","TD,4,09:42,100",4,92,2:17,DOWNS,4,11:59,CC08,TD,4,09:42,BD00,NA
CCBD2102,BD,CC,Barcelona Dragons,Cologne Centurions,6/27/2021,Cologne,Suedstadion Koeln,15:00,,Y,-,2500,26C,14 kmh,sunny-partly cloudy,T.Denker,T.Graage,R.Lewis,M.Exposito,A.Flaisch,M.offmann,A.Sourdrille,CC,1,10,CC08,"H,1,10,H08","21,2,154","RUSH:28,H08, TACK:23",M. London rush for no gain to the CC8 (J. Brugnani).,"H,2,10,H08",R,NA,NA,NA,NA,NA,NA,NA,21,H,CC,"DOWNS,4,11:59,8","TD,4,09:42,100",4,92,2:17,DOWNS,4,11:59,CC08,TD,4,09:42,BD00,NA
CCBD2102,BD,CC,Barcelona Dragons,Cologne Centurions,6/27/2021,Cologne,Suedstadion Koeln,15:00,,Y,-,2500,26C,14 kmh,sunny-partly cloudy,T.Denker,T.Graage,R.Lewis,M.Exposito,A.Flaisch,M.offmann,A.Sourdrille,CC,2,10,CC08,"H,2,10,H08","21,3,155","RUSH:28,H20, TACK:93","M. London rush for 12 yards to the CC20, 1ST DOWN CC (A. Pinheiro).","H,1,10,H20",R,R,NA,NA,NA,NA,NA,NA,21,H,CC,"DOWNS,4,11:59,8","TD,4,09:42,100",4,92,2:17,DOWNS,4,11:59,CC08,TD,4,09:42,BD00,NA
CCBD2102,BD,CC,Barcelona Dragons,Cologne Centurions,6/27/2021,Cologne,Suedstadion Koeln,15:00,,Y,-,2500,26C,14 kmh,sunny-partly cloudy,T.Denker,T.Graage,R.Lewis,M.Exposito,A.Flaisch,M.offmann,A.Sourdrille,CC,1,10,CC20,"H,1,10,H20","21,4,156","RUSH:43,H25,",P. Poetsch rush for 5 yards to the CC25.,"H,2,5,H25",R,NA,NA,NA,NA,NA,NA,NA,21,H,CC,"DOWNS,4,11:59,8","TD,4,09:42,100",4,92,2:17,DOWNS,4,11:59,CC08,TD,4,09:42,BD00,NA
CCBD2102,BD,CC,Barcelona Dragons,Cologne Centurions,6/27/2021,Cologne,Suedstadion Koeln,15:00,,Y,-,2500,26C,14 kmh,sunny-partly cloudy,T.Denker,T.Graage,R.Lewis,M.Exposito,A.Flaisch,M.offmann,A.Sourdrille,CC,2,5,CC25,"H,2,5,H25","21,5,157","RUSH:28,V00, T:09:42 PAT:K,2,G","M. London rush for 75 yards to the BD0, 1ST DOWN CC, TOUCHDOWN, clock 09:42, D. Schuhmacher kick attempt good.","H,1,0,H35",X,R,09:42,NA,Y,12,40,NA,21,H,CC,"DOWNS,4,11:59,8","TD,4,09:42,100",4,92,2:17,DOWNS,4,11:59,CC08,TD,4,09:42,BD00,NA
CCBD2102,BD,CC,Barcelona Dragons,Cologne Centurions,6/27/2021,Cologne,Suedstadion Koeln,15:00,,Y,-,2500,26C,14 kmh,sunny-partly cloudy,T.Denker,T.Graage,R.Lewis,M.Exposito,A.Flaisch,M.offmann,A.Sourdrille,CC,1,0,CC35,"H,1,0,H35","21,6,158","KO:2,V34 RET:4,V39","D. Schuhmacher kickoff 31 yards to the BD34, R. Bertellin return 5 yards to the BD39.","V,1,10,V39",K,NA,NA,NA,NA,NA,NA,NA,21,H,CC,"DOWNS,4,11:59,8","TD,4,09:42,100",4,92,2:17,DOWNS,4,11:59,CC08,TD,4,09:42,BD00,NA
CCBD2102,BD,CC,Barcelona Dragons,Cologne Centurions,6/27/2021,Cologne,Suedstadion Koeln,15:00,,Y,-,2500,26C,14 kmh,sunny-partly cloudy,T.Denker,T.Graage,R.Lewis,M.Exposito,A.Flaisch,M.offmann,A.Sourdrille,BD,1,10,BD39,"V,1,10,V39","22,1,159","{DRIVE}:09:37 PASS:1,I,24,*","BARCELONA DRAGONS drive start at 09:37, Z. Edwards pass incomplete to J. Castanon.","V,2,10,V39",P,NA,09:37,NA,NA,NA,NA,NA,22,H,CC,"KO,4,09:37,9","PUNT,4,04:56,9",7,0,4:41,KO,4,09:37,CC09,PUNT,4,04:56,CC09,NA
CCBD2102,BD,CC,Barcelona Dragons,Cologne Centurions,6/27/2021,Cologne,Suedstadion Koeln,15:00,,Y,-,2500,26C,14 kmh,sunny-partly cloudy,T.Denker,T.Graage,R.Lewis,M.Exposito,A.Flaisch,M.offmann,A.Sourdrille,BD,2,10,BD39,"V,2,10,V39","22,2,160","RUSH:1,V37, OB:","Z. Edwards rush for loss of 2 yards to the BD37, out-of-bounds.","V,3,12,V37",R,NA,NA,NA,NA,NA,NA,Y,22,H,CC,"KO,4,09:37,9","PUNT,4,04:56,9",7,0,4:41,KO,4,09:37,CC09,PUNT,4,04:56,CC09,NA
CCBD2102,BD,CC,Barcelona Dragons,Cologne Centurions,6/27/2021,Cologne,Suedstadion Koeln,15:00,,Y,-,2500,26C,14 kmh,sunny-partly cloudy,T.Denker,T.Graage,R.Lewis,M.Exposito,A.Flaisch,M.offmann,A.Sourdrille,BD,3,12,BD37,"V,3,12,V37","22,3,161","PASS:1,C,4,V47 TACK:24",Z. Edwards pass complete to R. Bertellin for 10 yards to the BD47 (D. Jacobs).,"V,4,2,V47",P,NA,NA,NA,NA,NA,NA,NA,22,H,CC,"KO,4,09:37,9","PUNT,4,04:56,9",7,0,4:41,KO,4,09:37,CC09,PUNT,4,04:56,CC09,NA
CCBD2102,BD,CC,Barcelona Dragons,Cologne Centurions,6/27/2021,Cologne,Suedstadion Koeln,15:00,,Y,-,2500,26C,14 kmh,sunny-partly cloudy,T.Denker,T.Graage,R.Lewis,M.Exposito,A.Flaisch,M.offmann,A.Sourdrille,BD,4,2,BD47,"V,4,2,V47","22,4,162","PASS:1,C,5,H38 TACK:20","Z. Edwards pass complete to J. Constant for 15 yards to the CC38, 1ST DOWN BD (J. Seibel).","V,1,10,H38",P,P,NA,NA,NA,NA,NA,NA,22,H,CC,"KO,4,09:37,9","PUNT,4,04:56,9",7,0,4:41,KO,4,09:37,CC09,PUNT,4,04:56,CC09,NA
CCBD2102,BD,CC,Barcelona Dragons,Cologne Centurions,6/27/2021,Cologne,Suedstadion Koeln,15:00,,Y,-,2500,26C,14 kmh,sunny-partly cloudy,T.Denker,T.Graage,R.Lewis,M.Exposito,A.Flaisch,M.offmann,A.Sourdrille,BD,1,10,CC38,"V,1,10,H38","22,5,163","PASS:1,I,15,*",Z. Edwards pass incomplete to M. Flores.,"V,2,10,H38",P,NA,NA,NA,NA,NA,NA,NA,22,H,CC,"KO,4,09:37,9","PUNT,4,04:56,9",7,0,4:41,KO,4,09:37,CC09,PUNT,4,04:56,CC09,NA
CCBD2102,BD,CC,Barcelona Dragons,Cologne Centurions,6/27/2021,Cologne,Suedstadion Koeln,15:00,,Y,-,2500,26C,14 kmh,sunny-partly cloudy,T.Denker,T.Graage,R.Lewis,M.Exposito,A.Flaisch,M.offmann,A.Sourdrille,BD,2,10,CC38,"V,2,10,H38","22,6,164","RUSH:3,H04, TACK:32","A. Jimenez rush for 34 yards to the CC4, 1ST DOWN BD (R. Grooten).","V,1,0,H04",R,R,NA,NA,NA,NA,NA,NA,22,H,CC,"KO,4,09:37,9","PUNT,4,04:56,9",7,0,4:41,KO,4,09:37,CC09,PUNT,4,04:56,CC09,NA
CCBD2102,BD,CC,Barcelona Dragons,Cologne Centurions,6/27/2021,Cologne,Suedstadion Koeln,15:00,,Y,-,2500,26C,14 kmh,sunny-partly cloudy,T.Denker,T.Graage,R.Lewis,M.Exposito,A.Flaisch,M.offmann,A.Sourdrille,BD,1,0,CC04,"V,1,0,H04","22,7,165","PEN:H,OS,A,TM,H02,N",PENALTY CC offside 2 yards to the CC2.,"V,1,0,H02",E,NA,NA,NA,NA,NA,NA,NA,22,H,CC,"KO,4,09:37,9","PUNT,4,04:56,9",7,0,4:41,KO,4,09:37,CC09,PUNT,4,04:56,CC09,NA
CCBD2102,BD,CC,Barcelona Dragons,Cologne Centurions,6/27/2021,Cologne,Suedstadion Koeln,15:00,,Y,-,2500,26C,14 kmh,sunny-partly cloudy,T.Denker,T.Graage,R.Lewis,M.Exposito,A.Flaisch,M.offmann,A.Sourdrille,BD,1,0,CC02,"V,1,0,H02","22,8,166","SPOT:H,H19,Y",CC ball on CC19.,"H,1,2,H19",NA,NA,NA,NA,NA,NA,NA,NA,22,H,CC,"KO,4,09:37,9","PUNT,4,04:56,9",7,0,4:41,KO,4,09:37,CC09,PUNT,4,04:56,CC09,NA
CCBD2102,BD,CC,Barcelona Dragons,Cologne Centurions,6/27/2021,Cologne,Suedstadion Koeln,15:00,,Y,-,2500,26C,14 kmh,sunny-partly cloudy,T.Denker,T.Graage,R.Lewis,M.Exposito,A.Flaisch,M.offmann,A.Sourdrille,CC,1,2,CC19,"H,1,2,H19","22,9,167","RUSH:4,H16,",G. Ngovo rush for loss of 3 yards to the CC16.,"H,2,5,H16",R,NA,NA,NA,NA,NA,NA,NA,22,H,CC,"KO,4,09:37,9","PUNT,4,04:56,9",7,0,4:41,KO,4,09:37,CC09,PUNT,4,04:56,CC09,NA
CCBD2102,BD,CC,Barcelona Dragons,Cologne Centurions,6/27/2021,Cologne,Suedstadion Koeln,15:00,,Y,-,2500,26C,14 kmh,sunny-partly cloudy,T.Denker,T.Graage,R.Lewis,M.Exposito,A.Flaisch,M.offmann,A.Sourdrille,CC,2,5,CC16,"H,2,5,H16","22,10,168","SPOT:H,H09,Y",CC ball on CC9.,"H,2,5,H09",NA,NA,NA,NA,NA,NA,NA,NA,22,H,CC,"KO,4,09:37,9","PUNT,4,04:56,9",7,0,4:41,KO,4,09:37,CC09,PUNT,4,04:56,CC09,NA
CCBD2102,BD,CC,Barcelona Dragons,Cologne Centurions,6/27/2021,Cologne,Suedstadion Koeln,15:00,,Y,-,2500,26C,14 kmh,sunny-partly cloudy,T.Denker,T.Graage,R.Lewis,M.Exposito,A.Flaisch,M.offmann,A.Sourdrille,CC,2,5,CC09,"H,2,5,H09","22,11,169","PUNT:9,V21 RET:5,V38","C. Ezeala punt 70 yards to the BD21, J. Constant return 17 yards to the BD38.","V,1,10,V38",U,NA,NA,NA,NA,NA,NA,NA,22,H,CC,"KO,4,09:37,9","PUNT,4,04:56,9",7,0,4:41,KO,4,09:37,CC09,PUNT,4,04:56,CC09,NA
CCBD2102,BD,CC,Barcelona Dragons,Cologne Centurions,6/27/2021,Cologne,Suedstadion Koeln,15:00,,Y,-,2500,26C,14 kmh,sunny-partly cloudy,T.Denker,T.Graage,R.Lewis,M.Exposito,A.Flaisch,M.offmann,A.Sourdrille,BD,1,10,BD38,"V,1,10,V38","23,1,170","{DRIVE}:04:56 PASS:1,S,TM,V25 SACK:3","BARCELONA DRAGONS drive start at 04:56, Z. Edwards sacked for loss of 13 yards to the BD25 (J. Voelker).","V,2,23,V25",P,NA,04:56,NA,NA,NA,NA,NA,23,V,BD,"PUNT,4,04:56,38","PUNT,4,03:56,15",3,-23,1:00,PUNT,4,04:56,BD38,PUNT,4,03:56,BD15,NA
CCBD2102,BD,CC,Barcelona Dragons,Cologne Centurions,6/27/2021,Cologne,Suedstadion Koeln,15:00,,Y,-,2500,26C,14 kmh,sunny-partly cloudy,T.Denker,T.Graage,R.Lewis,M.Exposito,A.Flaisch,M.offmann,A.Sourdrille,BD,2,23,BD25,"V,2,23,V25","23,2,171","TOUT:V T:04:32 RUSH:1,V20,","Timeout Barcelona Dragons, clock 04:32, Z. Edwards rush for loss of 5 yards to the BD20.","V,3,28,V20",R,NA,04:32,NA,NA,NA,NA,NA,23,V,BD,"PUNT,4,04:56,38","PUNT,4,03:56,15",3,-23,1:00,PUNT,4,04:56,BD38,PUNT,4,03:56,BD15,NA
CCBD2102,BD,CC,Barcelona Dragons,Cologne Centurions,6/27/2021,Cologne,Suedstadion Koeln,15:00,,Y,-,2500,26C,14 kmh,sunny-partly cloudy,T.Denker,T.Graage,R.Lewis,M.Exposito,A.Flaisch,M.offmann,A.Sourdrille,BD,3,28,BD20,"V,3,28,V20","23,3,172","PASS:1,I,4,*",Z. Edwards pass incomplete to R. Bertellin.,"V,4,28,V20",P,NA,NA,NA,NA,NA,NA,NA,23,V,BD,"PUNT,4,04:56,38","PUNT,4,03:56,15",3,-23,1:00,PUNT,4,04:56,BD38,PUNT,4,03:56,BD15,NA
CCBD2102,BD,CC,Barcelona Dragons,Cologne Centurions,6/27/2021,Cologne,Suedstadion Koeln,15:00,,Y,-,2500,26C,14 kmh,sunny-partly cloudy,T.Denker,T.Graage,R.Lewis,M.Exposito,A.Flaisch,M.offmann,A.Sourdrille,BD,4,28,BD20,"V,4,28,V20","23,4,173","PEN:V,DG,A,18,V15,N",PENALTY BD delay of game (C. Maser) 5 yards to the BD15.,"V,4,33,V15",E,NA,NA,NA,NA,NA,NA,NA,23,V,BD,"PUNT,4,04:56,38","PUNT,4,03:56,15",3,-23,1:00,PUNT,4,04:56,BD38,PUNT,4,03:56,BD15,NA
CCBD2102,BD,CC,Barcelona Dragons,Cologne Centurions,6/27/2021,Cologne,Suedstadion Koeln,15:00,,Y,-,2500,26C,14 kmh,sunny-partly cloudy,T.Denker,T.Graage,R.Lewis,M.Exposito,A.Flaisch,M.offmann,A.Sourdrille,BD,4,33,BD15,"V,4,33,V15","23,5,174","PUNT:18,V47 RET:47,V41 FUMB:V,V41,90","C. Maser punt 32 yards to the BD47, N. Liesen return 6 yards to the BD41, fumble by N. Liesen recovered by BD A. Fernandez at BD41.","V,1,10,V41",U,NA,NA,F,NA,NA,NA,NA,23,V,BD,"PUNT,4,04:56,38","PUNT,4,03:56,15",3,-23,1:00,PUNT,4,04:56,BD38,PUNT,4,03:56,BD15,NA
CCBD2102,BD,CC,Barcelona Dragons,Cologne Centurions,6/27/2021,Cologne,Suedstadion Koeln,15:00,,Y,-,2500,26C,14 kmh,sunny-partly cloudy,T.Denker,T.Graage,R.Lewis,M.Exposito,A.Flaisch,M.offmann,A.Sourdrille,BD,1,10,BD41,"V,1,10,V41","25,1,175","{DRIVE}:03:56 PASS:1,I,4,*","BARCELONA DRAGONS drive start at 03:56, Z. Edwards pass incomplete to R. Bertellin.","V,2,10,V41",P,NA,03:56,NA,NA,NA,NA,NA,25,V,BD,"FUMB,4,03:56,41","PUNT,4,03:04,41",3,0,0:52,FUMB,4,03:56,BD41,PUNT,4,03:04,BD41,NA
CCBD2102,BD,CC,Barcelona Dragons,Cologne Centurions,6/27/2021,Cologne,Suedstadion Koeln,15:00,,Y,-,2500,26C,14 kmh,sunny-partly cloudy,T.Denker,T.Graage,R.Lewis,M.Exposito,A.Flaisch,M.offmann,A.Sourdrille,BD,2,10,BD41,"V,2,10,V41","25,2,176","PASS:1,I,4,*",Z. Edwards pass incomplete to R. Bertellin.,"V,3,10,V41",P,NA,NA,NA,NA,NA,NA,NA,25,V,BD,"FUMB,4,03:56,41","PUNT,4,03:04,41",3,0,0:52,FUMB,4,03:56,BD41,PUNT,4,03:04,BD41,NA
CCBD2102,BD,CC,Barcelona Dragons,Cologne Centurions,6/27/2021,Cologne,Suedstadion Koeln,15:00,,Y,-,2500,26C,14 kmh,sunny-partly cloudy,T.Denker,T.Graage,R.Lewis,M.Exposito,A.Flaisch,M.offmann,A.Sourdrille,BD,3,10,BD41,"V,3,10,V41","25,3,177","PASS:1,I,4,*",Z. Edwards pass incomplete to R. Bertellin.,"V,4,10,V41",P,NA,NA,NA,NA,NA,NA,NA,25,V,BD,"FUMB,4,03:56,41","PUNT,4,03:04,41",3,0,0:52,FUMB,4,03:56,BD41,PUNT,4,03:04,BD41,NA
CCBD2102,BD,CC,Barcelona Dragons,Cologne Centurions,6/27/2021,Cologne,Suedstadion Koeln,15:00,,Y,-,2500,26C,14 kmh,sunny-partly cloudy,T.Denker,T.Graage,R.Lewis,M.Exposito,A.Flaisch,M.offmann,A.Sourdrille,BD,4,10,BD41,"V,4,10,V41","25,4,178","PUNT:18,H28 RET:30,H24 TACK:33,15","C. Maser punt 31 yards to the CC28, M. Mbaye return -4 yards to the CC24 (T. Debiez;M. Flores).","H,1,10,H24",U,NA,NA,NA,NA,NA,NA,NA,25,V,BD,"FUMB,4,03:56,41","PUNT,4,03:04,41",3,0,0:52,FUMB,4,03:56,BD41,PUNT,4,03:04,BD41,NA
CCBD2102,BD,CC,Barcelona Dragons,Cologne Centurions,6/27/2021,Cologne,Suedstadion Koeln,15:00,,Y,-,2500,26C,14 kmh,sunny-partly cloudy,T.Denker,T.Graage,R.Lewis,M.Exposito,A.Flaisch,M.offmann,A.Sourdrille,CC,1,10,CC24,"H,1,10,H24","26,1,179",{DRIVE}:03:04,COLOGNE CENTURIONS drive start at 03:04.,"H,1,10,H24",NA,NA,03:04,NA,NA,NA,NA,NA,26,H,CC,"PUNT,4,03:04,24","HALF,4,00:00,60",5,36,3:04,PUNT,4,03:04,CC24,HALF,4,00:00,BD40,NA
CCBD2102,BD,CC,Barcelona Dragons,Cologne Centurions,6/27/2021,Cologne,Suedstadion Koeln,15:00,,Y,-,2500,26C,14 kmh,sunny-partly cloudy,T.Denker,T.Graage,R.Lewis,M.Exposito,A.Flaisch,M.offmann,A.Sourdrille,CC,1,10,CC24,"H,1,10,H24","26,2,180","RUSH:26,H32, TACK:47",A. Frisch rush for 8 yards to the CC32 (J. Carradini).,"H,2,2,H32",R,NA,NA,NA,NA,NA,NA,NA,26,H,CC,"PUNT,4,03:04,24","HALF,4,00:00,60",5,36,3:04,PUNT,4,03:04,CC24,HALF,4,00:00,BD40,NA
CCBD2102,BD,CC,Barcelona Dragons,Cologne Centurions,6/27/2021,Cologne,Suedstadion Koeln,15:00,,Y,-,2500,26C,14 kmh,sunny-partly cloudy,T.Denker,T.Graage,R.Lewis,M.Exposito,A.Flaisch,M.offmann,A.Sourdrille,CC,2,2,CC32,"H,2,2,H32","26,3,181","RUSH:26,H34,","A. Frisch rush for 2 yards to the CC34, 1ST DOWN CC.","H,1,10,H34",R,R,NA,NA,NA,NA,NA,NA,26,H,CC,"PUNT,4,03:04,24","HALF,4,00:00,60",5,36,3:04,PUNT,4,03:04,CC24,HALF,4,00:00,BD40,NA
CCBD2102,BD,CC,Barcelona Dragons,Cologne Centurions,6/27/2021,Cologne,Suedstadion Koeln,15:00,,Y,-,2500,26C,14 kmh,sunny-partly cloudy,T.Denker,T.Graage,R.Lewis,M.Exposito,A.Flaisch,M.offmann,A.Sourdrille,CC,1,10,CC34,"H,1,10,H34","26,4,182","RUSH:26,H45, TACK:33","A. Frisch rush for 11 yards to the CC45, 1ST DOWN CC (T. Debiez).","H,1,10,H45",R,R,NA,NA,NA,NA,NA,NA,26,H,CC,"PUNT,4,03:04,24","HALF,4,00:00,60",5,36,3:04,PUNT,4,03:04,CC24,HALF,4,00:00,BD40,NA
CCBD2102,BD,CC,Barcelona Dragons,Cologne Centurions,6/27/2021,Cologne,Suedstadion Koeln,15:00,,Y,-,2500,26C,14 kmh,sunny-partly cloudy,T.Denker,T.Graage,R.Lewis,M.Exposito,A.Flaisch,M.offmann,A.Sourdrille,CC,1,10,CC45,"H,1,10,H45","26,5,183","RUSH:26,V46, TACK:47",A. Frisch rush for 9 yards to the BD46 (J. Carradini).,"H,2,1,V46",R,NA,NA,NA,NA,NA,NA,NA,26,H,CC,"PUNT,4,03:04,24","HALF,4,00:00,60",5,36,3:04,PUNT,4,03:04,CC24,HALF,4,00:00,BD40,NA
CCBD2102,BD,CC,Barcelona Dragons,Cologne Centurions,6/27/2021,Cologne,Suedstadion Koeln,15:00,,Y,-,2500,26C,14 kmh,sunny-partly cloudy,T.Denker,T.Graage,R.Lewis,M.Exposito,A.Flaisch,M.offmann,A.Sourdrille,CC,2,1,BD46,"H,2,1,V46","26,6,184","RUSH:4,V40,","G. Ngovo rush for 6 yards to the BD40, 1ST DOWN CC.","H,1,10,V40",R,R,NA,NA,NA,NA,NA,NA,26,H,CC,"PUNT,4,03:04,24","HALF,4,00:00,60",5,36,3:04,PUNT,4,03:04,CC24,HALF,4,00:00,BD40,NA
CCBD2102,BD,CC,Barcelona Dragons,Cologne Centurions,6/27/2021,Cologne,Suedstadion Koeln,15:00,,Y,-,2500,26C,14 kmh,sunny-partly cloudy,T.Denker,T.Graage,R.Lewis,M.Exposito,A.Flaisch,M.offmann,A.Sourdrille,CC,1,10,BD40,"H,1,10,V40","26,7,185",HALF: T:00:00,"End of game, clock 00:00.","H,1,10,V40",#,NA,00:00,NA,NA,NA,NA,NA,26,H,CC,"PUNT,4,03:04,24","HALF,4,00:00,60",5,36,3:04,PUNT,4,03:04,CC24,HALF,4,00:00,BD40,NA
