gameid,visid,homeid,visname,homename,date,location,stadium,start,end,duration,attend,temp,wind,weather,ref,ump,line,lj,bj,fj,sj,hasball,down,togo,spot,context,playid,tokens,desc,newcontext,type,clock,first,ob,turnover,score,vscore,hscore,drive_number,drive_vh,drive_team,drive_start,drive_end,drive_plays,drive_yards,drive_top,drive_start_how,drive_start_qtr,drive_start_time,drive_start_spot,drive_end_how,drive_end_qtr,drive_end_time,drive_end_spot,drive_rz
FGPW2103,PW,FG,Panthers Wroclaw,Frankfurt Galaxy,7/4/2021,Frankfurt,PSD Bank Arena,15:00,18:35,3:35,1800,25 degr.,SW11km/h,rainy w risk tstorm,T. Denker,M. Kattilus,H. Horak,S. Richardson,D. Jurzyk,A. Flaisch-J.,A. Sourdrille,PW,1,10,PW35,"V,1,10,V35","0,1,0","CMT:PW wins toin coss and elects to kick, FG to defend N goal","PW wins toin coss and elects to kick, FG to defend N goal","V,1,10,V35",NA,NA,NA,NA,NA,NA,NA,NA,0,NA,NA,NA,NA,NA,NA,NA,NA,NA,NA,NA,NA,NA,NA,NA,NA
FGPW2103,PW,FG,Panthers Wroclaw,Frankfurt Galaxy,7/4/2021,Frankfurt,PSD Bank Arena,15:00,18:35,3:35,1800,25 degr.,SW11km/h,rainy w risk tstorm,T. Denker,M. Kattilus,H. Horak,S. Richardson,D. Jurzyk,A. Flaisch-J.,A. Sourdrille,PW,1,10,PW35,"V,1,10,V35","0,2,1",Q:1 T:15:00,"Start of 1st quarter, clock 15:00.","V,1,10,V35",#,15:00,NA,NA,NA,NA,NA,NA,0,NA,NA,NA,NA,NA,NA,NA,NA,NA,NA,NA,NA,NA,NA,NA,NA
FGPW2103,PW,FG,Panthers Wroclaw,Frankfurt Galaxy,7/4/2021,Frankfurt,PSD Bank Arena,15:00,18:35,3:35,1800,25 degr.,SW11km/h,rainy w risk tstorm,T. Denker,M. Kattilus,H. Horak,S. Richardson,D. Jurzyk,A. Flaisch-J.,A. Sourdrille,PW,1,10,PW35,"V,1,10,V35","0,3,2","KO:11,H00 TB:","D. Panczyszyn kickoff 65 yards to the FG0, touchback.","H,1,10,H25",K,NA,NA,NA,NA,NA,NA,NA,0,NA,NA,NA,NA,NA,NA,NA,NA,NA,NA,NA,NA,NA,NA,NA,NA
FGPW2103,PW,FG,Panthers Wroclaw,Frankfurt Galaxy,7/4/2021,Frankfurt,PSD Bank Arena,15:00,18:35,3:35,1800,25 degr.,SW11km/h,rainy w risk tstorm,T. Denker,M. Kattilus,H. Horak,S. Richardson,D. Jurzyk,A. Flaisch-J.,A. Sourdrille,FG,1,10,FG25,"H,1,10,H25","1,1,3","RUSH:7,H28, TACK:94",J. Sullivan rush for 3 yards to the FG28 (K. Brauns).,"H,2,7,H28",R,NA,NA,NA,NA,NA,NA,NA,1,H,FG,"KO,1,15:00,25","PUNT,1,13:22,24",3,-1,1:38,KO,1,15:00,FG25,PUNT,1,13:22,FG24,NA
FGPW2103,PW,FG,Panthers Wroclaw,Frankfurt Galaxy,7/4/2021,Frankfurt,PSD Bank Arena,15:00,18:35,3:35,1800,25 degr.,SW11km/h,rainy w risk tstorm,T. Denker,M. Kattilus,H. Horak,S. Richardson,D. Jurzyk,A. Flaisch-J.,A. Sourdrille,FG,2,7,FG28,"H,2,7,H28","1,2,4","RUSH:22,H24, TACK:8",G. Ameln rush for loss of 4 yards to the FG24 (H. Ogrodowcyk).,"H,3,11,H24",R,NA,NA,NA,NA,NA,NA,NA,1,H,FG,"KO,1,15:00,25","PUNT,1,13:22,24",3,-1,1:38,KO,1,15:00,FG25,PUNT,1,13:22,FG24,NA
FGPW2103,PW,FG,Panthers Wroclaw,Frankfurt Galaxy,7/4/2021,Frankfurt,PSD Bank Arena,15:00,18:35,3:35,1800,25 degr.,SW11km/h,rainy w risk tstorm,T. Denker,M. Kattilus,H. Horak,S. Richardson,D. Jurzyk,A. Flaisch-J.,A. Sourdrille,FG,3,11,FG24,"H,3,11,H24","1,3,5","PASS:7,I,13,*",J. Sullivan pass incomplete to M. Rutsch.,"H,4,11,H24",P,NA,NA,NA,NA,NA,NA,NA,1,H,FG,"KO,1,15:00,25","PUNT,1,13:22,24",3,-1,1:38,KO,1,15:00,FG25,PUNT,1,13:22,FG24,NA
FGPW2103,PW,FG,Panthers Wroclaw,Frankfurt Galaxy,7/4/2021,Frankfurt,PSD Bank Arena,15:00,18:35,3:35,1800,25 degr.,SW11km/h,rainy w risk tstorm,T. Denker,M. Kattilus,H. Horak,S. Richardson,D. Jurzyk,A. Flaisch-J.,A. Sourdrille,FG,4,11,FG24,"H,4,11,H24","1,4,6","PUNT:82,H49",H. Schwarz punt 25 yards to the FG49.,"V,1,10,H49",U,NA,NA,NA,NA,NA,NA,NA,1,H,FG,"KO,1,15:00,25","PUNT,1,13:22,24",3,-1,1:38,KO,1,15:00,FG25,PUNT,1,13:22,FG24,NA
FGPW2103,PW,FG,Panthers Wroclaw,Frankfurt Galaxy,7/4/2021,Frankfurt,PSD Bank Arena,15:00,18:35,3:35,1800,25 degr.,SW11km/h,rainy w risk tstorm,T. Denker,M. Kattilus,H. Horak,S. Richardson,D. Jurzyk,A. Flaisch-J.,A. Sourdrille,PW,1,10,FG49,"V,1,10,H49","2,1,7",{DRIVE}:13:22,PANTHERS WROCLAW drive start at 13:22.,"V,1,10,H49",NA,13:22,NA,NA,NA,NA,NA,NA,2,V,PW,"PUNT,1,13:22,51","PUNT,1,10:34,56",4,5,2:48,PUNT,1,13:22,FG49,PUNT,1,10:34,FG44,NA
FGPW2103,PW,FG,Panthers Wroclaw,Frankfurt Galaxy,7/4/2021,Frankfurt,PSD Bank Arena,15:00,18:35,3:35,1800,25 degr.,SW11km/h,rainy w risk tstorm,T. Denker,M. Kattilus,H. Horak,S. Richardson,D. Jurzyk,A. Flaisch-J.,A. Sourdrille,PW,1,10,FG49,"V,1,10,H49","2,2,8","RUSH:24,H46, TACK:99",M. Herndon rush for 3 yards to the FG46 (K. Maier).,"V,2,7,H46",R,NA,NA,NA,NA,NA,NA,NA,2,V,PW,"PUNT,1,13:22,51","PUNT,1,10:34,56",4,5,2:48,PUNT,1,13:22,FG49,PUNT,1,10:34,FG44,NA
FGPW2103,PW,FG,Panthers Wroclaw,Frankfurt Galaxy,7/4/2021,Frankfurt,PSD Bank Arena,15:00,18:35,3:35,1800,25 degr.,SW11km/h,rainy w risk tstorm,T. Denker,M. Kattilus,H. Horak,S. Richardson,D. Jurzyk,A. Flaisch-J.,A. Sourdrille,PW,2,7,FG46,"V,2,7,H46","2,3,9","RUSH:24,H48, TACK:90,99 PEN:H,PF,A,56,H33,1 NOPLAY:","M. Herndon rush for loss of 2 yards to the FG48 (M. A. Hor;K. Maier), PENALTY FG personal foul (S. Silva Gomez) 13 yards to the FG33, 1ST DOWN PW, NO PLAY.","V,1,10,H33",E,NA,E,NA,NA,NA,NA,NA,2,V,PW,"PUNT,1,13:22,51","PUNT,1,10:34,56",4,5,2:48,PUNT,1,13:22,FG49,PUNT,1,10:34,FG44,NA
FGPW2103,PW,FG,Panthers Wroclaw,Frankfurt Galaxy,7/4/2021,Frankfurt,PSD Bank Arena,15:00,18:35,3:35,1800,25 degr.,SW11km/h,rainy w risk tstorm,T. Denker,M. Kattilus,H. Horak,S. Richardson,D. Jurzyk,A. Flaisch-J.,A. Sourdrille,PW,1,10,FG33,"V,1,10,H33","2,4,10","RUSH:55,H47, FUMB:V,H47,TM","R. Rogaczewski rush for loss of 14 yards to the FG47, fumble by R. Rogaczewski recovered by PW TEAM at FG47.","V,2,24,H47",R,NA,NA,NA,NA,NA,NA,NA,2,V,PW,"PUNT,1,13:22,51","PUNT,1,10:34,56",4,5,2:48,PUNT,1,13:22,FG49,PUNT,1,10:34,FG44,NA
FGPW2103,PW,FG,Panthers Wroclaw,Frankfurt Galaxy,7/4/2021,Frankfurt,PSD Bank Arena,15:00,18:35,3:35,1800,25 degr.,SW11km/h,rainy w risk tstorm,T. Denker,M. Kattilus,H. Horak,S. Richardson,D. Jurzyk,A. Flaisch-J.,A. Sourdrille,PW,2,24,FG47,"V,2,24,H47","2,5,11","RUSH:24,H44, TACK:10",M. Herndon rush for 3 yards to the FG44 (O. Williams).,"V,3,21,H44",R,NA,NA,NA,NA,NA,NA,NA,2,V,PW,"PUNT,1,13:22,51","PUNT,1,10:34,56",4,5,2:48,PUNT,1,13:22,FG49,PUNT,1,10:34,FG44,NA
FGPW2103,PW,FG,Panthers Wroclaw,Frankfurt Galaxy,7/4/2021,Frankfurt,PSD Bank Arena,15:00,18:35,3:35,1800,25 degr.,SW11km/h,rainy w risk tstorm,T. Denker,M. Kattilus,H. Horak,S. Richardson,D. Jurzyk,A. Flaisch-J.,A. Sourdrille,PW,3,21,FG44,"V,3,21,H44","2,6,12","PASS:2,I,23,*",L. O'Connor pass incomplete to J. Mazan.,"V,4,21,H44",P,NA,NA,NA,NA,NA,NA,NA,2,V,PW,"PUNT,1,13:22,51","PUNT,1,10:34,56",4,5,2:48,PUNT,1,13:22,FG49,PUNT,1,10:34,FG44,NA
FGPW2103,PW,FG,Panthers Wroclaw,Frankfurt Galaxy,7/4/2021,Frankfurt,PSD Bank Arena,15:00,18:35,3:35,1800,25 degr.,SW11km/h,rainy w risk tstorm,T. Denker,M. Kattilus,H. Horak,S. Richardson,D. Jurzyk,A. Flaisch-J.,A. Sourdrille,PW,4,21,FG44,"V,4,21,H44","2,7,13","PUNT:11,H19",D. Panczyszyn punt 25 yards to the FG19.,"H,1,10,H19",U,NA,NA,NA,NA,NA,NA,NA,2,V,PW,"PUNT,1,13:22,51","PUNT,1,10:34,56",4,5,2:48,PUNT,1,13:22,FG49,PUNT,1,10:34,FG44,NA
FGPW2103,PW,FG,Panthers Wroclaw,Frankfurt Galaxy,7/4/2021,Frankfurt,PSD Bank Arena,15:00,18:35,3:35,1800,25 degr.,SW11km/h,rainy w risk tstorm,T. Denker,M. Kattilus,H. Horak,S. Richardson,D. Jurzyk,A. Flaisch-J.,A. Sourdrille,FG,1,10,FG19,"H,1,10,H19","3,1,14",{DRIVE}:10:34,FRANKFURT GALAXY drive start at 10:34.,"H,1,10,H19",NA,10:34,NA,NA,NA,NA,NA,NA,3,H,FG,"PUNT,1,10:34,19","PUNT,1,09:01,28",3,9,1:33,PUNT,1,10:34,FG19,PUNT,1,09:01,FG28,NA
FGPW2103,PW,FG,Panthers Wroclaw,Frankfurt Galaxy,7/4/2021,Frankfurt,PSD Bank Arena,15:00,18:35,3:35,1800,25 degr.,SW11km/h,rainy w risk tstorm,T. Denker,M. Kattilus,H. Horak,S. Richardson,D. Jurzyk,A. Flaisch-J.,A. Sourdrille,FG,1,10,FG19,"H,1,10,H19","3,2,16","RUSH:13,H26, TACK:4",M. Rutsch rush for 7 yards to the FG26 (W. Lloyd).,"H,2,3,H26",R,NA,NA,NA,NA,NA,NA,NA,3,H,FG,"PUNT,1,10:34,19","PUNT,1,09:01,28",3,9,1:33,PUNT,1,10:34,FG19,PUNT,1,09:01,FG28,NA
FGPW2103,PW,FG,Panthers Wroclaw,Frankfurt Galaxy,7/4/2021,Frankfurt,PSD Bank Arena,15:00,18:35,3:35,1800,25 degr.,SW11km/h,rainy w risk tstorm,T. Denker,M. Kattilus,H. Horak,S. Richardson,D. Jurzyk,A. Flaisch-J.,A. Sourdrille,FG,2,3,FG26,"H,2,3,H26","3,3,17","RUSH:13,H28, TACK:8,97",M. Rutsch rush for 2 yards to the FG28 (H. Ogrodowcyk;L. Gembara).,"H,3,1,H28",R,NA,NA,NA,NA,NA,NA,NA,3,H,FG,"PUNT,1,10:34,19","PUNT,1,09:01,28",3,9,1:33,PUNT,1,10:34,FG19,PUNT,1,09:01,FG28,NA
FGPW2103,PW,FG,Panthers Wroclaw,Frankfurt Galaxy,7/4/2021,Frankfurt,PSD Bank Arena,15:00,18:35,3:35,1800,25 degr.,SW11km/h,rainy w risk tstorm,T. Denker,M. Kattilus,H. Horak,S. Richardson,D. Jurzyk,A. Flaisch-J.,A. Sourdrille,FG,3,1,FG28,"H,3,1,H28","3,4,18","PASS:7,I,86,*",J. Sullivan pass incomplete to L. Regler.,"H,4,1,H28",P,NA,NA,NA,NA,NA,NA,NA,3,H,FG,"PUNT,1,10:34,19","PUNT,1,09:01,28",3,9,1:33,PUNT,1,10:34,FG19,PUNT,1,09:01,FG28,NA
FGPW2103,PW,FG,Panthers Wroclaw,Frankfurt Galaxy,7/4/2021,Frankfurt,PSD Bank Arena,15:00,18:35,3:35,1800,25 degr.,SW11km/h,rainy w risk tstorm,T. Denker,M. Kattilus,H. Horak,S. Richardson,D. Jurzyk,A. Flaisch-J.,A. Sourdrille,FG,4,1,FG28,"H,4,1,H28","3,5,19","PUNT:82,V25",H. Schwarz punt 47 yards to the PW25.,"V,1,10,V25",U,NA,NA,NA,NA,NA,NA,NA,3,H,FG,"PUNT,1,10:34,19","PUNT,1,09:01,28",3,9,1:33,PUNT,1,10:34,FG19,PUNT,1,09:01,FG28,NA
FGPW2103,PW,FG,Panthers Wroclaw,Frankfurt Galaxy,7/4/2021,Frankfurt,PSD Bank Arena,15:00,18:35,3:35,1800,25 degr.,SW11km/h,rainy w risk tstorm,T. Denker,M. Kattilus,H. Horak,S. Richardson,D. Jurzyk,A. Flaisch-J.,A. Sourdrille,PW,1,10,PW25,"V,1,10,V25","4,1,20",{DRIVE}:09:01,PANTHERS WROCLAW drive start at 09:01.,"V,1,10,V25",NA,09:01,NA,NA,NA,NA,NA,NA,4,V,PW,"PUNT,1,09:01,25","PUNT,1,07:30,50",4,25,1:31,PUNT,1,09:01,PW25,PUNT,1,07:30,PW50,NA
FGPW2103,PW,FG,Panthers Wroclaw,Frankfurt Galaxy,7/4/2021,Frankfurt,PSD Bank Arena,15:00,18:35,3:35,1800,25 degr.,SW11km/h,rainy w risk tstorm,T. Denker,M. Kattilus,H. Horak,S. Richardson,D. Jurzyk,A. Flaisch-J.,A. Sourdrille,PW,1,10,PW25,"V,1,10,V25","4,2,21","PASS:2,C,23,V47 TACK:23","L. O'Connor pass complete to J. Mazan for 22 yards to the PW47, 1ST DOWN PW (D. Cooper).","V,1,10,V47",P,NA,P,NA,NA,NA,NA,NA,4,V,PW,"PUNT,1,09:01,25","PUNT,1,07:30,50",4,25,1:31,PUNT,1,09:01,PW25,PUNT,1,07:30,PW50,NA
FGPW2103,PW,FG,Panthers Wroclaw,Frankfurt Galaxy,7/4/2021,Frankfurt,PSD Bank Arena,15:00,18:35,3:35,1800,25 degr.,SW11km/h,rainy w risk tstorm,T. Denker,M. Kattilus,H. Horak,S. Richardson,D. Jurzyk,A. Flaisch-J.,A. Sourdrille,PW,1,10,PW47,"V,1,10,V47","4,3,22","PASS:2,I,23,*",L. O'Connor pass incomplete to J. Mazan.,"V,2,10,V47",P,NA,NA,NA,NA,NA,NA,NA,4,V,PW,"PUNT,1,09:01,25","PUNT,1,07:30,50",4,25,1:31,PUNT,1,09:01,PW25,PUNT,1,07:30,PW50,NA
FGPW2103,PW,FG,Panthers Wroclaw,Frankfurt Galaxy,7/4/2021,Frankfurt,PSD Bank Arena,15:00,18:35,3:35,1800,25 degr.,SW11km/h,rainy w risk tstorm,T. Denker,M. Kattilus,H. Horak,S. Richardson,D. Jurzyk,A. Flaisch-J.,A. Sourdrille,PW,2,10,PW47,"V,2,10,V47","4,4,23","RUSH:25,H50, TACK:94",P. Pasqualini rush for 3 yards to the 50 yardline (C. Udegbe).,"V,3,7,V50",R,NA,NA,NA,NA,NA,NA,NA,4,V,PW,"PUNT,1,09:01,25","PUNT,1,07:30,50",4,25,1:31,PUNT,1,09:01,PW25,PUNT,1,07:30,PW50,NA
FGPW2103,PW,FG,Panthers Wroclaw,Frankfurt Galaxy,7/4/2021,Frankfurt,PSD Bank Arena,15:00,18:35,3:35,1800,25 degr.,SW11km/h,rainy w risk tstorm,T. Denker,M. Kattilus,H. Horak,S. Richardson,D. Jurzyk,A. Flaisch-J.,A. Sourdrille,PW,3,7,PW50,"V,3,7,V50","4,5,24","PASS:2,I,16,*",L. O'Connor pass incomplete to W. Zieba.,"V,4,7,V50",P,NA,NA,NA,NA,NA,NA,NA,4,V,PW,"PUNT,1,09:01,25","PUNT,1,07:30,50",4,25,1:31,PUNT,1,09:01,PW25,PUNT,1,07:30,PW50,NA
FGPW2103,PW,FG,Panthers Wroclaw,Frankfurt Galaxy,7/4/2021,Frankfurt,PSD Bank Arena,15:00,18:35,3:35,1800,25 degr.,SW11km/h,rainy w risk tstorm,T. Denker,M. Kattilus,H. Horak,S. Richardson,D. Jurzyk,A. Flaisch-J.,A. Sourdrille,PW,4,7,PW50,"V,4,7,V50","4,6,25","PUNT:11,H25 OB:","D. Panczyszyn punt 25 yards to the FG25, out-of-bounds.","H,1,10,H25",U,NA,NA,Y,NA,NA,NA,NA,4,V,PW,"PUNT,1,09:01,25","PUNT,1,07:30,50",4,25,1:31,PUNT,1,09:01,PW25,PUNT,1,07:30,PW50,NA
FGPW2103,PW,FG,Panthers Wroclaw,Frankfurt Galaxy,7/4/2021,Frankfurt,PSD Bank Arena,15:00,18:35,3:35,1800,25 degr.,SW11km/h,rainy w risk tstorm,T. Denker,M. Kattilus,H. Horak,S. Richardson,D. Jurzyk,A. Flaisch-J.,A. Sourdrille,FG,1,10,FG25,"H,1,10,H25","5,1,26",{DRIVE}:07:30,FRANKFURT GALAXY drive start at 07:30.,"H,1,10,H25",NA,07:30,NA,NA,NA,NA,NA,NA,5,H,FG,"PUNT,1,07:30,25","PUNT,1,04:50,45",4,20,2:40,PUNT,1,07:30,FG25,PUNT,1,04:50,FG45,NA
FGPW2103,PW,FG,Panthers Wroclaw,Frankfurt Galaxy,7/4/2021,Frankfurt,PSD Bank Arena,15:00,18:35,3:35,1800,25 degr.,SW11km/h,rainy w risk tstorm,T. Denker,M. Kattilus,H. Horak,S. Richardson,D. Jurzyk,A. Flaisch-J.,A. Sourdrille,FG,1,10,FG25,"H,1,10,H25","5,2,27","PASS:7,I,86,* PEN:V,OD,A,TM,H30,N NOPLAY:","J. Sullivan pass incomplete to L. Regler, PENALTY PW offside defense 5 yards to the FG30, NO PLAY.","H,1,5,H30",E,NA,NA,NA,NA,NA,NA,NA,5,H,FG,"PUNT,1,07:30,25","PUNT,1,04:50,45",4,20,2:40,PUNT,1,07:30,FG25,PUNT,1,04:50,FG45,NA
FGPW2103,PW,FG,Panthers Wroclaw,Frankfurt Galaxy,7/4/2021,Frankfurt,PSD Bank Arena,15:00,18:35,3:35,1800,25 degr.,SW11km/h,rainy w risk tstorm,T. Denker,M. Kattilus,H. Horak,S. Richardson,D. Jurzyk,A. Flaisch-J.,A. Sourdrille,FG,1,5,FG30,"H,1,5,H30","5,3,28","RUSH:13,H33, TACK:4",M. Rutsch rush for 3 yards to the FG33 (W. Lloyd).,"H,2,2,H33",R,NA,NA,NA,NA,NA,NA,NA,5,H,FG,"PUNT,1,07:30,25","PUNT,1,04:50,45",4,20,2:40,PUNT,1,07:30,FG25,PUNT,1,04:50,FG45,NA
FGPW2103,PW,FG,Panthers Wroclaw,Frankfurt Galaxy,7/4/2021,Frankfurt,PSD Bank Arena,15:00,18:35,3:35,1800,25 degr.,SW11km/h,rainy w risk tstorm,T. Denker,M. Kattilus,H. Horak,S. Richardson,D. Jurzyk,A. Flaisch-J.,A. Sourdrille,FG,2,2,FG33,"H,2,2,H33","5,4,29","PASS:7,I,82,* PEN:V,OD,A,97,H38,1 NOPLAY:","J. Sullivan pass incomplete to H. Schwarz, PENALTY PW offside defense (L. Gembara) 5 yards to the FG38, 1ST DOWN FG, NO PLAY.","H,1,10,H38",E,NA,E,NA,NA,NA,NA,NA,5,H,FG,"PUNT,1,07:30,25","PUNT,1,04:50,45",4,20,2:40,PUNT,1,07:30,FG25,PUNT,1,04:50,FG45,NA
FGPW2103,PW,FG,Panthers Wroclaw,Frankfurt Galaxy,7/4/2021,Frankfurt,PSD Bank Arena,15:00,18:35,3:35,1800,25 degr.,SW11km/h,rainy w risk tstorm,T. Denker,M. Kattilus,H. Horak,S. Richardson,D. Jurzyk,A. Flaisch-J.,A. Sourdrille,FG,1,10,FG38,"H,1,10,H38","5,5,30","RUSH:13,H43, TACK:4",M. Rutsch rush for 5 yards to the FG43 (W. Lloyd).,"H,2,5,H43",R,NA,NA,NA,NA,NA,NA,NA,5,H,FG,"PUNT,1,07:30,25","PUNT,1,04:50,45",4,20,2:40,PUNT,1,07:30,FG25,PUNT,1,04:50,FG45,NA
FGPW2103,PW,FG,Panthers Wroclaw,Frankfurt Galaxy,7/4/2021,Frankfurt,PSD Bank Arena,15:00,18:35,3:35,1800,25 degr.,SW11km/h,rainy w risk tstorm,T. Denker,M. Kattilus,H. Horak,S. Richardson,D. Jurzyk,A. Flaisch-J.,A. Sourdrille,FG,2,5,FG43,"H,2,5,H43","5,6,31","RUSH:13,H45, TACK:4",M. Rutsch rush for 2 yards to the FG45 (W. Lloyd).,"H,3,3,H45",R,NA,NA,NA,NA,NA,NA,NA,5,H,FG,"PUNT,1,07:30,25","PUNT,1,04:50,45",4,20,2:40,PUNT,1,07:30,FG25,PUNT,1,04:50,FG45,NA
FGPW2103,PW,FG,Panthers Wroclaw,Frankfurt Galaxy,7/4/2021,Frankfurt,PSD Bank Arena,15:00,18:35,3:35,1800,25 degr.,SW11km/h,rainy w risk tstorm,T. Denker,M. Kattilus,H. Horak,S. Richardson,D. Jurzyk,A. Flaisch-J.,A. Sourdrille,FG,3,3,FG45,"H,3,3,H45","5,7,32","RUSH:13,H45, TACK:5",M. Rutsch rush for no gain to the FG45 (G. Zec).,"H,4,3,H45",R,NA,NA,NA,NA,NA,NA,NA,5,H,FG,"PUNT,1,07:30,25","PUNT,1,04:50,45",4,20,2:40,PUNT,1,07:30,FG25,PUNT,1,04:50,FG45,NA
FGPW2103,PW,FG,Panthers Wroclaw,Frankfurt Galaxy,7/4/2021,Frankfurt,PSD Bank Arena,15:00,18:35,3:35,1800,25 degr.,SW11km/h,rainy w risk tstorm,T. Denker,M. Kattilus,H. Horak,S. Richardson,D. Jurzyk,A. Flaisch-J.,A. Sourdrille,FG,4,3,FG45,"H,4,3,H45","5,8,33","PUNT:82,V15 RET:1,V20 TACK:56","H. Schwarz punt 40 yards to the PW15, D. Robinson return 5 yards to the PW20 (S. Silva Gomez).","V,1,10,V20",U,NA,NA,NA,NA,NA,NA,NA,5,H,FG,"PUNT,1,07:30,25","PUNT,1,04:50,45",4,20,2:40,PUNT,1,07:30,FG25,PUNT,1,04:50,FG45,NA
FGPW2103,PW,FG,Panthers Wroclaw,Frankfurt Galaxy,7/4/2021,Frankfurt,PSD Bank Arena,15:00,18:35,3:35,1800,25 degr.,SW11km/h,rainy w risk tstorm,T. Denker,M. Kattilus,H. Horak,S. Richardson,D. Jurzyk,A. Flaisch-J.,A. Sourdrille,PW,1,10,PW20,"V,1,10,V20","6,1,34",{DRIVE}:04:50,PANTHERS WROCLAW drive start at 04:50.,"V,1,10,V20",NA,04:50,NA,NA,NA,NA,NA,NA,6,V,PW,"PUNT,1,04:50,20","PUNT,1,04:18,29",3,9,0:32,PUNT,1,04:50,PW20,PUNT,1,04:18,PW29,NA
FGPW2103,PW,FG,Panthers Wroclaw,Frankfurt Galaxy,7/4/2021,Frankfurt,PSD Bank Arena,15:00,18:35,3:35,1800,25 degr.,SW11km/h,rainy w risk tstorm,T. Denker,M. Kattilus,H. Horak,S. Richardson,D. Jurzyk,A. Flaisch-J.,A. Sourdrille,PW,1,10,PW20,"V,1,10,V20","6,2,35","PASS:2,I,24,*",L. O'Connor pass incomplete to M. Herndon.,"V,2,10,V20",P,NA,NA,NA,NA,NA,NA,NA,6,V,PW,"PUNT,1,04:50,20","PUNT,1,04:18,29",3,9,0:32,PUNT,1,04:50,PW20,PUNT,1,04:18,PW29,NA
FGPW2103,PW,FG,Panthers Wroclaw,Frankfurt Galaxy,7/4/2021,Frankfurt,PSD Bank Arena,15:00,18:35,3:35,1800,25 degr.,SW11km/h,rainy w risk tstorm,T. Denker,M. Kattilus,H. Horak,S. Richardson,D. Jurzyk,A. Flaisch-J.,A. Sourdrille,PW,2,10,PW20,"V,2,10,V20","6,3,36","PASS:2,I,23,*",L. O'Connor pass incomplete to J. Mazan.,"V,3,10,V20",P,NA,NA,NA,NA,NA,NA,NA,6,V,PW,"PUNT,1,04:50,20","PUNT,1,04:18,29",3,9,0:32,PUNT,1,04:50,PW20,PUNT,1,04:18,PW29,NA
FGPW2103,PW,FG,Panthers Wroclaw,Frankfurt Galaxy,7/4/2021,Frankfurt,PSD Bank Arena,15:00,18:35,3:35,1800,25 degr.,SW11km/h,rainy w risk tstorm,T. Denker,M. Kattilus,H. Horak,S. Richardson,D. Jurzyk,A. Flaisch-J.,A. Sourdrille,PW,3,10,PW20,"V,3,10,V20","6,4,37","PASS:2,C,23,V29 TACK:10",L. O'Connor pass complete to J. Mazan for 9 yards to the PW29 (O. Williams).,"V,4,1,V29",P,NA,NA,NA,NA,NA,NA,NA,6,V,PW,"PUNT,1,04:50,20","PUNT,1,04:18,29",3,9,0:32,PUNT,1,04:50,PW20,PUNT,1,04:18,PW29,NA
FGPW2103,PW,FG,Panthers Wroclaw,Frankfurt Galaxy,7/4/2021,Frankfurt,PSD Bank Arena,15:00,18:35,3:35,1800,25 degr.,SW11km/h,rainy w risk tstorm,T. Denker,M. Kattilus,H. Horak,S. Richardson,D. Jurzyk,A. Flaisch-J.,A. Sourdrille,PW,4,1,PW29,"V,4,1,V29","6,5,38","PUNT:11,H28",D. Panczyszyn punt 43 yards to the FG28.,"H,1,10,H28",U,NA,NA,NA,NA,NA,NA,NA,6,V,PW,"PUNT,1,04:50,20","PUNT,1,04:18,29",3,9,0:32,PUNT,1,04:50,PW20,PUNT,1,04:18,PW29,NA
FGPW2103,PW,FG,Panthers Wroclaw,Frankfurt Galaxy,7/4/2021,Frankfurt,PSD Bank Arena,15:00,18:35,3:35,1800,25 degr.,SW11km/h,rainy w risk tstorm,T. Denker,M. Kattilus,H. Horak,S. Richardson,D. Jurzyk,A. Flaisch-J.,A. Sourdrille,FG,1,10,FG28,"H,1,10,H28","7,1,39",{DRIVE}:04:18,FRANKFURT GALAXY drive start at 04:18.,"H,1,10,H28",NA,04:18,NA,NA,NA,NA,NA,NA,7,H,FG,"PUNT,1,04:18,28","PUNT,1,02:05,37",3,9,2:13,PUNT,1,04:18,FG28,PUNT,1,02:05,FG37,NA
FGPW2103,PW,FG,Panthers Wroclaw,Frankfurt Galaxy,7/4/2021,Frankfurt,PSD Bank Arena,15:00,18:35,3:35,1800,25 degr.,SW11km/h,rainy w risk tstorm,T. Denker,M. Kattilus,H. Horak,S. Richardson,D. Jurzyk,A. Flaisch-J.,A. Sourdrille,FG,1,10,FG28,"H,1,10,H28","7,2,40","RUSH:33,H32, TACK:94",J. Rodney rush for 4 yards to the FG32 (K. Brauns).,"H,2,6,H32",R,NA,NA,NA,NA,NA,NA,NA,7,H,FG,"PUNT,1,04:18,28","PUNT,1,02:05,37",3,9,2:13,PUNT,1,04:18,FG28,PUNT,1,02:05,FG37,NA
FGPW2103,PW,FG,Panthers Wroclaw,Frankfurt Galaxy,7/4/2021,Frankfurt,PSD Bank Arena,15:00,18:35,3:35,1800,25 degr.,SW11km/h,rainy w risk tstorm,T. Denker,M. Kattilus,H. Horak,S. Richardson,D. Jurzyk,A. Flaisch-J.,A. Sourdrille,FG,2,6,FG32,"H,2,6,H32","7,3,41","PASS:7,S,08,H22 SACK:8",J. Sullivan sacked for loss of 10 yards to the FG22 (H. Ogrodowcyk).,"H,3,16,H22",P,NA,NA,NA,NA,NA,NA,NA,7,H,FG,"PUNT,1,04:18,28","PUNT,1,02:05,37",3,9,2:13,PUNT,1,04:18,FG28,PUNT,1,02:05,FG37,NA
FGPW2103,PW,FG,Panthers Wroclaw,Frankfurt Galaxy,7/4/2021,Frankfurt,PSD Bank Arena,15:00,18:35,3:35,1800,25 degr.,SW11km/h,rainy w risk tstorm,T. Denker,M. Kattilus,H. Horak,S. Richardson,D. Jurzyk,A. Flaisch-J.,A. Sourdrille,FG,3,16,FG22,"H,3,16,H22","7,4,42","PASS:7,C,33,H37 TACK:4",J. Sullivan pass complete to J. Rodney for 15 yards to the FG37 (W. Lloyd).,"H,4,1,H37",P,NA,NA,NA,NA,NA,NA,NA,7,H,FG,"PUNT,1,04:18,28","PUNT,1,02:05,37",3,9,2:13,PUNT,1,04:18,FG28,PUNT,1,02:05,FG37,NA
FGPW2103,PW,FG,Panthers Wroclaw,Frankfurt Galaxy,7/4/2021,Frankfurt,PSD Bank Arena,15:00,18:35,3:35,1800,25 degr.,SW11km/h,rainy w risk tstorm,T. Denker,M. Kattilus,H. Horak,S. Richardson,D. Jurzyk,A. Flaisch-J.,A. Sourdrille,FG,4,1,FG37,"H,4,1,H37","7,5,43","PUNT:82,V00 TB:","H. Schwarz punt 63 yards to the PW0, touchback.","V,1,10,V25",U,NA,NA,NA,NA,NA,NA,NA,7,H,FG,"PUNT,1,04:18,28","PUNT,1,02:05,37",3,9,2:13,PUNT,1,04:18,FG28,PUNT,1,02:05,FG37,NA
FGPW2103,PW,FG,Panthers Wroclaw,Frankfurt Galaxy,7/4/2021,Frankfurt,PSD Bank Arena,15:00,18:35,3:35,1800,25 degr.,SW11km/h,rainy w risk tstorm,T. Denker,M. Kattilus,H. Horak,S. Richardson,D. Jurzyk,A. Flaisch-J.,A. Sourdrille,PW,1,10,PW25,"V,1,10,V25","8,1,44",{DRIVE}:02:05,PANTHERS WROCLAW drive start at 02:05.,"V,1,10,V25",NA,02:05,NA,NA,NA,NA,NA,NA,8,V,PW,"PUNT,1,02:05,20","PUNT,1,00:49,26",3,6,1:16,PUNT,1,02:05,PW20,PUNT,1,00:49,PW26,NA
FGPW2103,PW,FG,Panthers Wroclaw,Frankfurt Galaxy,7/4/2021,Frankfurt,PSD Bank Arena,15:00,18:35,3:35,1800,25 degr.,SW11km/h,rainy w risk tstorm,T. Denker,M. Kattilus,H. Horak,S. Richardson,D. Jurzyk,A. Flaisch-J.,A. Sourdrille,PW,1,10,PW25,"V,1,10,V25","8,2,45","SPOT:V,V20,Y",PW ball on PW20.,"V,1,10,V20",NA,NA,NA,NA,NA,NA,NA,NA,8,V,PW,"PUNT,1,02:05,20","PUNT,1,00:49,26",3,6,1:16,PUNT,1,02:05,PW20,PUNT,1,00:49,PW26,NA
FGPW2103,PW,FG,Panthers Wroclaw,Frankfurt Galaxy,7/4/2021,Frankfurt,PSD Bank Arena,15:00,18:35,3:35,1800,25 degr.,SW11km/h,rainy w risk tstorm,T. Denker,M. Kattilus,H. Horak,S. Richardson,D. Jurzyk,A. Flaisch-J.,A. Sourdrille,PW,1,10,PW20,"V,1,10,V20","8,3,46","RUSH:25,V24, TACK:99,56",P. Pasqualini rush for 4 yards to the PW24 (K. Maier;S. Silva Gomez).,"V,2,6,V24",R,NA,NA,NA,NA,NA,NA,NA,8,V,PW,"PUNT,1,02:05,20","PUNT,1,00:49,26",3,6,1:16,PUNT,1,02:05,PW20,PUNT,1,00:49,PW26,NA
FGPW2103,PW,FG,Panthers Wroclaw,Frankfurt Galaxy,7/4/2021,Frankfurt,PSD Bank Arena,15:00,18:35,3:35,1800,25 degr.,SW11km/h,rainy w risk tstorm,T. Denker,M. Kattilus,H. Horak,S. Richardson,D. Jurzyk,A. Flaisch-J.,A. Sourdrille,PW,2,6,PW24,"V,2,6,V24","8,4,47","RUSH:25,V26, TACK:41,40",P. Pasqualini rush for 2 yards to the PW26 (S. Gauthier;K. King).,"V,3,4,V26",R,NA,NA,NA,NA,NA,NA,NA,8,V,PW,"PUNT,1,02:05,20","PUNT,1,00:49,26",3,6,1:16,PUNT,1,02:05,PW20,PUNT,1,00:49,PW26,NA
FGPW2103,PW,FG,Panthers Wroclaw,Frankfurt Galaxy,7/4/2021,Frankfurt,PSD Bank Arena,15:00,18:35,3:35,1800,25 degr.,SW11km/h,rainy w risk tstorm,T. Denker,M. Kattilus,H. Horak,S. Richardson,D. Jurzyk,A. Flaisch-J.,A. Sourdrille,PW,3,4,PW26,"V,3,4,V26","8,5,48","PASS:2,I,23,*",L. O'Connor pass incomplete to J. Mazan.,"V,4,4,V26",P,NA,NA,NA,NA,NA,NA,NA,8,V,PW,"PUNT,1,02:05,20","PUNT,1,00:49,26",3,6,1:16,PUNT,1,02:05,PW20,PUNT,1,00:49,PW26,NA
FGPW2103,PW,FG,Panthers Wroclaw,Frankfurt Galaxy,7/4/2021,Frankfurt,PSD Bank Arena,15:00,18:35,3:35,1800,25 degr.,SW11km/h,rainy w risk tstorm,T. Denker,M. Kattilus,H. Horak,S. Richardson,D. Jurzyk,A. Flaisch-J.,A. Sourdrille,PW,4,4,PW26,"V,4,4,V26","8,6,49","PUNT:11,H44",D. Panczyszyn punt 30 yards to the FG44.,"H,1,10,H44",U,NA,NA,NA,NA,NA,NA,NA,8,V,PW,"PUNT,1,02:05,20","PUNT,1,00:49,26",3,6,1:16,PUNT,1,02:05,PW20,PUNT,1,00:49,PW26,NA
FGPW2103,PW,FG,Panthers Wroclaw,Frankfurt Galaxy,7/4/2021,Frankfurt,PSD Bank Arena,15:00,18:35,3:35,1800,25 degr.,SW11km/h,rainy w risk tstorm,T. Denker,M. Kattilus,H. Horak,S. Richardson,D. Jurzyk,A. Flaisch-J.,A. Sourdrille,FG,1,10,FG44,"H,1,10,H44","9,1,50",{DRIVE}:00:49,FRANKFURT GALAXY drive start at 00:49.,"H,1,10,H44",NA,00:49,NA,NA,NA,NA,NA,NA,9,H,FG,"PUNT,1,00:49,44","PUNT,2,14:48,35",3,-9,1:01,PUNT,1,00:49,FG44,PUNT,2,14:48,FG35,NA
FGPW2103,PW,FG,Panthers Wroclaw,Frankfurt Galaxy,7/4/2021,Frankfurt,PSD Bank Arena,15:00,18:35,3:35,1800,25 degr.,SW11km/h,rainy w risk tstorm,T. Denker,M. Kattilus,H. Horak,S. Richardson,D. Jurzyk,A. Flaisch-J.,A. Sourdrille,FG,1,10,FG44,"H,1,10,H44","9,2,51","RUSH:33,H46, TACK:4,8",J. Rodney rush for 2 yards to the FG46 (W. Lloyd;H. Ogrodowcyk).,"H,2,8,H46",R,NA,NA,NA,NA,NA,NA,NA,9,H,FG,"PUNT,1,00:49,44","PUNT,2,14:48,35",3,-9,1:01,PUNT,1,00:49,FG44,PUNT,2,14:48,FG35,NA
FGPW2103,PW,FG,Panthers Wroclaw,Frankfurt Galaxy,7/4/2021,Frankfurt,PSD Bank Arena,15:00,18:35,3:35,1800,25 degr.,SW11km/h,rainy w risk tstorm,T. Denker,M. Kattilus,H. Horak,S. Richardson,D. Jurzyk,A. Flaisch-J.,A. Sourdrille,FG,2,8,FG46,"H,2,8,H46","9,3,52","PASS:7,I,86,*",J. Sullivan pass incomplete to L. Regler.,"H,3,8,H46",P,NA,NA,NA,NA,NA,NA,NA,9,H,FG,"PUNT,1,00:49,44","PUNT,2,14:48,35",3,-9,1:01,PUNT,1,00:49,FG44,PUNT,2,14:48,FG35,NA
FGPW2103,PW,FG,Panthers Wroclaw,Frankfurt Galaxy,7/4/2021,Frankfurt,PSD Bank Arena,15:00,18:35,3:35,1800,25 degr.,SW11km/h,rainy w risk tstorm,T. Denker,M. Kattilus,H. Horak,S. Richardson,D. Jurzyk,A. Flaisch-J.,A. Sourdrille,FG,3,8,FG46,"H,3,8,H46","9,4,53","PASS:7,S,94,H35 SACK:94",J. Sullivan sacked for loss of 11 yards to the FG35 (K. Brauns).,"H,4,19,H35",P,NA,NA,NA,NA,NA,NA,NA,9,H,FG,"PUNT,1,00:49,44","PUNT,2,14:48,35",3,-9,1:01,PUNT,1,00:49,FG44,PUNT,2,14:48,FG35,NA
FGPW2103,PW,FG,Panthers Wroclaw,Frankfurt Galaxy,7/4/2021,Frankfurt,PSD Bank Arena,15:00,18:35,3:35,1800,25 degr.,SW11km/h,rainy w risk tstorm,T. Denker,M. Kattilus,H. Horak,S. Richardson,D. Jurzyk,A. Flaisch-J.,A. Sourdrille,FG,4,19,FG35,"H,4,19,H35","9,5,54",Q:2 T:15:00,"Start of 2nd quarter, clock 15:00.","H,4,19,H35",#,15:00,NA,NA,NA,NA,NA,NA,9,H,FG,"PUNT,1,00:49,44","PUNT,2,14:48,35",3,-9,1:01,PUNT,1,00:49,FG44,PUNT,2,14:48,FG35,NA
FGPW2103,PW,FG,Panthers Wroclaw,Frankfurt Galaxy,7/4/2021,Frankfurt,PSD Bank Arena,15:00,18:35,3:35,1800,25 degr.,SW11km/h,rainy w risk tstorm,T. Denker,M. Kattilus,H. Horak,S. Richardson,D. Jurzyk,A. Flaisch-J.,A. Sourdrille,FG,4,19,FG35,"H,4,19,H35","9,6,55","PUNT:82,V24",H. Schwarz punt 41 yards to the PW24.,"V,1,10,V24",U,NA,NA,NA,NA,NA,NA,NA,9,H,FG,"PUNT,1,00:49,44","PUNT,2,14:48,35",3,-9,1:01,PUNT,1,00:49,FG44,PUNT,2,14:48,FG35,NA
FGPW2103,PW,FG,Panthers Wroclaw,Frankfurt Galaxy,7/4/2021,Frankfurt,PSD Bank Arena,15:00,18:35,3:35,1800,25 degr.,SW11km/h,rainy w risk tstorm,T. Denker,M. Kattilus,H. Horak,S. Richardson,D. Jurzyk,A. Flaisch-J.,A. Sourdrille,PW,1,10,PW24,"V,1,10,V24","10,1,56",{DRIVE}:14:48,PANTHERS WROCLAW drive start at 14:48.,"V,1,10,V24",NA,14:48,NA,NA,NA,NA,NA,NA,10,V,PW,"PUNT,2,14:48,24","INT,2,14:37,24",1,0,0:11,PUNT,2,14:48,PW24,INT,2,14:37,PW24,NA
FGPW2103,PW,FG,Panthers Wroclaw,Frankfurt Galaxy,7/4/2021,Frankfurt,PSD Bank Arena,15:00,18:35,3:35,1800,25 degr.,SW11km/h,rainy w risk tstorm,T. Denker,M. Kattilus,H. Horak,S. Richardson,D. Jurzyk,A. Flaisch-J.,A. Sourdrille,PW,1,10,PW24,"V,1,10,V24","10,2,57","PASS:2,X,10,H50 RET:10,V49 +:23,V42 TACK:82","L. O'Connor pass intercepted by O. Williams at the 50 yardline, O. Williams return 1 yards to the PW49, D. Cooper for 7 yards to the PW42 (P. Banat).","H,1,10,V42",P,NA,NA,NA,I,NA,NA,NA,10,V,PW,"PUNT,2,14:48,24","INT,2,14:37,24",1,0,0:11,PUNT,2,14:48,PW24,INT,2,14:37,PW24,NA
FGPW2103,PW,FG,Panthers Wroclaw,Frankfurt Galaxy,7/4/2021,Frankfurt,PSD Bank Arena,15:00,18:35,3:35,1800,25 degr.,SW11km/h,rainy w risk tstorm,T. Denker,M. Kattilus,H. Horak,S. Richardson,D. Jurzyk,A. Flaisch-J.,A. Sourdrille,FG,1,10,PW42,"H,1,10,V42","11,1,58",{DRIVE}:14:37,FRANKFURT GALAXY drive start at 14:37.,"H,1,10,V42",NA,14:37,NA,NA,NA,NA,NA,NA,11,H,FG,"INT,2,14:37,51","PUNT,2,13:14,64",3,13,1:23,INT,2,14:37,PW49,PUNT,2,13:14,PW36,NA
FGPW2103,PW,FG,Panthers Wroclaw,Frankfurt Galaxy,7/4/2021,Frankfurt,PSD Bank Arena,15:00,18:35,3:35,1800,25 degr.,SW11km/h,rainy w risk tstorm,T. Denker,M. Kattilus,H. Horak,S. Richardson,D. Jurzyk,A. Flaisch-J.,A. Sourdrille,FG,1,10,PW42,"H,1,10,V42","11,2,59","RUSH:33,V38, TACK:4,8",J. Rodney rush for 4 yards to the PW38 (W. Lloyd;H. Ogrodowcyk).,"H,2,6,V38",R,NA,NA,NA,NA,NA,NA,NA,11,H,FG,"INT,2,14:37,51","PUNT,2,13:14,64",3,13,1:23,INT,2,14:37,PW49,PUNT,2,13:14,PW36,NA
FGPW2103,PW,FG,Panthers Wroclaw,Frankfurt Galaxy,7/4/2021,Frankfurt,PSD Bank Arena,15:00,18:35,3:35,1800,25 degr.,SW11km/h,rainy w risk tstorm,T. Denker,M. Kattilus,H. Horak,S. Richardson,D. Jurzyk,A. Flaisch-J.,A. Sourdrille,FG,2,6,PW38,"H,2,6,V38","11,3,60","RUSH:33,V36, TACK:97,5",J. Rodney rush for 2 yards to the PW36 (L. Gembara;G. Zec).,"H,3,4,V36",R,NA,NA,NA,NA,NA,NA,NA,11,H,FG,"INT,2,14:37,51","PUNT,2,13:14,64",3,13,1:23,INT,2,14:37,PW49,PUNT,2,13:14,PW36,NA
FGPW2103,PW,FG,Panthers Wroclaw,Frankfurt Galaxy,7/4/2021,Frankfurt,PSD Bank Arena,15:00,18:35,3:35,1800,25 degr.,SW11km/h,rainy w risk tstorm,T. Denker,M. Kattilus,H. Horak,S. Richardson,D. Jurzyk,A. Flaisch-J.,A. Sourdrille,FG,3,4,PW36,"H,3,4,V36","11,4,61","PASS:7,I,87,*",J. Sullivan pass incomplete to K. Mwamba.,"H,4,4,V36",P,NA,NA,NA,NA,NA,NA,NA,11,H,FG,"INT,2,14:37,51","PUNT,2,13:14,64",3,13,1:23,INT,2,14:37,PW49,PUNT,2,13:14,PW36,NA
FGPW2103,PW,FG,Panthers Wroclaw,Frankfurt Galaxy,7/4/2021,Frankfurt,PSD Bank Arena,15:00,18:35,3:35,1800,25 degr.,SW11km/h,rainy w risk tstorm,T. Denker,M. Kattilus,H. Horak,S. Richardson,D. Jurzyk,A. Flaisch-J.,A. Sourdrille,FG,4,4,PW36,"H,4,4,V36","11,5,62","PUNT:82,V13 OB:","H. Schwarz punt 23 yards to the PW13, out-of-bounds.","V,1,10,V13",U,NA,NA,Y,NA,NA,NA,NA,11,H,FG,"INT,2,14:37,51","PUNT,2,13:14,64",3,13,1:23,INT,2,14:37,PW49,PUNT,2,13:14,PW36,NA
FGPW2103,PW,FG,Panthers Wroclaw,Frankfurt Galaxy,7/4/2021,Frankfurt,PSD Bank Arena,15:00,18:35,3:35,1800,25 degr.,SW11km/h,rainy w risk tstorm,T. Denker,M. Kattilus,H. Horak,S. Richardson,D. Jurzyk,A. Flaisch-J.,A. Sourdrille,PW,1,10,PW13,"V,1,10,V13","12,1,63",{DRIVE}:13:14,PANTHERS WROCLAW drive start at 13:14.,"V,1,10,V13",NA,13:14,NA,NA,NA,NA,NA,NA,12,V,PW,"PUNT,2,13:14,13","PUNT,2,08:57,39",6,26,4:17,PUNT,2,13:14,PW13,PUNT,2,08:57,PW39,NA
FGPW2103,PW,FG,Panthers Wroclaw,Frankfurt Galaxy,7/4/2021,Frankfurt,PSD Bank Arena,15:00,18:35,3:35,1800,25 degr.,SW11km/h,rainy w risk tstorm,T. Denker,M. Kattilus,H. Horak,S. Richardson,D. Jurzyk,A. Flaisch-J.,A. Sourdrille,PW,1,10,PW13,"V,1,10,V13","12,2,64","PASS:2,C,7,V26 TACK:23","L. O'Connor pass complete to J. Wasiel for 13 yards to the PW26, 1ST DOWN PW (D. Cooper).","V,1,10,V26",P,NA,P,NA,NA,NA,NA,NA,12,V,PW,"PUNT,2,13:14,13","PUNT,2,08:57,39",6,26,4:17,PUNT,2,13:14,PW13,PUNT,2,08:57,PW39,NA
FGPW2103,PW,FG,Panthers Wroclaw,Frankfurt Galaxy,7/4/2021,Frankfurt,PSD Bank Arena,15:00,18:35,3:35,1800,25 degr.,SW11km/h,rainy w risk tstorm,T. Denker,M. Kattilus,H. Horak,S. Richardson,D. Jurzyk,A. Flaisch-J.,A. Sourdrille,PW,1,10,PW26,"V,1,10,V26","12,3,65","RUSH:24,V31, TACK:41",M. Herndon rush for 5 yards to the PW31 (S. Gauthier).,"V,2,5,V31",R,NA,NA,NA,NA,NA,NA,NA,12,V,PW,"PUNT,2,13:14,13","PUNT,2,08:57,39",6,26,4:17,PUNT,2,13:14,PW13,PUNT,2,08:57,PW39,NA
FGPW2103,PW,FG,Panthers Wroclaw,Frankfurt Galaxy,7/4/2021,Frankfurt,PSD Bank Arena,15:00,18:35,3:35,1800,25 degr.,SW11km/h,rainy w risk tstorm,T. Denker,M. Kattilus,H. Horak,S. Richardson,D. Jurzyk,A. Flaisch-J.,A. Sourdrille,PW,2,5,PW31,"V,2,5,V31","12,4,66","RUSH:24,V45, TACK:41,23","M. Herndon rush for 14 yards to the PW45, 1ST DOWN PW (S. Gauthier;D. Cooper).","V,1,10,V45",R,NA,R,NA,NA,NA,NA,NA,12,V,PW,"PUNT,2,13:14,13","PUNT,2,08:57,39",6,26,4:17,PUNT,2,13:14,PW13,PUNT,2,08:57,PW39,NA
FGPW2103,PW,FG,Panthers Wroclaw,Frankfurt Galaxy,7/4/2021,Frankfurt,PSD Bank Arena,15:00,18:35,3:35,1800,25 degr.,SW11km/h,rainy w risk tstorm,T. Denker,M. Kattilus,H. Horak,S. Richardson,D. Jurzyk,A. Flaisch-J.,A. Sourdrille,PW,1,10,PW45,"V,1,10,V45","12,5,67","RUSH:25,V48, OB:","P. Pasqualini rush for 3 yards to the PW48, out-of-bounds.","V,2,7,V48",R,NA,NA,Y,NA,NA,NA,NA,12,V,PW,"PUNT,2,13:14,13","PUNT,2,08:57,39",6,26,4:17,PUNT,2,13:14,PW13,PUNT,2,08:57,PW39,NA
FGPW2103,PW,FG,Panthers Wroclaw,Frankfurt Galaxy,7/4/2021,Frankfurt,PSD Bank Arena,15:00,18:35,3:35,1800,25 degr.,SW11km/h,rainy w risk tstorm,T. Denker,M. Kattilus,H. Horak,S. Richardson,D. Jurzyk,A. Flaisch-J.,A. Sourdrille,PW,2,7,PW48,"V,2,7,V48","12,6,68","PASS:2,I,7,* BRUP:40",L. O'Connor pass incomplete to J. Wasiel (K. King).,"V,3,7,V48",P,NA,NA,NA,NA,NA,NA,NA,12,V,PW,"PUNT,2,13:14,13","PUNT,2,08:57,39",6,26,4:17,PUNT,2,13:14,PW13,PUNT,2,08:57,PW39,NA
FGPW2103,PW,FG,Panthers Wroclaw,Frankfurt Galaxy,7/4/2021,Frankfurt,PSD Bank Arena,15:00,18:35,3:35,1800,25 degr.,SW11km/h,rainy w risk tstorm,T. Denker,M. Kattilus,H. Horak,S. Richardson,D. Jurzyk,A. Flaisch-J.,A. Sourdrille,PW,3,7,PW48,"V,3,7,V48","12,7,69",TOUT:H T:11:09,"Timeout Frankfurt Galaxy, clock 11:09.","V,3,7,V48",#,11:09,NA,NA,NA,NA,NA,NA,12,V,PW,"PUNT,2,13:14,13","PUNT,2,08:57,39",6,26,4:17,PUNT,2,13:14,PW13,PUNT,2,08:57,PW39,NA
FGPW2103,PW,FG,Panthers Wroclaw,Frankfurt Galaxy,7/4/2021,Frankfurt,PSD Bank Arena,15:00,18:35,3:35,1800,25 degr.,SW11km/h,rainy w risk tstorm,T. Denker,M. Kattilus,H. Horak,S. Richardson,D. Jurzyk,A. Flaisch-J.,A. Sourdrille,PW,3,7,PW48,"V,3,7,V48","12,8,70","PASS:2,S,25,V39 SACK:25",L. O'Connor sacked for loss of 9 yards to the PW39 (B. Barnes).,"V,4,16,V39",P,NA,NA,NA,NA,NA,NA,NA,12,V,PW,"PUNT,2,13:14,13","PUNT,2,08:57,39",6,26,4:17,PUNT,2,13:14,PW13,PUNT,2,08:57,PW39,NA
FGPW2103,PW,FG,Panthers Wroclaw,Frankfurt Galaxy,7/4/2021,Frankfurt,PSD Bank Arena,15:00,18:35,3:35,1800,25 degr.,SW11km/h,rainy w risk tstorm,T. Denker,M. Kattilus,H. Horak,S. Richardson,D. Jurzyk,A. Flaisch-J.,A. Sourdrille,PW,4,16,PW39,"V,4,16,V39","12,9,71","PUNT:11,H32 RET:14,H32 FORCE:1 FUMB:V,H24,1","D. Panczyszyn punt 29 yards to the FG32, J. Poznanski return 0 yards to the FG32, fumble forced by D. Robinson, fumble by J. Poznanski recovered by PW D. Robinson at FG24.","V,1,10,H24",U,NA,NA,NA,F,NA,NA,NA,12,V,PW,"PUNT,2,13:14,13","PUNT,2,08:57,39",6,26,4:17,PUNT,2,13:14,PW13,PUNT,2,08:57,PW39,NA
FGPW2103,PW,FG,Panthers Wroclaw,Frankfurt Galaxy,7/4/2021,Frankfurt,PSD Bank Arena,15:00,18:35,3:35,1800,25 degr.,SW11km/h,rainy w risk tstorm,T. Denker,M. Kattilus,H. Horak,S. Richardson,D. Jurzyk,A. Flaisch-J.,A. Sourdrille,PW,1,10,FG24,"V,1,10,H24","14,1,72","PASS:2,I,23,*",L. O'Connor pass incomplete to J. Mazan.,"V,2,10,H24",P,NA,NA,NA,NA,NA,NA,NA,14,V,PW,"FUMB,2,08:57,76","DOWNS,2,08:55,73",4,-3,0:02,FUMB,2,08:57,FG24,DOWNS,2,08:55,FG27,NA
FGPW2103,PW,FG,Panthers Wroclaw,Frankfurt Galaxy,7/4/2021,Frankfurt,PSD Bank Arena,15:00,18:35,3:35,1800,25 degr.,SW11km/h,rainy w risk tstorm,T. Denker,M. Kattilus,H. Horak,S. Richardson,D. Jurzyk,A. Flaisch-J.,A. Sourdrille,PW,2,10,FG24,"V,2,10,H24","14,2,73","PASS:2,C,40,H20 TACK:14,46",L. O'Connor pass complete to K. Starcyweski for 4 yards to the FG20 (J. Poznanski;O. Ogbevoen).,"V,3,6,H20",P,NA,NA,NA,NA,NA,NA,NA,14,V,PW,"FUMB,2,08:57,76","DOWNS,2,08:55,73",4,-3,0:02,FUMB,2,08:57,FG24,DOWNS,2,08:55,FG27,NA
FGPW2103,PW,FG,Panthers Wroclaw,Frankfurt Galaxy,7/4/2021,Frankfurt,PSD Bank Arena,15:00,18:35,3:35,1800,25 degr.,SW11km/h,rainy w risk tstorm,T. Denker,M. Kattilus,H. Horak,S. Richardson,D. Jurzyk,A. Flaisch-J.,A. Sourdrille,PW,3,6,FG20,"V,3,6,H20","14,3,74","PASS:2,C,82,H15 TACK:56",L. O'Connor pass complete to P. Banat for 5 yards to the FG15 (S. Silva Gomez).,"V,4,1,H15",P,NA,NA,NA,NA,NA,NA,NA,14,V,PW,"FUMB,2,08:57,76","DOWNS,2,08:55,73",4,-3,0:02,FUMB,2,08:57,FG24,DOWNS,2,08:55,FG27,NA
FGPW2103,PW,FG,Panthers Wroclaw,Frankfurt Galaxy,7/4/2021,Frankfurt,PSD Bank Arena,15:00,18:35,3:35,1800,25 degr.,SW11km/h,rainy w risk tstorm,T. Denker,M. Kattilus,H. Horak,S. Richardson,D. Jurzyk,A. Flaisch-J.,A. Sourdrille,PW,4,1,FG15,"V,4,1,H15","14,4,75","PEN:V,SU,A,TM,H20,N",PENALTY PW substitution infraction 5 yards to the FG20.,"V,4,6,H20",E,NA,NA,NA,NA,NA,NA,NA,14,V,PW,"FUMB,2,08:57,76","DOWNS,2,08:55,73",4,-3,0:02,FUMB,2,08:57,FG24,DOWNS,2,08:55,FG27,NA
FGPW2103,PW,FG,Panthers Wroclaw,Frankfurt Galaxy,7/4/2021,Frankfurt,PSD Bank Arena,15:00,18:35,3:35,1800,25 degr.,SW11km/h,rainy w risk tstorm,T. Denker,M. Kattilus,H. Horak,S. Richardson,D. Jurzyk,A. Flaisch-J.,A. Sourdrille,PW,4,6,FG20,"V,4,6,H20","14,5,76","RUSH:11,H27, TACK:56,41 T:08:57","D. Panczyszyn rush for loss of 7 yards to the FG27 (S. Silva Gomez;S. Gauthier), clock 08:57.","H,1,10,H27",R,08:57,NA,NA,NA,NA,NA,NA,14,V,PW,"FUMB,2,08:57,76","DOWNS,2,08:55,73",4,-3,0:02,FUMB,2,08:57,FG24,DOWNS,2,08:55,FG27,NA
FGPW2103,PW,FG,Panthers Wroclaw,Frankfurt Galaxy,7/4/2021,Frankfurt,PSD Bank Arena,15:00,18:35,3:35,1800,25 degr.,SW11km/h,rainy w risk tstorm,T. Denker,M. Kattilus,H. Horak,S. Richardson,D. Jurzyk,A. Flaisch-J.,A. Sourdrille,FG,1,10,FG27,"H,1,10,H27","15,1,77",T:08:55,Clock 08:55.,"H,1,10,H27",#,08:55,NA,NA,NA,NA,NA,NA,15,H,FG,"DOWNS,2,08:55,27","PUNT,2,07:13,26",3,-1,1:42,DOWNS,2,08:55,FG27,PUNT,2,07:13,FG26,NA
FGPW2103,PW,FG,Panthers Wroclaw,Frankfurt Galaxy,7/4/2021,Frankfurt,PSD Bank Arena,15:00,18:35,3:35,1800,25 degr.,SW11km/h,rainy w risk tstorm,T. Denker,M. Kattilus,H. Horak,S. Richardson,D. Jurzyk,A. Flaisch-J.,A. Sourdrille,FG,1,10,FG27,"H,1,10,H27","15,2,78","PASS:7,I,86,*",J. Sullivan pass incomplete to L. Regler.,"H,2,10,H27",P,NA,NA,NA,NA,NA,NA,NA,15,H,FG,"DOWNS,2,08:55,27","PUNT,2,07:13,26",3,-1,1:42,DOWNS,2,08:55,FG27,PUNT,2,07:13,FG26,NA
FGPW2103,PW,FG,Panthers Wroclaw,Frankfurt Galaxy,7/4/2021,Frankfurt,PSD Bank Arena,15:00,18:35,3:35,1800,25 degr.,SW11km/h,rainy w risk tstorm,T. Denker,M. Kattilus,H. Horak,S. Richardson,D. Jurzyk,A. Flaisch-J.,A. Sourdrille,FG,2,10,FG27,"H,2,10,H27","15,3,79","PASS:7,S,TM,H19 SACK:94",J. Sullivan sacked for loss of 8 yards to the FG19 (K. Brauns).,"H,3,18,H19",P,NA,NA,NA,NA,NA,NA,NA,15,H,FG,"DOWNS,2,08:55,27","PUNT,2,07:13,26",3,-1,1:42,DOWNS,2,08:55,FG27,PUNT,2,07:13,FG26,NA
FGPW2103,PW,FG,Panthers Wroclaw,Frankfurt Galaxy,7/4/2021,Frankfurt,PSD Bank Arena,15:00,18:35,3:35,1800,25 degr.,SW11km/h,rainy w risk tstorm,T. Denker,M. Kattilus,H. Horak,S. Richardson,D. Jurzyk,A. Flaisch-J.,A. Sourdrille,FG,3,18,FG19,"H,3,18,H19","15,4,80","RUSH:7,H26, TACK:94",J. Sullivan rush for 7 yards to the FG26 (K. Brauns).,"H,4,11,H26",R,NA,NA,NA,NA,NA,NA,NA,15,H,FG,"DOWNS,2,08:55,27","PUNT,2,07:13,26",3,-1,1:42,DOWNS,2,08:55,FG27,PUNT,2,07:13,FG26,NA
FGPW2103,PW,FG,Panthers Wroclaw,Frankfurt Galaxy,7/4/2021,Frankfurt,PSD Bank Arena,15:00,18:35,3:35,1800,25 degr.,SW11km/h,rainy w risk tstorm,T. Denker,M. Kattilus,H. Horak,S. Richardson,D. Jurzyk,A. Flaisch-J.,A. Sourdrille,FG,4,11,FG26,"H,4,11,H26","15,5,81","PUNT:82,V48 RET:4,V48 FORCE:10 FUMB:H,V48,53","H. Schwarz punt 26 yards to the PW48, W. Lloyd return 0 yards to the PW48, fumble forced by O. Williams, fumble by W. Lloyd recovered by FG D. Josiah at PW48.","H,1,10,V48",U,NA,NA,NA,F,NA,NA,NA,15,H,FG,"DOWNS,2,08:55,27","PUNT,2,07:13,26",3,-1,1:42,DOWNS,2,08:55,FG27,PUNT,2,07:13,FG26,NA
FGPW2103,PW,FG,Panthers Wroclaw,Frankfurt Galaxy,7/4/2021,Frankfurt,PSD Bank Arena,15:00,18:35,3:35,1800,25 degr.,SW11km/h,rainy w risk tstorm,T. Denker,M. Kattilus,H. Horak,S. Richardson,D. Jurzyk,A. Flaisch-J.,A. Sourdrille,FG,1,10,PW48,"H,1,10,V48","17,1,82",{DRIVE}:07:13,FRANKFURT GALAXY drive start at 07:13.,"H,1,10,V48",NA,07:13,NA,NA,NA,NA,NA,NA,17,H,FG,"FUMB,2,07:13,52","PUNT,2,05:58,54",3,2,1:15,FUMB,2,07:13,PW48,PUNT,2,05:58,PW46,NA
FGPW2103,PW,FG,Panthers Wroclaw,Frankfurt Galaxy,7/4/2021,Frankfurt,PSD Bank Arena,15:00,18:35,3:35,1800,25 degr.,SW11km/h,rainy w risk tstorm,T. Denker,M. Kattilus,H. Horak,S. Richardson,D. Jurzyk,A. Flaisch-J.,A. Sourdrille,FG,1,10,PW48,"H,1,10,V48","17,2,83",TOUT:H T:07:13,"Timeout Frankfurt Galaxy, clock 07:13.","H,1,10,V48",#,07:13,NA,NA,NA,NA,NA,NA,17,H,FG,"FUMB,2,07:13,52","PUNT,2,05:58,54",3,2,1:15,FUMB,2,07:13,PW48,PUNT,2,05:58,PW46,NA
FGPW2103,PW,FG,Panthers Wroclaw,Frankfurt Galaxy,7/4/2021,Frankfurt,PSD Bank Arena,15:00,18:35,3:35,1800,25 degr.,SW11km/h,rainy w risk tstorm,T. Denker,M. Kattilus,H. Horak,S. Richardson,D. Jurzyk,A. Flaisch-J.,A. Sourdrille,FG,1,10,PW48,"H,1,10,V48","17,3,84","PASS:7,C,13,V39 OB:","J. Sullivan pass complete to M. Rutsch for 9 yards to the PW39, out-of-bounds.","H,2,1,V39",P,NA,NA,Y,NA,NA,NA,NA,17,H,FG,"FUMB,2,07:13,52","PUNT,2,05:58,54",3,2,1:15,FUMB,2,07:13,PW48,PUNT,2,05:58,PW46,NA
FGPW2103,PW,FG,Panthers Wroclaw,Frankfurt Galaxy,7/4/2021,Frankfurt,PSD Bank Arena,15:00,18:35,3:35,1800,25 degr.,SW11km/h,rainy w risk tstorm,T. Denker,M. Kattilus,H. Horak,S. Richardson,D. Jurzyk,A. Flaisch-J.,A. Sourdrille,FG,2,1,PW39,"H,2,1,V39","17,4,85","PASS:7,S,8,V46 SACK:8",J. Sullivan sacked for loss of 7 yards to the PW46 (H. Ogrodowcyk).,"H,3,8,V46",P,NA,NA,NA,NA,NA,NA,NA,17,H,FG,"FUMB,2,07:13,52","PUNT,2,05:58,54",3,2,1:15,FUMB,2,07:13,PW48,PUNT,2,05:58,PW46,NA
FGPW2103,PW,FG,Panthers Wroclaw,Frankfurt Galaxy,7/4/2021,Frankfurt,PSD Bank Arena,15:00,18:35,3:35,1800,25 degr.,SW11km/h,rainy w risk tstorm,T. Denker,M. Kattilus,H. Horak,S. Richardson,D. Jurzyk,A. Flaisch-J.,A. Sourdrille,FG,3,8,PW46,"H,3,8,V46","17,5,86","PASS:7,I,19,* BRUP:5",J. Sullivan pass incomplete to N. Strahmann (G. Zec).,"H,4,8,V46",P,NA,NA,NA,NA,NA,NA,NA,17,H,FG,"FUMB,2,07:13,52","PUNT,2,05:58,54",3,2,1:15,FUMB,2,07:13,PW48,PUNT,2,05:58,PW46,NA
FGPW2103,PW,FG,Panthers Wroclaw,Frankfurt Galaxy,7/4/2021,Frankfurt,PSD Bank Arena,15:00,18:35,3:35,1800,25 degr.,SW11km/h,rainy w risk tstorm,T. Denker,M. Kattilus,H. Horak,S. Richardson,D. Jurzyk,A. Flaisch-J.,A. Sourdrille,FG,4,8,PW46,"H,4,8,V46","17,6,87","PUNT:82,V00 TB:","H. Schwarz punt 46 yards to the PW0, touchback.","V,1,10,V25",U,NA,NA,NA,NA,NA,NA,NA,17,H,FG,"FUMB,2,07:13,52","PUNT,2,05:58,54",3,2,1:15,FUMB,2,07:13,PW48,PUNT,2,05:58,PW46,NA
FGPW2103,PW,FG,Panthers Wroclaw,Frankfurt Galaxy,7/4/2021,Frankfurt,PSD Bank Arena,15:00,18:35,3:35,1800,25 degr.,SW11km/h,rainy w risk tstorm,T. Denker,M. Kattilus,H. Horak,S. Richardson,D. Jurzyk,A. Flaisch-J.,A. Sourdrille,PW,1,10,PW25,"V,1,10,V25","18,1,88",{DRIVE}:05:58,PANTHERS WROCLAW drive start at 05:58.,"V,1,10,V25",NA,05:58,NA,NA,NA,NA,NA,NA,18,V,PW,"PUNT,2,05:58,20","INT,2,05:55,20",1,0,0:03,PUNT,2,05:58,PW20,INT,2,05:55,PW20,NA
FGPW2103,PW,FG,Panthers Wroclaw,Frankfurt Galaxy,7/4/2021,Frankfurt,PSD Bank Arena,15:00,18:35,3:35,1800,25 degr.,SW11km/h,rainy w risk tstorm,T. Denker,M. Kattilus,H. Horak,S. Richardson,D. Jurzyk,A. Flaisch-J.,A. Sourdrille,PW,1,10,PW25,"V,1,10,V25","18,2,89","SPOT:V,V20,Y",PW ball on PW20.,"V,1,10,V20",NA,NA,NA,NA,NA,NA,NA,NA,18,V,PW,"PUNT,2,05:58,20","INT,2,05:55,20",1,0,0:03,PUNT,2,05:58,PW20,INT,2,05:55,PW20,NA
FGPW2103,PW,FG,Panthers Wroclaw,Frankfurt Galaxy,7/4/2021,Frankfurt,PSD Bank Arena,15:00,18:35,3:35,1800,25 degr.,SW11km/h,rainy w risk tstorm,T. Denker,M. Kattilus,H. Horak,S. Richardson,D. Jurzyk,A. Flaisch-J.,A. Sourdrille,PW,1,10,PW20,"V,1,10,V20","18,3,90","PASS:2,X,41,V30 RET:41,V00 T:05:55","L. O'Connor pass intercepted by S. Gauthier at the PW30, S. Gauthier return 30 yards to the PW0, TOUCHDOWN, clock 05:55.","H,1,10,V15",P,05:55,NA,NA,I,Y,0,6,18,V,PW,"PUNT,2,05:58,20","INT,2,05:55,20",1,0,0:03,PUNT,2,05:58,PW20,INT,2,05:55,PW20,NA
FGPW2103,PW,FG,Panthers Wroclaw,Frankfurt Galaxy,7/4/2021,Frankfurt,PSD Bank Arena,15:00,18:35,3:35,1800,25 degr.,SW11km/h,rainy w risk tstorm,T. Denker,M. Kattilus,H. Horak,S. Richardson,D. Jurzyk,A. Flaisch-J.,A. Sourdrille,FG,1,10,PW15,"H,1,10,V15","19,1,91","PAT:K,15,M",M. Siemssen kick attempt failed.,"H,1,0,H35",X,NA,NA,NA,NA,NA,NA,NA,19,H,FG,"INT,2,05:55,100","TD,2,05:55,100",0,0,0:00,INT,2,05:55,PW00,TD,2,05:55,PW00,NA
FGPW2103,PW,FG,Panthers Wroclaw,Frankfurt Galaxy,7/4/2021,Frankfurt,PSD Bank Arena,15:00,18:35,3:35,1800,25 degr.,SW11km/h,rainy w risk tstorm,T. Denker,M. Kattilus,H. Horak,S. Richardson,D. Jurzyk,A. Flaisch-J.,A. Sourdrille,FG,1,0,FG35,"H,1,0,H35","19,2,92","KO:19,V05 RET:4,V30 TACK:57,43","N. Strahmann kickoff 60 yards to the PW5, W. Lloyd return 25 yards to the PW30 (M. Krauss;J. Silva Gomez).","V,1,10,V30",K,NA,NA,NA,NA,NA,NA,NA,19,H,FG,"INT,2,05:55,100","TD,2,05:55,100",0,0,0:00,INT,2,05:55,PW00,TD,2,05:55,PW00,NA
FGPW2103,PW,FG,Panthers Wroclaw,Frankfurt Galaxy,7/4/2021,Frankfurt,PSD Bank Arena,15:00,18:35,3:35,1800,25 degr.,SW11km/h,rainy w risk tstorm,T. Denker,M. Kattilus,H. Horak,S. Richardson,D. Jurzyk,A. Flaisch-J.,A. Sourdrille,PW,1,10,PW30,"V,1,10,V30","20,1,93",{DRIVE}:05:35,PANTHERS WROCLAW drive start at 05:35.,"V,1,10,V30",NA,05:35,NA,NA,NA,NA,NA,NA,20,V,PW,"KO,2,05:35,30","TD,2,00:20,100",11,70,5:15,KO,2,05:35,PW30,TD,2,00:20,FG00,1
FGPW2103,PW,FG,Panthers Wroclaw,Frankfurt Galaxy,7/4/2021,Frankfurt,PSD Bank Arena,15:00,18:35,3:35,1800,25 degr.,SW11km/h,rainy w risk tstorm,T. Denker,M. Kattilus,H. Horak,S. Richardson,D. Jurzyk,A. Flaisch-J.,A. Sourdrille,PW,1,10,PW30,"V,1,10,V30","20,2,94","RUSH:25,V35, TACK:95",P. Pasqualini rush for 5 yards to the PW35 (M. Konya).,"V,2,5,V35",R,NA,NA,NA,NA,NA,NA,NA,20,V,PW,"KO,2,05:35,30","TD,2,00:20,100",11,70,5:15,KO,2,05:35,PW30,TD,2,00:20,FG00,1
FGPW2103,PW,FG,Panthers Wroclaw,Frankfurt Galaxy,7/4/2021,Frankfurt,PSD Bank Arena,15:00,18:35,3:35,1800,25 degr.,SW11km/h,rainy w risk tstorm,T. Denker,M. Kattilus,H. Horak,S. Richardson,D. Jurzyk,A. Flaisch-J.,A. Sourdrille,PW,2,5,PW35,"V,2,5,V35","20,3,95","RUSH:25,H45, TACK:56","P. Pasqualini rush for 20 yards to the FG45, 1ST DOWN PW (S. Silva Gomez).","V,1,10,H45",R,NA,R,NA,NA,NA,NA,NA,20,V,PW,"KO,2,05:35,30","TD,2,00:20,100",11,70,5:15,KO,2,05:35,PW30,TD,2,00:20,FG00,1
FGPW2103,PW,FG,Panthers Wroclaw,Frankfurt Galaxy,7/4/2021,Frankfurt,PSD Bank Arena,15:00,18:35,3:35,1800,25 degr.,SW11km/h,rainy w risk tstorm,T. Denker,M. Kattilus,H. Horak,S. Richardson,D. Jurzyk,A. Flaisch-J.,A. Sourdrille,PW,1,10,FG45,"V,1,10,H45","20,4,96","RUSH:25,H39, TACK:90,99",P. Pasqualini rush for 6 yards to the FG39 (M. A. Hor;K. Maier).,"V,2,4,H39",R,NA,NA,NA,NA,NA,NA,NA,20,V,PW,"KO,2,05:35,30","TD,2,00:20,100",11,70,5:15,KO,2,05:35,PW30,TD,2,00:20,FG00,1
FGPW2103,PW,FG,Panthers Wroclaw,Frankfurt Galaxy,7/4/2021,Frankfurt,PSD Bank Arena,15:00,18:35,3:35,1800,25 degr.,SW11km/h,rainy w risk tstorm,T. Denker,M. Kattilus,H. Horak,S. Richardson,D. Jurzyk,A. Flaisch-J.,A. Sourdrille,PW,2,4,FG39,"V,2,4,H39","20,5,97","RUSH:24,H39, TACK:99",M. Herndon rush for no gain to the FG39 (K. Maier).,"V,3,4,H39",R,NA,NA,NA,NA,NA,NA,NA,20,V,PW,"KO,2,05:35,30","TD,2,00:20,100",11,70,5:15,KO,2,05:35,PW30,TD,2,00:20,FG00,1
FGPW2103,PW,FG,Panthers Wroclaw,Frankfurt Galaxy,7/4/2021,Frankfurt,PSD Bank Arena,15:00,18:35,3:35,1800,25 degr.,SW11km/h,rainy w risk tstorm,T. Denker,M. Kattilus,H. Horak,S. Richardson,D. Jurzyk,A. Flaisch-J.,A. Sourdrille,PW,3,4,FG39,"V,3,4,H39","20,6,98","RUSH:24,H38, TACK:40",M. Herndon rush for 1 yard to the FG38 (K. King).,"V,4,3,H38",R,NA,NA,NA,NA,NA,NA,NA,20,V,PW,"KO,2,05:35,30","TD,2,00:20,100",11,70,5:15,KO,2,05:35,PW30,TD,2,00:20,FG00,1
FGPW2103,PW,FG,Panthers Wroclaw,Frankfurt Galaxy,7/4/2021,Frankfurt,PSD Bank Arena,15:00,18:35,3:35,1800,25 degr.,SW11km/h,rainy w risk tstorm,T. Denker,M. Kattilus,H. Horak,S. Richardson,D. Jurzyk,A. Flaisch-J.,A. Sourdrille,PW,4,3,FG38,"V,4,3,H38","20,7,99",TOUT:V T:02:22,"Timeout Panthers Wroclaw, clock 02:22.","V,4,3,H38",#,02:22,NA,NA,NA,NA,NA,NA,20,V,PW,"KO,2,05:35,30","TD,2,00:20,100",11,70,5:15,KO,2,05:35,PW30,TD,2,00:20,FG00,1
FGPW2103,PW,FG,Panthers Wroclaw,Frankfurt Galaxy,7/4/2021,Frankfurt,PSD Bank Arena,15:00,18:35,3:35,1800,25 degr.,SW11km/h,rainy w risk tstorm,T. Denker,M. Kattilus,H. Horak,S. Richardson,D. Jurzyk,A. Flaisch-J.,A. Sourdrille,PW,4,3,FG38,"V,4,3,H38","20,8,100","RUSH:24,H33, TACK:56,90","M. Herndon rush for 5 yards to the FG33, 1ST DOWN PW (S. Silva Gomez;M. A. Hor).","V,1,10,H33",R,NA,R,NA,NA,NA,NA,NA,20,V,PW,"KO,2,05:35,30","TD,2,00:20,100",11,70,5:15,KO,2,05:35,PW30,TD,2,00:20,FG00,1
FGPW2103,PW,FG,Panthers Wroclaw,Frankfurt Galaxy,7/4/2021,Frankfurt,PSD Bank Arena,15:00,18:35,3:35,1800,25 degr.,SW11km/h,rainy w risk tstorm,T. Denker,M. Kattilus,H. Horak,S. Richardson,D. Jurzyk,A. Flaisch-J.,A. Sourdrille,PW,1,10,FG33,"V,1,10,H33","20,9,101","PASS:2,C,15,H24 TACK:46,56",L. O'Connor pass complete to B. Dziedzic for 9 yards to the FG24 (O. Ogbevoen;S. Silva Gomez).,"V,2,1,H24",P,NA,NA,NA,NA,NA,NA,NA,20,V,PW,"KO,2,05:35,30","TD,2,00:20,100",11,70,5:15,KO,2,05:35,PW30,TD,2,00:20,FG00,1
FGPW2103,PW,FG,Panthers Wroclaw,Frankfurt Galaxy,7/4/2021,Frankfurt,PSD Bank Arena,15:00,18:35,3:35,1800,25 degr.,SW11km/h,rainy w risk tstorm,T. Denker,M. Kattilus,H. Horak,S. Richardson,D. Jurzyk,A. Flaisch-J.,A. Sourdrille,PW,2,1,FG24,"V,2,1,H24","20,10,102","RUSH:24,H18, TACK:40,94","M. Herndon rush for 6 yards to the FG18, 1ST DOWN PW (K. King;C. Udegbe).","V,1,10,H18",R,NA,R,NA,NA,NA,NA,NA,20,V,PW,"KO,2,05:35,30","TD,2,00:20,100",11,70,5:15,KO,2,05:35,PW30,TD,2,00:20,FG00,1
FGPW2103,PW,FG,Panthers Wroclaw,Frankfurt Galaxy,7/4/2021,Frankfurt,PSD Bank Arena,15:00,18:35,3:35,1800,25 degr.,SW11km/h,rainy w risk tstorm,T. Denker,M. Kattilus,H. Horak,S. Richardson,D. Jurzyk,A. Flaisch-J.,A. Sourdrille,PW,1,10,FG18,"V,1,10,H18","20,11,103","RUSH:24,H17, TACK:46,90",M. Herndon rush for 1 yard to the FG17 (O. Ogbevoen;M. A. Hor).,"V,2,9,H17",R,NA,NA,NA,NA,NA,NA,NA,20,V,PW,"KO,2,05:35,30","TD,2,00:20,100",11,70,5:15,KO,2,05:35,PW30,TD,2,00:20,FG00,1
FGPW2103,PW,FG,Panthers Wroclaw,Frankfurt Galaxy,7/4/2021,Frankfurt,PSD Bank Arena,15:00,18:35,3:35,1800,25 degr.,SW11km/h,rainy w risk tstorm,T. Denker,M. Kattilus,H. Horak,S. Richardson,D. Jurzyk,A. Flaisch-J.,A. Sourdrille,PW,2,9,FG17,"V,2,9,H17","20,12,104","PASS:2,C,15,H09 TACK:46",L. O'Connor pass complete to B. Dziedzic for 8 yards to the FG9 (O. Ogbevoen).,"V,3,1,H09",P,NA,NA,NA,NA,NA,NA,NA,20,V,PW,"KO,2,05:35,30","TD,2,00:20,100",11,70,5:15,KO,2,05:35,PW30,TD,2,00:20,FG00,1
FGPW2103,PW,FG,Panthers Wroclaw,Frankfurt Galaxy,7/4/2021,Frankfurt,PSD Bank Arena,15:00,18:35,3:35,1800,25 degr.,SW11km/h,rainy w risk tstorm,T. Denker,M. Kattilus,H. Horak,S. Richardson,D. Jurzyk,A. Flaisch-J.,A. Sourdrille,PW,3,1,FG09,"V,3,1,H09","20,13,105",TOUT:V T:00:23,"Timeout Panthers Wroclaw, clock 00:23.","V,3,1,H09",#,00:23,NA,NA,NA,NA,NA,NA,20,V,PW,"KO,2,05:35,30","TD,2,00:20,100",11,70,5:15,KO,2,05:35,PW30,TD,2,00:20,FG00,1
FGPW2103,PW,FG,Panthers Wroclaw,Frankfurt Galaxy,7/4/2021,Frankfurt,PSD Bank Arena,15:00,18:35,3:35,1800,25 degr.,SW11km/h,rainy w risk tstorm,T. Denker,M. Kattilus,H. Horak,S. Richardson,D. Jurzyk,A. Flaisch-J.,A. Sourdrille,PW,3,1,FG09,"V,3,1,H09","20,14,106","PASS:2,C,23,H00 T:00:20","L. O'Connor pass complete to J. Mazan for 9 yards to the FG0, 1ST DOWN PW, TOUCHDOWN, clock 00:20.","V,1,10,H15",P,00:20,P,NA,NA,Y,6,6,20,V,PW,"KO,2,05:35,30","TD,2,00:20,100",11,70,5:15,KO,2,05:35,PW30,TD,2,00:20,FG00,1
FGPW2103,PW,FG,Panthers Wroclaw,Frankfurt Galaxy,7/4/2021,Frankfurt,PSD Bank Arena,15:00,18:35,3:35,1800,25 degr.,SW11km/h,rainy w risk tstorm,T. Denker,M. Kattilus,H. Horak,S. Richardson,D. Jurzyk,A. Flaisch-J.,A. Sourdrille,PW,1,10,FG15,"V,1,10,H15","20,15,107","PAT:K,11,B,23,N BLOCK:23","D. Panczyszyn kick attempt failed (blocked), returned by D. Cooper - no score (blocked by D. Cooper).","V,1,0,V35",X,NA,NA,NA,NA,NA,NA,NA,20,V,PW,"KO,2,05:35,30","TD,2,00:20,100",11,70,5:15,KO,2,05:35,PW30,TD,2,00:20,FG00,1
FGPW2103,PW,FG,Panthers Wroclaw,Frankfurt Galaxy,7/4/2021,Frankfurt,PSD Bank Arena,15:00,18:35,3:35,1800,25 degr.,SW11km/h,rainy w risk tstorm,T. Denker,M. Kattilus,H. Horak,S. Richardson,D. Jurzyk,A. Flaisch-J.,A. Sourdrille,PW,1,0,PW35,"V,1,0,V35","20,16,108","KO:85,H23 RET:82,H42 OB:","O. Wypych kickoff 42 yards to the FG23, H. Schwarz return 19 yards to the FG42, out-of-bounds.","H,1,10,H42",K,NA,NA,Y,NA,NA,NA,NA,20,V,PW,"KO,2,05:35,30","TD,2,00:20,100",11,70,5:15,KO,2,05:35,PW30,TD,2,00:20,FG00,1
FGPW2103,PW,FG,Panthers Wroclaw,Frankfurt Galaxy,7/4/2021,Frankfurt,PSD Bank Arena,15:00,18:35,3:35,1800,25 degr.,SW11km/h,rainy w risk tstorm,T. Denker,M. Kattilus,H. Horak,S. Richardson,D. Jurzyk,A. Flaisch-J.,A. Sourdrille,FG,1,10,FG42,"H,1,10,H42","21,1,109",{DRIVE}:00:09,FRANKFURT GALAXY drive start at 00:09.,"H,1,10,H42",NA,00:09,NA,NA,NA,NA,NA,NA,21,H,FG,"KO,2,00:09,42","INT,2,00:00,46",2,4,0:09,KO,2,00:09,FG42,INT,2,00:00,FG46,NA
FGPW2103,PW,FG,Panthers Wroclaw,Frankfurt Galaxy,7/4/2021,Frankfurt,PSD Bank Arena,15:00,18:35,3:35,1800,25 degr.,SW11km/h,rainy w risk tstorm,T. Denker,M. Kattilus,H. Horak,S. Richardson,D. Jurzyk,A. Flaisch-J.,A. Sourdrille,FG,1,10,FG42,"H,1,10,H42","21,2,110","RUSH:7,H46, OB:","J. Sullivan rush for 4 yards to the FG46, out-of-bounds.","H,2,6,H46",R,NA,NA,Y,NA,NA,NA,NA,21,H,FG,"KO,2,00:09,42","INT,2,00:00,46",2,4,0:09,KO,2,00:09,FG42,INT,2,00:00,FG46,NA
FGPW2103,PW,FG,Panthers Wroclaw,Frankfurt Galaxy,7/4/2021,Frankfurt,PSD Bank Arena,15:00,18:35,3:35,1800,25 degr.,SW11km/h,rainy w risk tstorm,T. Denker,M. Kattilus,H. Horak,S. Richardson,D. Jurzyk,A. Flaisch-J.,A. Sourdrille,FG,2,6,FG46,"H,2,6,H46","21,3,111","PASS:7,X,5,V00 RET:5,V00 TB:","J. Sullivan pass intercepted by G. Zec at the PW0, G. Zec return 0 yards to the PW0, touchback.","V,1,10,V25",P,NA,NA,NA,I,NA,NA,NA,21,H,FG,"KO,2,00:09,42","INT,2,00:00,46",2,4,0:09,KO,2,00:09,FG42,INT,2,00:00,FG46,NA
FGPW2103,PW,FG,Panthers Wroclaw,Frankfurt Galaxy,7/4/2021,Frankfurt,PSD Bank Arena,15:00,18:35,3:35,1800,25 degr.,SW11km/h,rainy w risk tstorm,T. Denker,M. Kattilus,H. Horak,S. Richardson,D. Jurzyk,A. Flaisch-J.,A. Sourdrille,PW,1,10,PW25,"V,1,10,V25","22,1,112",{DRIVE}:00:00,PANTHERS WROCLAW drive start at 00:00.,"V,1,10,V25",NA,00:00,NA,NA,NA,NA,NA,NA,22,H,FG,"INT,2,00:00,35","HALF,2,00:00,35",0,0,0:00,INT,2,00:00,FG35,HALF,2,00:00,FG35,NA
FGPW2103,PW,FG,Panthers Wroclaw,Frankfurt Galaxy,7/4/2021,Frankfurt,PSD Bank Arena,15:00,18:35,3:35,1800,25 degr.,SW11km/h,rainy w risk tstorm,T. Denker,M. Kattilus,H. Horak,S. Richardson,D. Jurzyk,A. Flaisch-J.,A. Sourdrille,PW,1,10,PW25,"V,1,10,V25","22,2,113",HALF: T:00:00,"End of half, clock 00:00.","V,1,10,V25",#,00:00,NA,NA,NA,NA,NA,NA,22,H,FG,"INT,2,00:00,35","HALF,2,00:00,35",0,0,0:00,INT,2,00:00,FG35,HALF,2,00:00,FG35,NA
FGPW2103,PW,FG,Panthers Wroclaw,Frankfurt Galaxy,7/4/2021,Frankfurt,PSD Bank Arena,15:00,18:35,3:35,1800,25 degr.,SW11km/h,rainy w risk tstorm,T. Denker,M. Kattilus,H. Horak,S. Richardson,D. Jurzyk,A. Flaisch-J.,A. Sourdrille,PW,1,10,PW25,"V,1,10,V25","22,3,114","Q:3 T:15:00 SPOT:H,H35,Y","Start of 3rd quarter, clock 15:00, FG ball on FG35.","H,1,10,H35",#,15:00,NA,NA,NA,NA,NA,NA,22,H,FG,"INT,2,00:00,35","HALF,2,00:00,35",0,0,0:00,INT,2,00:00,FG35,HALF,2,00:00,FG35,NA
FGPW2103,PW,FG,Panthers Wroclaw,Frankfurt Galaxy,7/4/2021,Frankfurt,PSD Bank Arena,15:00,18:35,3:35,1800,25 degr.,SW11km/h,rainy w risk tstorm,T. Denker,M. Kattilus,H. Horak,S. Richardson,D. Jurzyk,A. Flaisch-J.,A. Sourdrille,FG,1,10,FG35,"H,1,10,H35","22,4,115","KO:19,V13 RET:23,V30 TACK:49 T:15:00 PEN:V,BL,A,82,V20,N NOPLAY:","N. Strahmann kickoff 52 yards to the PW13, J. Mazan return to the PW30 (L. Hoang), clock 15:00, PENALTY PW illegal block (P. Banat) 45 yards to the PW20, NO PLAY.","H,1,10,V20",E,15:00,NA,NA,NA,NA,NA,NA,22,H,FG,"INT,2,00:00,35","HALF,2,00:00,35",0,0,0:00,INT,2,00:00,FG35,HALF,2,00:00,FG35,NA
FGPW2103,PW,FG,Panthers Wroclaw,Frankfurt Galaxy,7/4/2021,Frankfurt,PSD Bank Arena,15:00,18:35,3:35,1800,25 degr.,SW11km/h,rainy w risk tstorm,T. Denker,M. Kattilus,H. Horak,S. Richardson,D. Jurzyk,A. Flaisch-J.,A. Sourdrille,FG,1,10,PW20,"H,1,10,V20","22,5,116","POSS: SPOT:V,V20,Y D:1,10","Change of possession, PW ball on PW20, 1st and 10.","V,1,10,V20",NA,NA,NA,NA,NA,NA,NA,NA,22,H,FG,"INT,2,00:00,35","HALF,2,00:00,35",0,0,0:00,INT,2,00:00,FG35,HALF,2,00:00,FG35,NA
FGPW2103,PW,FG,Panthers Wroclaw,Frankfurt Galaxy,7/4/2021,Frankfurt,PSD Bank Arena,15:00,18:35,3:35,1800,25 degr.,SW11km/h,rainy w risk tstorm,T. Denker,M. Kattilus,H. Horak,S. Richardson,D. Jurzyk,A. Flaisch-J.,A. Sourdrille,PW,1,10,PW20,"V,1,10,V20","23,1,117",{DRIVE}:14:55,PANTHERS WROCLAW drive start at 14:55.,"V,1,10,V20",NA,14:55,NA,NA,NA,NA,NA,NA,23,V,PW,"POSS,3,14:55,20","PUNT,3,12:03,36",6,16,2:52,POSS,3,14:55,PW20,PUNT,3,12:03,PW36,NA
FGPW2103,PW,FG,Panthers Wroclaw,Frankfurt Galaxy,7/4/2021,Frankfurt,PSD Bank Arena,15:00,18:35,3:35,1800,25 degr.,SW11km/h,rainy w risk tstorm,T. Denker,M. Kattilus,H. Horak,S. Richardson,D. Jurzyk,A. Flaisch-J.,A. Sourdrille,PW,1,10,PW20,"V,1,10,V20","23,2,118","RUSH:24,V20, TACK:43,55",M. Herndon rush for no gain to the PW20 (J. Silva Gomez;V. Valasti).,"V,2,10,V20",R,NA,NA,NA,NA,NA,NA,NA,23,V,PW,"POSS,3,14:55,20","PUNT,3,12:03,36",6,16,2:52,POSS,3,14:55,PW20,PUNT,3,12:03,PW36,NA
FGPW2103,PW,FG,Panthers Wroclaw,Frankfurt Galaxy,7/4/2021,Frankfurt,PSD Bank Arena,15:00,18:35,3:35,1800,25 degr.,SW11km/h,rainy w risk tstorm,T. Denker,M. Kattilus,H. Horak,S. Richardson,D. Jurzyk,A. Flaisch-J.,A. Sourdrille,PW,2,10,PW20,"V,2,10,V20","23,3,119","PASS:2,I,16,*",L. O'Connor pass incomplete to W. Zieba.,"V,3,10,V20",P,NA,NA,NA,NA,NA,NA,NA,23,V,PW,"POSS,3,14:55,20","PUNT,3,12:03,36",6,16,2:52,POSS,3,14:55,PW20,PUNT,3,12:03,PW36,NA
FGPW2103,PW,FG,Panthers Wroclaw,Frankfurt Galaxy,7/4/2021,Frankfurt,PSD Bank Arena,15:00,18:35,3:35,1800,25 degr.,SW11km/h,rainy w risk tstorm,T. Denker,M. Kattilus,H. Horak,S. Richardson,D. Jurzyk,A. Flaisch-J.,A. Sourdrille,PW,3,10,PW20,"V,3,10,V20","23,4,120","PASS:2,C,16,V31 TACK:14,28","L. O'Connor pass complete to W. Zieba for 11 yards to the PW31, 1ST DOWN PW (J. Poznanski;S. Otto).","V,1,10,V31",P,NA,P,NA,NA,NA,NA,NA,23,V,PW,"POSS,3,14:55,20","PUNT,3,12:03,36",6,16,2:52,POSS,3,14:55,PW20,PUNT,3,12:03,PW36,NA
FGPW2103,PW,FG,Panthers Wroclaw,Frankfurt Galaxy,7/4/2021,Frankfurt,PSD Bank Arena,15:00,18:35,3:35,1800,25 degr.,SW11km/h,rainy w risk tstorm,T. Denker,M. Kattilus,H. Horak,S. Richardson,D. Jurzyk,A. Flaisch-J.,A. Sourdrille,PW,1,10,PW31,"V,1,10,V31","23,5,121","PASS:2,C,15,V35 TACK:40",L. O'Connor pass complete to B. Dziedzic for 4 yards to the PW35 (K. King).,"V,2,6,V35",P,NA,NA,NA,NA,NA,NA,NA,23,V,PW,"POSS,3,14:55,20","PUNT,3,12:03,36",6,16,2:52,POSS,3,14:55,PW20,PUNT,3,12:03,PW36,NA
FGPW2103,PW,FG,Panthers Wroclaw,Frankfurt Galaxy,7/4/2021,Frankfurt,PSD Bank Arena,15:00,18:35,3:35,1800,25 degr.,SW11km/h,rainy w risk tstorm,T. Denker,M. Kattilus,H. Horak,S. Richardson,D. Jurzyk,A. Flaisch-J.,A. Sourdrille,PW,2,6,PW35,"V,2,6,V35","23,6,122","RUSH:24,V36, TACK:56,90",M. Herndon rush for 1 yard to the PW36 (S. Silva Gomez;M. A. Hor).,"V,3,5,V36",R,NA,NA,NA,NA,NA,NA,NA,23,V,PW,"POSS,3,14:55,20","PUNT,3,12:03,36",6,16,2:52,POSS,3,14:55,PW20,PUNT,3,12:03,PW36,NA
FGPW2103,PW,FG,Panthers Wroclaw,Frankfurt Galaxy,7/4/2021,Frankfurt,PSD Bank Arena,15:00,18:35,3:35,1800,25 degr.,SW11km/h,rainy w risk tstorm,T. Denker,M. Kattilus,H. Horak,S. Richardson,D. Jurzyk,A. Flaisch-J.,A. Sourdrille,PW,3,5,PW36,"V,3,5,V36","23,7,123","PASS:2,I,23,*",L. O'Connor pass incomplete to J. Mazan.,"V,4,5,V36",P,NA,NA,NA,NA,NA,NA,NA,23,V,PW,"POSS,3,14:55,20","PUNT,3,12:03,36",6,16,2:52,POSS,3,14:55,PW20,PUNT,3,12:03,PW36,NA
FGPW2103,PW,FG,Panthers Wroclaw,Frankfurt Galaxy,7/4/2021,Frankfurt,PSD Bank Arena,15:00,18:35,3:35,1800,25 degr.,SW11km/h,rainy w risk tstorm,T. Denker,M. Kattilus,H. Horak,S. Richardson,D. Jurzyk,A. Flaisch-J.,A. Sourdrille,PW,4,5,PW36,"V,4,5,V36","23,8,124","PUNT:11,H25 RET:25,H35 TACK:49","D. Panczyszyn punt 39 yards to the FG25, B. Barnes return 10 yards to the FG35 (K. Oldak).","H,1,10,H35",U,NA,NA,NA,NA,NA,NA,NA,23,V,PW,"POSS,3,14:55,20","PUNT,3,12:03,36",6,16,2:52,POSS,3,14:55,PW20,PUNT,3,12:03,PW36,NA
FGPW2103,PW,FG,Panthers Wroclaw,Frankfurt Galaxy,7/4/2021,Frankfurt,PSD Bank Arena,15:00,18:35,3:35,1800,25 degr.,SW11km/h,rainy w risk tstorm,T. Denker,M. Kattilus,H. Horak,S. Richardson,D. Jurzyk,A. Flaisch-J.,A. Sourdrille,FG,1,10,FG35,"H,1,10,H35","24,1,125",{DRIVE}:12:03,FRANKFURT GALAXY drive start at 12:03.,"H,1,10,H35",NA,12:03,NA,NA,NA,NA,NA,NA,24,H,FG,"PUNT,3,12:03,35","TD,3,05:18,100",11,65,6:45,PUNT,3,12:03,FG35,TD,3,05:18,PW00,1
FGPW2103,PW,FG,Panthers Wroclaw,Frankfurt Galaxy,7/4/2021,Frankfurt,PSD Bank Arena,15:00,18:35,3:35,1800,25 degr.,SW11km/h,rainy w risk tstorm,T. Denker,M. Kattilus,H. Horak,S. Richardson,D. Jurzyk,A. Flaisch-J.,A. Sourdrille,FG,1,10,FG35,"H,1,10,H35","24,2,126","PASS:7,C,82,V46 TACK:4","J. Sullivan pass complete to H. Schwarz for 19 yards to the PW46, 1ST DOWN FG (W. Lloyd).","H,1,10,V46",P,NA,P,NA,NA,NA,NA,NA,24,H,FG,"PUNT,3,12:03,35","TD,3,05:18,100",11,65,6:45,PUNT,3,12:03,FG35,TD,3,05:18,PW00,1
FGPW2103,PW,FG,Panthers Wroclaw,Frankfurt Galaxy,7/4/2021,Frankfurt,PSD Bank Arena,15:00,18:35,3:35,1800,25 degr.,SW11km/h,rainy w risk tstorm,T. Denker,M. Kattilus,H. Horak,S. Richardson,D. Jurzyk,A. Flaisch-J.,A. Sourdrille,FG,1,10,PW46,"H,1,10,V46","24,3,127","PASS:7,C,86,V30 TACK:26","J. Sullivan pass complete to L. Regler for 16 yards to the PW30, 1ST DOWN FG (M. Osumek).","H,1,10,V30",P,NA,P,NA,NA,NA,NA,NA,24,H,FG,"PUNT,3,12:03,35","TD,3,05:18,100",11,65,6:45,PUNT,3,12:03,FG35,TD,3,05:18,PW00,1
FGPW2103,PW,FG,Panthers Wroclaw,Frankfurt Galaxy,7/4/2021,Frankfurt,PSD Bank Arena,15:00,18:35,3:35,1800,25 degr.,SW11km/h,rainy w risk tstorm,T. Denker,M. Kattilus,H. Horak,S. Richardson,D. Jurzyk,A. Flaisch-J.,A. Sourdrille,FG,1,10,PW30,"H,1,10,V30","24,4,128","RUSH:22,V30, TACK:97",G. Ameln rush for no gain to the PW30 (L. Gembara).,"H,2,10,V30",R,NA,NA,NA,NA,NA,NA,NA,24,H,FG,"PUNT,3,12:03,35","TD,3,05:18,100",11,65,6:45,PUNT,3,12:03,FG35,TD,3,05:18,PW00,1
FGPW2103,PW,FG,Panthers Wroclaw,Frankfurt Galaxy,7/4/2021,Frankfurt,PSD Bank Arena,15:00,18:35,3:35,1800,25 degr.,SW11km/h,rainy w risk tstorm,T. Denker,M. Kattilus,H. Horak,S. Richardson,D. Jurzyk,A. Flaisch-J.,A. Sourdrille,FG,2,10,PW30,"H,2,10,V30","24,5,129","RUSH:22,V32, TACK:4,5",G. Ameln rush for loss of 2 yards to the PW32 (W. Lloyd;G. Zec).,"H,3,12,V32",R,NA,NA,NA,NA,NA,NA,NA,24,H,FG,"PUNT,3,12:03,35","TD,3,05:18,100",11,65,6:45,PUNT,3,12:03,FG35,TD,3,05:18,PW00,1
FGPW2103,PW,FG,Panthers Wroclaw,Frankfurt Galaxy,7/4/2021,Frankfurt,PSD Bank Arena,15:00,18:35,3:35,1800,25 degr.,SW11km/h,rainy w risk tstorm,T. Denker,M. Kattilus,H. Horak,S. Richardson,D. Jurzyk,A. Flaisch-J.,A. Sourdrille,FG,3,12,PW32,"H,3,12,V32","24,6,130","RUSH:7,V25, TACK:19,97",J. Sullivan rush for 7 yards to the PW25 (D. Piatkowski;L. Gembara).,"H,4,5,V25",R,NA,NA,NA,NA,NA,NA,NA,24,H,FG,"PUNT,3,12:03,35","TD,3,05:18,100",11,65,6:45,PUNT,3,12:03,FG35,TD,3,05:18,PW00,1
FGPW2103,PW,FG,Panthers Wroclaw,Frankfurt Galaxy,7/4/2021,Frankfurt,PSD Bank Arena,15:00,18:35,3:35,1800,25 degr.,SW11km/h,rainy w risk tstorm,T. Denker,M. Kattilus,H. Horak,S. Richardson,D. Jurzyk,A. Flaisch-J.,A. Sourdrille,FG,4,5,PW25,"H,4,5,V25","24,7,131","PASS:7,C,19,V19 TACK:8","J. Sullivan pass complete to N. Strahmann for 6 yards to the PW19, 1ST DOWN FG (H. Ogrodowcyk).","H,1,10,V19",P,NA,P,NA,NA,NA,NA,NA,24,H,FG,"PUNT,3,12:03,35","TD,3,05:18,100",11,65,6:45,PUNT,3,12:03,FG35,TD,3,05:18,PW00,1
FGPW2103,PW,FG,Panthers Wroclaw,Frankfurt Galaxy,7/4/2021,Frankfurt,PSD Bank Arena,15:00,18:35,3:35,1800,25 degr.,SW11km/h,rainy w risk tstorm,T. Denker,M. Kattilus,H. Horak,S. Richardson,D. Jurzyk,A. Flaisch-J.,A. Sourdrille,FG,1,10,PW19,"H,1,10,V19","24,8,132","PEN:H,FS,A,13,V24,N",PENALTY FG false start (M. Rutsch) 5 yards to the PW24.,"H,1,15,V24",E,NA,NA,NA,NA,NA,NA,NA,24,H,FG,"PUNT,3,12:03,35","TD,3,05:18,100",11,65,6:45,PUNT,3,12:03,FG35,TD,3,05:18,PW00,1
FGPW2103,PW,FG,Panthers Wroclaw,Frankfurt Galaxy,7/4/2021,Frankfurt,PSD Bank Arena,15:00,18:35,3:35,1800,25 degr.,SW11km/h,rainy w risk tstorm,T. Denker,M. Kattilus,H. Horak,S. Richardson,D. Jurzyk,A. Flaisch-J.,A. Sourdrille,FG,1,15,PW24,"H,1,15,V24","24,9,133","PASS:7,C,87,V21 TACK:5",J. Sullivan pass complete to K. Mwamba for 3 yards to the PW21 (G. Zec).,"H,2,12,V21",P,NA,NA,NA,NA,NA,NA,NA,24,H,FG,"PUNT,3,12:03,35","TD,3,05:18,100",11,65,6:45,PUNT,3,12:03,FG35,TD,3,05:18,PW00,1
FGPW2103,PW,FG,Panthers Wroclaw,Frankfurt Galaxy,7/4/2021,Frankfurt,PSD Bank Arena,15:00,18:35,3:35,1800,25 degr.,SW11km/h,rainy w risk tstorm,T. Denker,M. Kattilus,H. Horak,S. Richardson,D. Jurzyk,A. Flaisch-J.,A. Sourdrille,FG,2,12,PW21,"H,2,12,V21","24,10,134","PASS:7,I,13,* PEN:V,OD,A,94,V16,N NOPLAY:","J. Sullivan pass incomplete to M. Rutsch, PENALTY PW offside defense (K. Brauns) 5 yards to the PW16, NO PLAY.","H,2,7,V16",E,NA,NA,NA,NA,NA,NA,NA,24,H,FG,"PUNT,3,12:03,35","TD,3,05:18,100",11,65,6:45,PUNT,3,12:03,FG35,TD,3,05:18,PW00,1
FGPW2103,PW,FG,Panthers Wroclaw,Frankfurt Galaxy,7/4/2021,Frankfurt,PSD Bank Arena,15:00,18:35,3:35,1800,25 degr.,SW11km/h,rainy w risk tstorm,T. Denker,M. Kattilus,H. Horak,S. Richardson,D. Jurzyk,A. Flaisch-J.,A. Sourdrille,FG,2,7,PW16,"H,2,7,V16","24,11,135","PASS:7,I,82,*",J. Sullivan pass incomplete to H. Schwarz.,"H,3,7,V16",P,NA,NA,NA,NA,NA,NA,NA,24,H,FG,"PUNT,3,12:03,35","TD,3,05:18,100",11,65,6:45,PUNT,3,12:03,FG35,TD,3,05:18,PW00,1
FGPW2103,PW,FG,Panthers Wroclaw,Frankfurt Galaxy,7/4/2021,Frankfurt,PSD Bank Arena,15:00,18:35,3:35,1800,25 degr.,SW11km/h,rainy w risk tstorm,T. Denker,M. Kattilus,H. Horak,S. Richardson,D. Jurzyk,A. Flaisch-J.,A. Sourdrille,FG,3,7,PW16,"H,3,7,V16","24,12,136","PASS:7,C,13,V03 TACK:1","J. Sullivan pass complete to M. Rutsch for 13 yards to the PW3, 1ST DOWN FG (D. Robinson).","H,1,0,V03",P,NA,P,NA,NA,NA,NA,NA,24,H,FG,"PUNT,3,12:03,35","TD,3,05:18,100",11,65,6:45,PUNT,3,12:03,FG35,TD,3,05:18,PW00,1
FGPW2103,PW,FG,Panthers Wroclaw,Frankfurt Galaxy,7/4/2021,Frankfurt,PSD Bank Arena,15:00,18:35,3:35,1800,25 degr.,SW11km/h,rainy w risk tstorm,T. Denker,M. Kattilus,H. Horak,S. Richardson,D. Jurzyk,A. Flaisch-J.,A. Sourdrille,FG,1,0,PW03,"H,1,0,V03","24,13,137","RUSH:33,V03, TACK:1,8",J. Rodney rush for no gain to the PW3 (D. Robinson;H. Ogrodowcyk).,"H,2,0,V03",R,NA,NA,NA,NA,NA,NA,NA,24,H,FG,"PUNT,3,12:03,35","TD,3,05:18,100",11,65,6:45,PUNT,3,12:03,FG35,TD,3,05:18,PW00,1
FGPW2103,PW,FG,Panthers Wroclaw,Frankfurt Galaxy,7/4/2021,Frankfurt,PSD Bank Arena,15:00,18:35,3:35,1800,25 degr.,SW11km/h,rainy w risk tstorm,T. Denker,M. Kattilus,H. Horak,S. Richardson,D. Jurzyk,A. Flaisch-J.,A. Sourdrille,FG,2,0,PW03,"H,2,0,V03","24,14,138","RUSH:7,V00, T:05:18","J. Sullivan rush for 3 yards to the PW0, 1ST DOWN FG, TOUCHDOWN, clock 05:18.","H,1,10,V15",R,05:18,R,NA,NA,Y,6,12,24,H,FG,"PUNT,3,12:03,35","TD,3,05:18,100",11,65,6:45,PUNT,3,12:03,FG35,TD,3,05:18,PW00,1
FGPW2103,PW,FG,Panthers Wroclaw,Frankfurt Galaxy,7/4/2021,Frankfurt,PSD Bank Arena,15:00,18:35,3:35,1800,25 degr.,SW11km/h,rainy w risk tstorm,T. Denker,M. Kattilus,H. Horak,S. Richardson,D. Jurzyk,A. Flaisch-J.,A. Sourdrille,FG,1,10,PW15,"H,1,10,V15","24,15,139","PAT:P,7,M PEN:V,PI,A,26,V01,N NOPLAY:","J. Sullivan pass attempt failed, PENALTY PW pass interference (M. Osumek) 14 yards to the PW1, 1ST DOWN FG, NO PLAY.","H,1,0,V01",E,NA,E,NA,NA,NA,NA,NA,24,H,FG,"PUNT,3,12:03,35","TD,3,05:18,100",11,65,6:45,PUNT,3,12:03,FG35,TD,3,05:18,PW00,1
FGPW2103,PW,FG,Panthers Wroclaw,Frankfurt Galaxy,7/4/2021,Frankfurt,PSD Bank Arena,15:00,18:35,3:35,1800,25 degr.,SW11km/h,rainy w risk tstorm,T. Denker,M. Kattilus,H. Horak,S. Richardson,D. Jurzyk,A. Flaisch-J.,A. Sourdrille,FG,1,0,PW01,"H,1,0,V01","24,16,140","PAT:R,7,M",J. Sullivan rush attempt failed.,"H,1,0,H35",X,NA,NA,NA,NA,NA,NA,NA,24,H,FG,"PUNT,3,12:03,35","TD,3,05:18,100",11,65,6:45,PUNT,3,12:03,FG35,TD,3,05:18,PW00,1
FGPW2103,PW,FG,Panthers Wroclaw,Frankfurt Galaxy,7/4/2021,Frankfurt,PSD Bank Arena,15:00,18:35,3:35,1800,25 degr.,SW11km/h,rainy w risk tstorm,T. Denker,M. Kattilus,H. Horak,S. Richardson,D. Jurzyk,A. Flaisch-J.,A. Sourdrille,FG,1,0,FG35,"H,1,0,H35","24,17,141","KO:19,V01 RET:1,V40 OB:","N. Strahmann kickoff 64 yards to the PW1, D. Robinson return 39 yards to the PW40, out-of-bounds.","V,1,10,V40",K,NA,NA,Y,NA,NA,NA,NA,24,H,FG,"PUNT,3,12:03,35","TD,3,05:18,100",11,65,6:45,PUNT,3,12:03,FG35,TD,3,05:18,PW00,1
FGPW2103,PW,FG,Panthers Wroclaw,Frankfurt Galaxy,7/4/2021,Frankfurt,PSD Bank Arena,15:00,18:35,3:35,1800,25 degr.,SW11km/h,rainy w risk tstorm,T. Denker,M. Kattilus,H. Horak,S. Richardson,D. Jurzyk,A. Flaisch-J.,A. Sourdrille,PW,1,10,PW40,"V,1,10,V40","25,1,142",{DRIVE}:05:10,PANTHERS WROCLAW drive start at 05:10.,"V,1,10,V40",NA,05:10,NA,NA,NA,NA,NA,NA,25,V,PW,"KO,3,05:10,40","INT,3,02:36,72",6,32,2:34,KO,3,05:10,PW40,INT,3,02:36,FG28,NA
FGPW2103,PW,FG,Panthers Wroclaw,Frankfurt Galaxy,7/4/2021,Frankfurt,PSD Bank Arena,15:00,18:35,3:35,1800,25 degr.,SW11km/h,rainy w risk tstorm,T. Denker,M. Kattilus,H. Horak,S. Richardson,D. Jurzyk,A. Flaisch-J.,A. Sourdrille,PW,1,10,PW40,"V,1,10,V40","25,2,143","PASS:2,C,82,H41 TACK:10","L. O'Connor pass complete to P. Banat for 19 yards to the FG41, 1ST DOWN PW (O. Williams).","V,1,10,H41",P,NA,P,NA,NA,NA,NA,NA,25,V,PW,"KO,3,05:10,40","INT,3,02:36,72",6,32,2:34,KO,3,05:10,PW40,INT,3,02:36,FG28,NA
FGPW2103,PW,FG,Panthers Wroclaw,Frankfurt Galaxy,7/4/2021,Frankfurt,PSD Bank Arena,15:00,18:35,3:35,1800,25 degr.,SW11km/h,rainy w risk tstorm,T. Denker,M. Kattilus,H. Horak,S. Richardson,D. Jurzyk,A. Flaisch-J.,A. Sourdrille,PW,1,10,FG41,"V,1,10,H41","25,3,144","PASS:2,I,82,* BRUP:25",L. O'Connor pass incomplete to P. Banat (B. Barnes).,"V,2,10,H41",P,NA,NA,NA,NA,NA,NA,NA,25,V,PW,"KO,3,05:10,40","INT,3,02:36,72",6,32,2:34,KO,3,05:10,PW40,INT,3,02:36,FG28,NA
FGPW2103,PW,FG,Panthers Wroclaw,Frankfurt Galaxy,7/4/2021,Frankfurt,PSD Bank Arena,15:00,18:35,3:35,1800,25 degr.,SW11km/h,rainy w risk tstorm,T. Denker,M. Kattilus,H. Horak,S. Richardson,D. Jurzyk,A. Flaisch-J.,A. Sourdrille,PW,2,10,FG41,"V,2,10,H41","25,4,145","PASS:2,C,25,H40 TACK:43",L. O'Connor pass complete to P. Pasqualini for 1 yard to the FG40 (J. Silva Gomez).,"V,3,9,H40",P,NA,NA,NA,NA,NA,NA,NA,25,V,PW,"KO,3,05:10,40","INT,3,02:36,72",6,32,2:34,KO,3,05:10,PW40,INT,3,02:36,FG28,NA
FGPW2103,PW,FG,Panthers Wroclaw,Frankfurt Galaxy,7/4/2021,Frankfurt,PSD Bank Arena,15:00,18:35,3:35,1800,25 degr.,SW11km/h,rainy w risk tstorm,T. Denker,M. Kattilus,H. Horak,S. Richardson,D. Jurzyk,A. Flaisch-J.,A. Sourdrille,PW,3,9,FG40,"V,3,9,H40","25,5,146","PASS:2,C,82,H29 TACK:28","L. O'Connor pass complete to P. Banat for 11 yards to the FG29, 1ST DOWN PW (S. Otto).","V,1,10,H29",P,NA,P,NA,NA,NA,NA,NA,25,V,PW,"KO,3,05:10,40","INT,3,02:36,72",6,32,2:34,KO,3,05:10,PW40,INT,3,02:36,FG28,NA
FGPW2103,PW,FG,Panthers Wroclaw,Frankfurt Galaxy,7/4/2021,Frankfurt,PSD Bank Arena,15:00,18:35,3:35,1800,25 degr.,SW11km/h,rainy w risk tstorm,T. Denker,M. Kattilus,H. Horak,S. Richardson,D. Jurzyk,A. Flaisch-J.,A. Sourdrille,PW,1,10,FG29,"V,1,10,H29","25,6,147","RUSH:25,H28, TACK:40,90",P. Pasqualini rush for 1 yard to the FG28 (K. King;M. A. Hor).,"V,2,9,H28",R,NA,NA,NA,NA,NA,NA,NA,25,V,PW,"KO,3,05:10,40","INT,3,02:36,72",6,32,2:34,KO,3,05:10,PW40,INT,3,02:36,FG28,NA
FGPW2103,PW,FG,Panthers Wroclaw,Frankfurt Galaxy,7/4/2021,Frankfurt,PSD Bank Arena,15:00,18:35,3:35,1800,25 degr.,SW11km/h,rainy w risk tstorm,T. Denker,M. Kattilus,H. Horak,S. Richardson,D. Jurzyk,A. Flaisch-J.,A. Sourdrille,PW,2,9,FG28,"V,2,9,H28","25,7,148","PASS:2,X,25,H05 RET:25,V26 OB:","L. O'Connor pass intercepted by B. Barnes at the FG5, B. Barnes return 69 yards to the PW26, out-of-bounds.","H,1,10,V26",P,NA,NA,Y,I,NA,NA,NA,25,V,PW,"KO,3,05:10,40","INT,3,02:36,72",6,32,2:34,KO,3,05:10,PW40,INT,3,02:36,FG28,NA
FGPW2103,PW,FG,Panthers Wroclaw,Frankfurt Galaxy,7/4/2021,Frankfurt,PSD Bank Arena,15:00,18:35,3:35,1800,25 degr.,SW11km/h,rainy w risk tstorm,T. Denker,M. Kattilus,H. Horak,S. Richardson,D. Jurzyk,A. Flaisch-J.,A. Sourdrille,FG,1,10,PW26,"H,1,10,V26","26,1,149",{DRIVE}:02:36,FRANKFURT GALAXY drive start at 02:36.,"H,1,10,V26",NA,02:36,NA,NA,NA,NA,NA,NA,26,H,FG,"INT,3,02:36,74","TD,3,00:01,100",6,26,2:35,INT,3,02:36,PW26,TD,3,00:01,PW00,1
FGPW2103,PW,FG,Panthers Wroclaw,Frankfurt Galaxy,7/4/2021,Frankfurt,PSD Bank Arena,15:00,18:35,3:35,1800,25 degr.,SW11km/h,rainy w risk tstorm,T. Denker,M. Kattilus,H. Horak,S. Richardson,D. Jurzyk,A. Flaisch-J.,A. Sourdrille,FG,1,10,PW26,"H,1,10,V26","26,2,150","RUSH:22,V23, TACK:97",G. Ameln rush for 3 yards to the PW23 (L. Gembara).,"H,2,7,V23",R,NA,NA,NA,NA,NA,NA,NA,26,H,FG,"INT,3,02:36,74","TD,3,00:01,100",6,26,2:35,INT,3,02:36,PW26,TD,3,00:01,PW00,1
FGPW2103,PW,FG,Panthers Wroclaw,Frankfurt Galaxy,7/4/2021,Frankfurt,PSD Bank Arena,15:00,18:35,3:35,1800,25 degr.,SW11km/h,rainy w risk tstorm,T. Denker,M. Kattilus,H. Horak,S. Richardson,D. Jurzyk,A. Flaisch-J.,A. Sourdrille,FG,2,7,PW23,"H,2,7,V23","26,3,151","PASS:7,C,19,V15 TACK:8","J. Sullivan pass complete to N. Strahmann for 8 yards to the PW15, 1ST DOWN FG (H. Ogrodowcyk).","H,1,10,V15",P,NA,P,NA,NA,NA,NA,NA,26,H,FG,"INT,3,02:36,74","TD,3,00:01,100",6,26,2:35,INT,3,02:36,PW26,TD,3,00:01,PW00,1
FGPW2103,PW,FG,Panthers Wroclaw,Frankfurt Galaxy,7/4/2021,Frankfurt,PSD Bank Arena,15:00,18:35,3:35,1800,25 degr.,SW11km/h,rainy w risk tstorm,T. Denker,M. Kattilus,H. Horak,S. Richardson,D. Jurzyk,A. Flaisch-J.,A. Sourdrille,FG,1,10,PW15,"H,1,10,V15","26,4,152","PASS:7,C,19,V09 TACK:26,8",J. Sullivan pass complete to N. Strahmann for 6 yards to the PW9 (M. Osumek;H. Ogrodowcyk).,"H,2,4,V09",P,NA,NA,NA,NA,NA,NA,NA,26,H,FG,"INT,3,02:36,74","TD,3,00:01,100",6,26,2:35,INT,3,02:36,PW26,TD,3,00:01,PW00,1
FGPW2103,PW,FG,Panthers Wroclaw,Frankfurt Galaxy,7/4/2021,Frankfurt,PSD Bank Arena,15:00,18:35,3:35,1800,25 degr.,SW11km/h,rainy w risk tstorm,T. Denker,M. Kattilus,H. Horak,S. Richardson,D. Jurzyk,A. Flaisch-J.,A. Sourdrille,FG,2,4,PW09,"H,2,4,V09","26,5,153","PASS:7,C,86,V05 TACK:26,4","J. Sullivan pass complete to L. Regler for 4 yards to the PW5, 1ST DOWN FG (M. Osumek;W. Lloyd).","H,1,0,V05",P,NA,P,NA,NA,NA,NA,NA,26,H,FG,"INT,3,02:36,74","TD,3,00:01,100",6,26,2:35,INT,3,02:36,PW26,TD,3,00:01,PW00,1
FGPW2103,PW,FG,Panthers Wroclaw,Frankfurt Galaxy,7/4/2021,Frankfurt,PSD Bank Arena,15:00,18:35,3:35,1800,25 degr.,SW11km/h,rainy w risk tstorm,T. Denker,M. Kattilus,H. Horak,S. Richardson,D. Jurzyk,A. Flaisch-J.,A. Sourdrille,FG,1,0,PW05,"H,1,0,V05","26,6,154","PASS:7,I,86,*",J. Sullivan pass incomplete to L. Regler.,"H,2,0,V05",P,NA,NA,NA,NA,NA,NA,NA,26,H,FG,"INT,3,02:36,74","TD,3,00:01,100",6,26,2:35,INT,3,02:36,PW26,TD,3,00:01,PW00,1
FGPW2103,PW,FG,Panthers Wroclaw,Frankfurt Galaxy,7/4/2021,Frankfurt,PSD Bank Arena,15:00,18:35,3:35,1800,25 degr.,SW11km/h,rainy w risk tstorm,T. Denker,M. Kattilus,H. Horak,S. Richardson,D. Jurzyk,A. Flaisch-J.,A. Sourdrille,FG,2,0,PW05,"H,2,0,V05","26,7,155","PASS:7,C,22,V00 T:00:01","J. Sullivan pass complete to G. Ameln for 5 yards to the PW0, 1ST DOWN FG, TOUCHDOWN, clock 00:01.","H,1,10,V15",P,00:01,P,NA,NA,Y,6,18,26,H,FG,"INT,3,02:36,74","TD,3,00:01,100",6,26,2:35,INT,3,02:36,PW26,TD,3,00:01,PW00,1
FGPW2103,PW,FG,Panthers Wroclaw,Frankfurt Galaxy,7/4/2021,Frankfurt,PSD Bank Arena,15:00,18:35,3:35,1800,25 degr.,SW11km/h,rainy w risk tstorm,T. Denker,M. Kattilus,H. Horak,S. Richardson,D. Jurzyk,A. Flaisch-J.,A. Sourdrille,FG,1,10,PW15,"H,1,10,V15","26,8,156","PAT:K,15,G",M. Siemssen kick attempt good.,"H,1,0,H35",X,NA,NA,NA,NA,Y,6,19,26,H,FG,"INT,3,02:36,74","TD,3,00:01,100",6,26,2:35,INT,3,02:36,PW26,TD,3,00:01,PW00,1
FGPW2103,PW,FG,Panthers Wroclaw,Frankfurt Galaxy,7/4/2021,Frankfurt,PSD Bank Arena,15:00,18:35,3:35,1800,25 degr.,SW11km/h,rainy w risk tstorm,T. Denker,M. Kattilus,H. Horak,S. Richardson,D. Jurzyk,A. Flaisch-J.,A. Sourdrille,FG,1,0,FG35,"H,1,0,H35","26,9,157",Q:4 T:15:00,"Start of 4th quarter, clock 15:00.","H,1,0,H35",#,15:00,NA,NA,NA,NA,NA,NA,26,H,FG,"INT,3,02:36,74","TD,3,00:01,100",6,26,2:35,INT,3,02:36,PW26,TD,3,00:01,PW00,1
FGPW2103,PW,FG,Panthers Wroclaw,Frankfurt Galaxy,7/4/2021,Frankfurt,PSD Bank Arena,15:00,18:35,3:35,1800,25 degr.,SW11km/h,rainy w risk tstorm,T. Denker,M. Kattilus,H. Horak,S. Richardson,D. Jurzyk,A. Flaisch-J.,A. Sourdrille,FG,1,0,FG35,"H,1,0,H35","26,10,158","KO:19,V08 RET:5,V33 TACK:53","N. Strahmann kickoff 57 yards to the PW8, G. Zec return 25 yards to the PW33 (D. Josiah).","V,1,10,V33",K,NA,NA,NA,NA,NA,NA,NA,26,H,FG,"INT,3,02:36,74","TD,3,00:01,100",6,26,2:35,INT,3,02:36,PW26,TD,3,00:01,PW00,1
FGPW2103,PW,FG,Panthers Wroclaw,Frankfurt Galaxy,7/4/2021,Frankfurt,PSD Bank Arena,15:00,18:35,3:35,1800,25 degr.,SW11km/h,rainy w risk tstorm,T. Denker,M. Kattilus,H. Horak,S. Richardson,D. Jurzyk,A. Flaisch-J.,A. Sourdrille,PW,1,10,PW33,"V,1,10,V33","27,1,159",{DRIVE}:14:51,PANTHERS WROCLAW drive start at 14:51.,"V,1,10,V33",NA,14:51,NA,NA,NA,NA,NA,NA,27,V,PW,"KO,4,14:51,33","INT,4,11:03,72",7,39,3:48,KO,4,14:51,PW33,INT,4,11:03,FG28,NA
FGPW2103,PW,FG,Panthers Wroclaw,Frankfurt Galaxy,7/4/2021,Frankfurt,PSD Bank Arena,15:00,18:35,3:35,1800,25 degr.,SW11km/h,rainy w risk tstorm,T. Denker,M. Kattilus,H. Horak,S. Richardson,D. Jurzyk,A. Flaisch-J.,A. Sourdrille,PW,1,10,PW33,"V,1,10,V33","27,2,160","RUSH:24,V38, TACK:43",M. Herndon rush for 5 yards to the PW38 (J. Silva Gomez).,"V,2,5,V38",R,NA,NA,NA,NA,NA,NA,NA,27,V,PW,"KO,4,14:51,33","INT,4,11:03,72",7,39,3:48,KO,4,14:51,PW33,INT,4,11:03,FG28,NA
FGPW2103,PW,FG,Panthers Wroclaw,Frankfurt Galaxy,7/4/2021,Frankfurt,PSD Bank Arena,15:00,18:35,3:35,1800,25 degr.,SW11km/h,rainy w risk tstorm,T. Denker,M. Kattilus,H. Horak,S. Richardson,D. Jurzyk,A. Flaisch-J.,A. Sourdrille,PW,2,5,PW38,"V,2,5,V38","27,3,161","RUSH:24,V42, TACK:55",M. Herndon rush for 4 yards to the PW42 (V. Valasti).,"V,3,1,V42",R,NA,NA,NA,NA,NA,NA,NA,27,V,PW,"KO,4,14:51,33","INT,4,11:03,72",7,39,3:48,KO,4,14:51,PW33,INT,4,11:03,FG28,NA
FGPW2103,PW,FG,Panthers Wroclaw,Frankfurt Galaxy,7/4/2021,Frankfurt,PSD Bank Arena,15:00,18:35,3:35,1800,25 degr.,SW11km/h,rainy w risk tstorm,T. Denker,M. Kattilus,H. Horak,S. Richardson,D. Jurzyk,A. Flaisch-J.,A. Sourdrille,PW,3,1,PW42,"V,3,1,V42","27,4,162","RUSH:24,V46, TACK:41","M. Herndon rush for 4 yards to the PW46, 1ST DOWN PW (S. Gauthier).","V,1,10,V46",R,NA,R,NA,NA,NA,NA,NA,27,V,PW,"KO,4,14:51,33","INT,4,11:03,72",7,39,3:48,KO,4,14:51,PW33,INT,4,11:03,FG28,NA
FGPW2103,PW,FG,Panthers Wroclaw,Frankfurt Galaxy,7/4/2021,Frankfurt,PSD Bank Arena,15:00,18:35,3:35,1800,25 degr.,SW11km/h,rainy w risk tstorm,T. Denker,M. Kattilus,H. Horak,S. Richardson,D. Jurzyk,A. Flaisch-J.,A. Sourdrille,PW,1,10,PW46,"V,1,10,V46","27,5,163","PASS:2,C,23,H43 TACK:41,23","L. O'Connor pass complete to J. Mazan for 11 yards to the FG43, 1ST DOWN PW (S. Gauthier;D. Cooper).","V,1,10,H43",P,NA,P,NA,NA,NA,NA,NA,27,V,PW,"KO,4,14:51,33","INT,4,11:03,72",7,39,3:48,KO,4,14:51,PW33,INT,4,11:03,FG28,NA
FGPW2103,PW,FG,Panthers Wroclaw,Frankfurt Galaxy,7/4/2021,Frankfurt,PSD Bank Arena,15:00,18:35,3:35,1800,25 degr.,SW11km/h,rainy w risk tstorm,T. Denker,M. Kattilus,H. Horak,S. Richardson,D. Jurzyk,A. Flaisch-J.,A. Sourdrille,PW,1,10,FG43,"V,1,10,H43","27,6,164","RUSH:25,H43, TACK:99",P. Pasqualini rush for no gain to the FG43 (K. Maier).,"V,2,10,H43",R,NA,NA,NA,NA,NA,NA,NA,27,V,PW,"KO,4,14:51,33","INT,4,11:03,72",7,39,3:48,KO,4,14:51,PW33,INT,4,11:03,FG28,NA
FGPW2103,PW,FG,Panthers Wroclaw,Frankfurt Galaxy,7/4/2021,Frankfurt,PSD Bank Arena,15:00,18:35,3:35,1800,25 degr.,SW11km/h,rainy w risk tstorm,T. Denker,M. Kattilus,H. Horak,S. Richardson,D. Jurzyk,A. Flaisch-J.,A. Sourdrille,PW,2,10,FG43,"V,2,10,H43","27,7,165","PASS:2,C,23,H28 TACK:41","L. O'Connor pass complete to J. Mazan for 15 yards to the FG28, 1ST DOWN PW (S. Gauthier).","V,1,10,H28",P,NA,P,NA,NA,NA,NA,NA,27,V,PW,"KO,4,14:51,33","INT,4,11:03,72",7,39,3:48,KO,4,14:51,PW33,INT,4,11:03,FG28,NA
FGPW2103,PW,FG,Panthers Wroclaw,Frankfurt Galaxy,7/4/2021,Frankfurt,PSD Bank Arena,15:00,18:35,3:35,1800,25 degr.,SW11km/h,rainy w risk tstorm,T. Denker,M. Kattilus,H. Horak,S. Richardson,D. Jurzyk,A. Flaisch-J.,A. Sourdrille,PW,1,10,FG28,"V,1,10,H28","27,8,166","PASS:2,X,10,H05 RET:10,H38","L. O'Connor pass intercepted by O. Williams at the FG5, O. Williams return 33 yards to the FG38.","H,1,10,H38",P,NA,NA,NA,I,NA,NA,NA,27,V,PW,"KO,4,14:51,33","INT,4,11:03,72",7,39,3:48,KO,4,14:51,PW33,INT,4,11:03,FG28,NA
FGPW2103,PW,FG,Panthers Wroclaw,Frankfurt Galaxy,7/4/2021,Frankfurt,PSD Bank Arena,15:00,18:35,3:35,1800,25 degr.,SW11km/h,rainy w risk tstorm,T. Denker,M. Kattilus,H. Horak,S. Richardson,D. Jurzyk,A. Flaisch-J.,A. Sourdrille,FG,1,10,FG38,"H,1,10,H38","28,1,167",{DRIVE}:11:03,FRANKFURT GALAXY drive start at 11:03.,"H,1,10,H38",NA,11:03,NA,NA,NA,NA,NA,NA,28,H,FG,"INT,4,11:03,38","PUNT,4,07:09,51",6,13,3:54,INT,4,11:03,FG38,PUNT,4,07:09,PW49,NA
FGPW2103,PW,FG,Panthers Wroclaw,Frankfurt Galaxy,7/4/2021,Frankfurt,PSD Bank Arena,15:00,18:35,3:35,1800,25 degr.,SW11km/h,rainy w risk tstorm,T. Denker,M. Kattilus,H. Horak,S. Richardson,D. Jurzyk,A. Flaisch-J.,A. Sourdrille,FG,1,10,FG38,"H,1,10,H38","28,2,168","RUSH:13,H45, TACK:4",M. Rutsch rush for 7 yards to the FG45 (W. Lloyd).,"H,2,3,H45",R,NA,NA,NA,NA,NA,NA,NA,28,H,FG,"INT,4,11:03,38","PUNT,4,07:09,51",6,13,3:54,INT,4,11:03,FG38,PUNT,4,07:09,PW49,NA
FGPW2103,PW,FG,Panthers Wroclaw,Frankfurt Galaxy,7/4/2021,Frankfurt,PSD Bank Arena,15:00,18:35,3:35,1800,25 degr.,SW11km/h,rainy w risk tstorm,T. Denker,M. Kattilus,H. Horak,S. Richardson,D. Jurzyk,A. Flaisch-J.,A. Sourdrille,FG,2,3,FG45,"H,2,3,H45","28,3,169","RUSH:22,H45, TACK:47",G. Ameln rush for no gain to the FG45 (A. Idziak).,"H,3,3,H45",R,NA,NA,NA,NA,NA,NA,NA,28,H,FG,"INT,4,11:03,38","PUNT,4,07:09,51",6,13,3:54,INT,4,11:03,FG38,PUNT,4,07:09,PW49,NA
FGPW2103,PW,FG,Panthers Wroclaw,Frankfurt Galaxy,7/4/2021,Frankfurt,PSD Bank Arena,15:00,18:35,3:35,1800,25 degr.,SW11km/h,rainy w risk tstorm,T. Denker,M. Kattilus,H. Horak,S. Richardson,D. Jurzyk,A. Flaisch-J.,A. Sourdrille,FG,3,3,FG45,"H,3,3,H45","28,4,170","PASS:7,I,86,*",J. Sullivan pass incomplete to L. Regler.,"H,4,3,H45",P,NA,NA,NA,NA,NA,NA,NA,28,H,FG,"INT,4,11:03,38","PUNT,4,07:09,51",6,13,3:54,INT,4,11:03,FG38,PUNT,4,07:09,PW49,NA
FGPW2103,PW,FG,Panthers Wroclaw,Frankfurt Galaxy,7/4/2021,Frankfurt,PSD Bank Arena,15:00,18:35,3:35,1800,25 degr.,SW11km/h,rainy w risk tstorm,T. Denker,M. Kattilus,H. Horak,S. Richardson,D. Jurzyk,A. Flaisch-J.,A. Sourdrille,FG,4,3,FG45,"H,4,3,H45","28,5,171","PUNT:82,V10 OB: PEN:V,HO,A,TM,H50,1 NOPLAY:","H. Schwarz punt 45 yards to the PW10, out-of-bounds, PENALTY PW holding 5 yards to the 50 yardline, 1ST DOWN FG, NO PLAY.","H,1,10,H50",E,NA,E,Y,NA,NA,NA,NA,28,H,FG,"INT,4,11:03,38","PUNT,4,07:09,51",6,13,3:54,INT,4,11:03,FG38,PUNT,4,07:09,PW49,NA
FGPW2103,PW,FG,Panthers Wroclaw,Frankfurt Galaxy,7/4/2021,Frankfurt,PSD Bank Arena,15:00,18:35,3:35,1800,25 degr.,SW11km/h,rainy w risk tstorm,T. Denker,M. Kattilus,H. Horak,S. Richardson,D. Jurzyk,A. Flaisch-J.,A. Sourdrille,FG,1,10,FG50,"H,1,10,H50","28,6,172","PASS:7,C,33,H50 TACK:26",J. Sullivan pass complete to J. Rodney for no gain to the 50 yardline (M. Osumek).,"H,2,10,H50",P,NA,NA,NA,NA,NA,NA,NA,28,H,FG,"INT,4,11:03,38","PUNT,4,07:09,51",6,13,3:54,INT,4,11:03,FG38,PUNT,4,07:09,PW49,NA
FGPW2103,PW,FG,Panthers Wroclaw,Frankfurt Galaxy,7/4/2021,Frankfurt,PSD Bank Arena,15:00,18:35,3:35,1800,25 degr.,SW11km/h,rainy w risk tstorm,T. Denker,M. Kattilus,H. Horak,S. Richardson,D. Jurzyk,A. Flaisch-J.,A. Sourdrille,FG,2,10,FG50,"H,2,10,H50","28,7,173","PASS:7,C,13,V44 TACK:8",J. Sullivan pass complete to M. Rutsch for 6 yards to the PW44 (H. Ogrodowcyk).,"H,3,4,V44",P,NA,NA,NA,NA,NA,NA,NA,28,H,FG,"INT,4,11:03,38","PUNT,4,07:09,51",6,13,3:54,INT,4,11:03,FG38,PUNT,4,07:09,PW49,NA
FGPW2103,PW,FG,Panthers Wroclaw,Frankfurt Galaxy,7/4/2021,Frankfurt,PSD Bank Arena,15:00,18:35,3:35,1800,25 degr.,SW11km/h,rainy w risk tstorm,T. Denker,M. Kattilus,H. Horak,S. Richardson,D. Jurzyk,A. Flaisch-J.,A. Sourdrille,FG,3,4,PW44,"H,3,4,V44","28,8,174","PASS:7,C,13,V49 TACK:19",J. Sullivan pass complete to M. Rutsch for loss of 5 yards to the PW49 (D. Piatkowski).,"H,4,9,V49",P,NA,NA,NA,NA,NA,NA,NA,28,H,FG,"INT,4,11:03,38","PUNT,4,07:09,51",6,13,3:54,INT,4,11:03,FG38,PUNT,4,07:09,PW49,NA
FGPW2103,PW,FG,Panthers Wroclaw,Frankfurt Galaxy,7/4/2021,Frankfurt,PSD Bank Arena,15:00,18:35,3:35,1800,25 degr.,SW11km/h,rainy w risk tstorm,T. Denker,M. Kattilus,H. Horak,S. Richardson,D. Jurzyk,A. Flaisch-J.,A. Sourdrille,FG,4,9,PW49,"H,4,9,V49","28,9,175","PUNT:82,V00 TB:","H. Schwarz punt 49 yards to the PW0, touchback.","V,1,10,V25",U,NA,NA,NA,NA,NA,NA,NA,28,H,FG,"INT,4,11:03,38","PUNT,4,07:09,51",6,13,3:54,INT,4,11:03,FG38,PUNT,4,07:09,PW49,NA
FGPW2103,PW,FG,Panthers Wroclaw,Frankfurt Galaxy,7/4/2021,Frankfurt,PSD Bank Arena,15:00,18:35,3:35,1800,25 degr.,SW11km/h,rainy w risk tstorm,T. Denker,M. Kattilus,H. Horak,S. Richardson,D. Jurzyk,A. Flaisch-J.,A. Sourdrille,PW,1,10,PW25,"V,1,10,V25","29,1,176",{DRIVE}:07:09,PANTHERS WROCLAW drive start at 07:09.,"V,1,10,V25",NA,07:09,NA,NA,NA,NA,NA,NA,29,V,PW,"PUNT,4,07:09,20","TD,4,04:42,100",6,80,2:27,PUNT,4,07:09,PW20,TD,4,04:42,FG00,NA
FGPW2103,PW,FG,Panthers Wroclaw,Frankfurt Galaxy,7/4/2021,Frankfurt,PSD Bank Arena,15:00,18:35,3:35,1800,25 degr.,SW11km/h,rainy w risk tstorm,T. Denker,M. Kattilus,H. Horak,S. Richardson,D. Jurzyk,A. Flaisch-J.,A. Sourdrille,PW,1,10,PW25,"V,1,10,V25","29,2,177","SPOT:V,V20,Y",PW ball on PW20.,"V,1,10,V20",NA,NA,NA,NA,NA,NA,NA,NA,29,V,PW,"PUNT,4,07:09,20","TD,4,04:42,100",6,80,2:27,PUNT,4,07:09,PW20,TD,4,04:42,FG00,NA
FGPW2103,PW,FG,Panthers Wroclaw,Frankfurt Galaxy,7/4/2021,Frankfurt,PSD Bank Arena,15:00,18:35,3:35,1800,25 degr.,SW11km/h,rainy w risk tstorm,T. Denker,M. Kattilus,H. Horak,S. Richardson,D. Jurzyk,A. Flaisch-J.,A. Sourdrille,PW,1,10,PW20,"V,1,10,V20","29,3,178","PASS:2,C,24,V26 TACK:40",L. O'Connor pass complete to M. Herndon for 6 yards to the PW26 (K. King).,"V,2,4,V26",P,NA,NA,NA,NA,NA,NA,NA,29,V,PW,"PUNT,4,07:09,20","TD,4,04:42,100",6,80,2:27,PUNT,4,07:09,PW20,TD,4,04:42,FG00,NA
FGPW2103,PW,FG,Panthers Wroclaw,Frankfurt Galaxy,7/4/2021,Frankfurt,PSD Bank Arena,15:00,18:35,3:35,1800,25 degr.,SW11km/h,rainy w risk tstorm,T. Denker,M. Kattilus,H. Horak,S. Richardson,D. Jurzyk,A. Flaisch-J.,A. Sourdrille,PW,2,4,PW26,"V,2,4,V26","29,4,179","PASS:2,C,7,V40 TACK:10","L. O'Connor pass complete to J. Wasiel for 14 yards to the PW40, 1ST DOWN PW (O. Williams).","V,1,10,V40",P,NA,P,NA,NA,NA,NA,NA,29,V,PW,"PUNT,4,07:09,20","TD,4,04:42,100",6,80,2:27,PUNT,4,07:09,PW20,TD,4,04:42,FG00,NA
FGPW2103,PW,FG,Panthers Wroclaw,Frankfurt Galaxy,7/4/2021,Frankfurt,PSD Bank Arena,15:00,18:35,3:35,1800,25 degr.,SW11km/h,rainy w risk tstorm,T. Denker,M. Kattilus,H. Horak,S. Richardson,D. Jurzyk,A. Flaisch-J.,A. Sourdrille,PW,1,10,PW40,"V,1,10,V40","29,5,180","PEN:V,FS,A,23,V35,N",PENALTY PW false start (J. Mazan) 5 yards to the PW35.,"V,1,15,V35",E,NA,NA,NA,NA,NA,NA,NA,29,V,PW,"PUNT,4,07:09,20","TD,4,04:42,100",6,80,2:27,PUNT,4,07:09,PW20,TD,4,04:42,FG00,NA
FGPW2103,PW,FG,Panthers Wroclaw,Frankfurt Galaxy,7/4/2021,Frankfurt,PSD Bank Arena,15:00,18:35,3:35,1800,25 degr.,SW11km/h,rainy w risk tstorm,T. Denker,M. Kattilus,H. Horak,S. Richardson,D. Jurzyk,A. Flaisch-J.,A. Sourdrille,PW,1,15,PW35,"V,1,15,V35","29,6,181","PASS:2,I,7,*",L. O'Connor pass incomplete to J. Wasiel.,"V,2,15,V35",P,NA,NA,NA,NA,NA,NA,NA,29,V,PW,"PUNT,4,07:09,20","TD,4,04:42,100",6,80,2:27,PUNT,4,07:09,PW20,TD,4,04:42,FG00,NA
FGPW2103,PW,FG,Panthers Wroclaw,Frankfurt Galaxy,7/4/2021,Frankfurt,PSD Bank Arena,15:00,18:35,3:35,1800,25 degr.,SW11km/h,rainy w risk tstorm,T. Denker,M. Kattilus,H. Horak,S. Richardson,D. Jurzyk,A. Flaisch-J.,A. Sourdrille,PW,2,15,PW35,"V,2,15,V35","29,7,182","PASS:2,I,23,* PEN:H,RP,A,55,V50,1 NOPLAY:","L. O'Connor pass incomplete to J. Mazan, PENALTY FG roughing passer (V. Valasti) 15 yards to the 50 yardline, 1ST DOWN PW, NO PLAY.","V,1,10,V50",E,NA,E,NA,NA,NA,NA,NA,29,V,PW,"PUNT,4,07:09,20","TD,4,04:42,100",6,80,2:27,PUNT,4,07:09,PW20,TD,4,04:42,FG00,NA
FGPW2103,PW,FG,Panthers Wroclaw,Frankfurt Galaxy,7/4/2021,Frankfurt,PSD Bank Arena,15:00,18:35,3:35,1800,25 degr.,SW11km/h,rainy w risk tstorm,T. Denker,M. Kattilus,H. Horak,S. Richardson,D. Jurzyk,A. Flaisch-J.,A. Sourdrille,PW,1,10,PW50,"V,1,10,V50","29,8,183","PASS:2,I,*",L. O'Connor pass incomplete to *.,"V,2,10,V50",P,NA,NA,NA,NA,NA,NA,NA,29,V,PW,"PUNT,4,07:09,20","TD,4,04:42,100",6,80,2:27,PUNT,4,07:09,PW20,TD,4,04:42,FG00,NA
FGPW2103,PW,FG,Panthers Wroclaw,Frankfurt Galaxy,7/4/2021,Frankfurt,PSD Bank Arena,15:00,18:35,3:35,1800,25 degr.,SW11km/h,rainy w risk tstorm,T. Denker,M. Kattilus,H. Horak,S. Richardson,D. Jurzyk,A. Flaisch-J.,A. Sourdrille,PW,2,10,PW50,"V,2,10,V50","29,9,184","RUSH:13,H49, TACK:43",D. Kwiatkowski rush for 1 yard to the FG49 (J. Silva Gomez).,"V,3,9,H49",R,NA,NA,NA,NA,NA,NA,NA,29,V,PW,"PUNT,4,07:09,20","TD,4,04:42,100",6,80,2:27,PUNT,4,07:09,PW20,TD,4,04:42,FG00,NA
FGPW2103,PW,FG,Panthers Wroclaw,Frankfurt Galaxy,7/4/2021,Frankfurt,PSD Bank Arena,15:00,18:35,3:35,1800,25 degr.,SW11km/h,rainy w risk tstorm,T. Denker,M. Kattilus,H. Horak,S. Richardson,D. Jurzyk,A. Flaisch-J.,A. Sourdrille,PW,3,9,FG49,"V,3,9,H49","29,10,185",TOUT:H T:04:51,"Timeout Frankfurt Galaxy, clock 04:51.","V,3,9,H49",#,04:51,NA,NA,NA,NA,NA,NA,29,V,PW,"PUNT,4,07:09,20","TD,4,04:42,100",6,80,2:27,PUNT,4,07:09,PW20,TD,4,04:42,FG00,NA
FGPW2103,PW,FG,Panthers Wroclaw,Frankfurt Galaxy,7/4/2021,Frankfurt,PSD Bank Arena,15:00,18:35,3:35,1800,25 degr.,SW11km/h,rainy w risk tstorm,T. Denker,M. Kattilus,H. Horak,S. Richardson,D. Jurzyk,A. Flaisch-J.,A. Sourdrille,PW,3,9,FG49,"V,3,9,H49","29,11,186","PASS:2,C,23,H00 T:04:42","L. O'Connor pass complete to J. Mazan for 49 yards to the FG0, 1ST DOWN PW, TOUCHDOWN, clock 04:42.","V,1,10,H15",P,04:42,P,NA,NA,Y,12,19,29,V,PW,"PUNT,4,07:09,20","TD,4,04:42,100",6,80,2:27,PUNT,4,07:09,PW20,TD,4,04:42,FG00,NA
FGPW2103,PW,FG,Panthers Wroclaw,Frankfurt Galaxy,7/4/2021,Frankfurt,PSD Bank Arena,15:00,18:35,3:35,1800,25 degr.,SW11km/h,rainy w risk tstorm,T. Denker,M. Kattilus,H. Horak,S. Richardson,D. Jurzyk,A. Flaisch-J.,A. Sourdrille,PW,1,10,FG15,"V,1,10,H15","29,12,187","PAT:K,11,G",D. Panczyszyn kick attempt good.,"V,1,0,V35",X,NA,NA,NA,NA,Y,13,19,29,V,PW,"PUNT,4,07:09,20","TD,4,04:42,100",6,80,2:27,PUNT,4,07:09,PW20,TD,4,04:42,FG00,NA
FGPW2103,PW,FG,Panthers Wroclaw,Frankfurt Galaxy,7/4/2021,Frankfurt,PSD Bank Arena,15:00,18:35,3:35,1800,25 degr.,SW11km/h,rainy w risk tstorm,T. Denker,M. Kattilus,H. Horak,S. Richardson,D. Jurzyk,A. Flaisch-J.,A. Sourdrille,PW,1,0,PW35,"V,1,0,V35","29,13,188","KO:85,H21 RET:86,H34","O. Wypych kickoff 44 yards to the FG21, L. Regler return 13 yards to the FG34.","H,1,10,H34",K,NA,NA,NA,NA,NA,NA,NA,29,V,PW,"PUNT,4,07:09,20","TD,4,04:42,100",6,80,2:27,PUNT,4,07:09,PW20,TD,4,04:42,FG00,NA
FGPW2103,PW,FG,Panthers Wroclaw,Frankfurt Galaxy,7/4/2021,Frankfurt,PSD Bank Arena,15:00,18:35,3:35,1800,25 degr.,SW11km/h,rainy w risk tstorm,T. Denker,M. Kattilus,H. Horak,S. Richardson,D. Jurzyk,A. Flaisch-J.,A. Sourdrille,FG,1,10,FG34,"H,1,10,H34","30,1,189",{DRIVE}:04:34,FRANKFURT GALAXY drive start at 04:34.,"H,1,10,H34",NA,04:34,NA,NA,NA,NA,NA,NA,30,H,FG,"KO,4,04:34,34","FG,4,00:49,95",10,61,3:45,KO,4,04:34,FG34,FG,4,00:49,PW05,1
FGPW2103,PW,FG,Panthers Wroclaw,Frankfurt Galaxy,7/4/2021,Frankfurt,PSD Bank Arena,15:00,18:35,3:35,1800,25 degr.,SW11km/h,rainy w risk tstorm,T. Denker,M. Kattilus,H. Horak,S. Richardson,D. Jurzyk,A. Flaisch-J.,A. Sourdrille,FG,1,10,FG34,"H,1,10,H34","30,2,190","PASS:7,C,19,H38 TACK:4,47 PEN:V,FM,A,4,V47,N NOPLAY:","J. Sullivan pass complete to N. Strahmann for 4 yards to the FG38 (W. Lloyd;A. Idziak), PENALTY PW face mask (W. Lloyd) 19 yards to the PW47, 1ST DOWN FG, NO PLAY.","H,1,10,V47",E,NA,E,NA,NA,NA,NA,NA,30,H,FG,"KO,4,04:34,34","FG,4,00:49,95",10,61,3:45,KO,4,04:34,FG34,FG,4,00:49,PW05,1
FGPW2103,PW,FG,Panthers Wroclaw,Frankfurt Galaxy,7/4/2021,Frankfurt,PSD Bank Arena,15:00,18:35,3:35,1800,25 degr.,SW11km/h,rainy w risk tstorm,T. Denker,M. Kattilus,H. Horak,S. Richardson,D. Jurzyk,A. Flaisch-J.,A. Sourdrille,FG,1,10,PW47,"H,1,10,V47","30,3,191","RUSH:13,V45, TACK:8,4",M. Rutsch rush for 2 yards to the PW45 (H. Ogrodowcyk;W. Lloyd).,"H,2,8,V45",R,NA,NA,NA,NA,NA,NA,NA,30,H,FG,"KO,4,04:34,34","FG,4,00:49,95",10,61,3:45,KO,4,04:34,FG34,FG,4,00:49,PW05,1
FGPW2103,PW,FG,Panthers Wroclaw,Frankfurt Galaxy,7/4/2021,Frankfurt,PSD Bank Arena,15:00,18:35,3:35,1800,25 degr.,SW11km/h,rainy w risk tstorm,T. Denker,M. Kattilus,H. Horak,S. Richardson,D. Jurzyk,A. Flaisch-J.,A. Sourdrille,FG,2,8,PW45,"H,2,8,V45","30,4,192","PASS:7,C,86,V25 TACK:5,31","J. Sullivan pass complete to L. Regler for 20 yards to the PW25, 1ST DOWN FG (G. Zec;S. Romanowski).","H,1,10,V25",P,NA,P,NA,NA,NA,NA,NA,30,H,FG,"KO,4,04:34,34","FG,4,00:49,95",10,61,3:45,KO,4,04:34,FG34,FG,4,00:49,PW05,1
FGPW2103,PW,FG,Panthers Wroclaw,Frankfurt Galaxy,7/4/2021,Frankfurt,PSD Bank Arena,15:00,18:35,3:35,1800,25 degr.,SW11km/h,rainy w risk tstorm,T. Denker,M. Kattilus,H. Horak,S. Richardson,D. Jurzyk,A. Flaisch-J.,A. Sourdrille,FG,1,10,PW25,"H,1,10,V25","30,5,193","RUSH:7,V21, OB:","J. Sullivan rush for 4 yards to the PW21, out-of-bounds.","H,2,6,V21",R,NA,NA,Y,NA,NA,NA,NA,30,H,FG,"KO,4,04:34,34","FG,4,00:49,95",10,61,3:45,KO,4,04:34,FG34,FG,4,00:49,PW05,1
FGPW2103,PW,FG,Panthers Wroclaw,Frankfurt Galaxy,7/4/2021,Frankfurt,PSD Bank Arena,15:00,18:35,3:35,1800,25 degr.,SW11km/h,rainy w risk tstorm,T. Denker,M. Kattilus,H. Horak,S. Richardson,D. Jurzyk,A. Flaisch-J.,A. Sourdrille,FG,2,6,PW21,"H,2,6,V21","30,6,194","PASS:7,C,13,V19 TACK:21,94",J. Sullivan pass complete to M. Rutsch for 2 yards to the PW19 (P. Lewszyk;K. Brauns).,"H,3,4,V19",P,NA,NA,NA,NA,NA,NA,NA,30,H,FG,"KO,4,04:34,34","FG,4,00:49,95",10,61,3:45,KO,4,04:34,FG34,FG,4,00:49,PW05,1
FGPW2103,PW,FG,Panthers Wroclaw,Frankfurt Galaxy,7/4/2021,Frankfurt,PSD Bank Arena,15:00,18:35,3:35,1800,25 degr.,SW11km/h,rainy w risk tstorm,T. Denker,M. Kattilus,H. Horak,S. Richardson,D. Jurzyk,A. Flaisch-J.,A. Sourdrille,FG,3,4,PW19,"H,3,4,V19","30,7,195","RUSH:22,V19, TACK:47,26",G. Ameln rush for no gain to the PW19 (A. Idziak;M. Osumek).,"H,4,4,V19",R,NA,NA,NA,NA,NA,NA,NA,30,H,FG,"KO,4,04:34,34","FG,4,00:49,95",10,61,3:45,KO,4,04:34,FG34,FG,4,00:49,PW05,1
FGPW2103,PW,FG,Panthers Wroclaw,Frankfurt Galaxy,7/4/2021,Frankfurt,PSD Bank Arena,15:00,18:35,3:35,1800,25 degr.,SW11km/h,rainy w risk tstorm,T. Denker,M. Kattilus,H. Horak,S. Richardson,D. Jurzyk,A. Flaisch-J.,A. Sourdrille,FG,4,4,PW19,"H,4,4,V19","30,8,196",TOUT:V T:01:54,"Timeout Panthers Wroclaw, clock 01:54.","H,4,4,V19",#,01:54,NA,NA,NA,NA,NA,NA,30,H,FG,"KO,4,04:34,34","FG,4,00:49,95",10,61,3:45,KO,4,04:34,FG34,FG,4,00:49,PW05,1
FGPW2103,PW,FG,Panthers Wroclaw,Frankfurt Galaxy,7/4/2021,Frankfurt,PSD Bank Arena,15:00,18:35,3:35,1800,25 degr.,SW11km/h,rainy w risk tstorm,T. Denker,M. Kattilus,H. Horak,S. Richardson,D. Jurzyk,A. Flaisch-J.,A. Sourdrille,FG,4,4,PW19,"H,4,4,V19","30,9,197","RUSH:7,V11, OB:","J. Sullivan rush for 8 yards to the PW11, 1ST DOWN FG, out-of-bounds.","H,1,10,V11",R,NA,R,Y,NA,NA,NA,NA,30,H,FG,"KO,4,04:34,34","FG,4,00:49,95",10,61,3:45,KO,4,04:34,FG34,FG,4,00:49,PW05,1
FGPW2103,PW,FG,Panthers Wroclaw,Frankfurt Galaxy,7/4/2021,Frankfurt,PSD Bank Arena,15:00,18:35,3:35,1800,25 degr.,SW11km/h,rainy w risk tstorm,T. Denker,M. Kattilus,H. Horak,S. Richardson,D. Jurzyk,A. Flaisch-J.,A. Sourdrille,FG,1,10,PW11,"H,1,10,V11","30,10,198","RUSH:22,V06, TACK:94",G. Ameln rush for 5 yards to the PW6 (K. Brauns).,"H,2,5,V06",R,NA,NA,NA,NA,NA,NA,NA,30,H,FG,"KO,4,04:34,34","FG,4,00:49,95",10,61,3:45,KO,4,04:34,FG34,FG,4,00:49,PW05,1
FGPW2103,PW,FG,Panthers Wroclaw,Frankfurt Galaxy,7/4/2021,Frankfurt,PSD Bank Arena,15:00,18:35,3:35,1800,25 degr.,SW11km/h,rainy w risk tstorm,T. Denker,M. Kattilus,H. Horak,S. Richardson,D. Jurzyk,A. Flaisch-J.,A. Sourdrille,FG,2,5,PW06,"H,2,5,V06","30,11,199",TOUT:V T:01:35,"Timeout Panthers Wroclaw, clock 01:35.","H,2,5,V06",#,01:35,NA,NA,NA,NA,NA,NA,30,H,FG,"KO,4,04:34,34","FG,4,00:49,95",10,61,3:45,KO,4,04:34,FG34,FG,4,00:49,PW05,1
FGPW2103,PW,FG,Panthers Wroclaw,Frankfurt Galaxy,7/4/2021,Frankfurt,PSD Bank Arena,15:00,18:35,3:35,1800,25 degr.,SW11km/h,rainy w risk tstorm,T. Denker,M. Kattilus,H. Horak,S. Richardson,D. Jurzyk,A. Flaisch-J.,A. Sourdrille,FG,2,5,PW06,"H,2,5,V06","30,12,200","RUSH:22,V07, TACK:8",G. Ameln rush for loss of 1 yard to the PW7 (H. Ogrodowcyk).,"H,3,6,V07",R,NA,NA,NA,NA,NA,NA,NA,30,H,FG,"KO,4,04:34,34","FG,4,00:49,95",10,61,3:45,KO,4,04:34,FG34,FG,4,00:49,PW05,1
FGPW2103,PW,FG,Panthers Wroclaw,Frankfurt Galaxy,7/4/2021,Frankfurt,PSD Bank Arena,15:00,18:35,3:35,1800,25 degr.,SW11km/h,rainy w risk tstorm,T. Denker,M. Kattilus,H. Horak,S. Richardson,D. Jurzyk,A. Flaisch-J.,A. Sourdrille,FG,3,6,PW07,"H,3,6,V07","30,13,201",TOUT:V T:01:33,"Timeout Panthers Wroclaw, clock 01:33.","H,3,6,V07",#,01:33,NA,NA,NA,NA,NA,NA,30,H,FG,"KO,4,04:34,34","FG,4,00:49,95",10,61,3:45,KO,4,04:34,FG34,FG,4,00:49,PW05,1
FGPW2103,PW,FG,Panthers Wroclaw,Frankfurt Galaxy,7/4/2021,Frankfurt,PSD Bank Arena,15:00,18:35,3:35,1800,25 degr.,SW11km/h,rainy w risk tstorm,T. Denker,M. Kattilus,H. Horak,S. Richardson,D. Jurzyk,A. Flaisch-J.,A. Sourdrille,FG,3,6,PW07,"H,3,6,V07","30,14,202","RUSH:7,V05,",J. Sullivan rush for 2 yards to the PW5.,"H,4,4,V05",R,NA,NA,NA,NA,NA,NA,NA,30,H,FG,"KO,4,04:34,34","FG,4,00:49,95",10,61,3:45,KO,4,04:34,FG34,FG,4,00:49,PW05,1
FGPW2103,PW,FG,Panthers Wroclaw,Frankfurt Galaxy,7/4/2021,Frankfurt,PSD Bank Arena,15:00,18:35,3:35,1800,25 degr.,SW11km/h,rainy w risk tstorm,T. Denker,M. Kattilus,H. Horak,S. Richardson,D. Jurzyk,A. Flaisch-J.,A. Sourdrille,FG,4,4,PW05,"H,4,4,V05","30,15,203","FGA:15,23,G T:00:49","M. Siemssen field goal attempt from 23 GOOD, clock 00:49.","H,1,0,H35",F,00:49,NA,NA,NA,Y,13,22,30,H,FG,"KO,4,04:34,34","FG,4,00:49,95",10,61,3:45,KO,4,04:34,FG34,FG,4,00:49,PW05,1
FGPW2103,PW,FG,Panthers Wroclaw,Frankfurt Galaxy,7/4/2021,Frankfurt,PSD Bank Arena,15:00,18:35,3:35,1800,25 degr.,SW11km/h,rainy w risk tstorm,T. Denker,M. Kattilus,H. Horak,S. Richardson,D. Jurzyk,A. Flaisch-J.,A. Sourdrille,FG,1,0,FG35,"H,1,0,H35","30,16,204","KO:19,V15 RET:4,V28","N. Strahmann kickoff 50 yards to the PW15, W. Lloyd return 13 yards to the PW28.","V,1,10,V28",K,NA,NA,NA,NA,NA,NA,NA,30,H,FG,"KO,4,04:34,34","FG,4,00:49,95",10,61,3:45,KO,4,04:34,FG34,FG,4,00:49,PW05,1
FGPW2103,PW,FG,Panthers Wroclaw,Frankfurt Galaxy,7/4/2021,Frankfurt,PSD Bank Arena,15:00,18:35,3:35,1800,25 degr.,SW11km/h,rainy w risk tstorm,T. Denker,M. Kattilus,H. Horak,S. Richardson,D. Jurzyk,A. Flaisch-J.,A. Sourdrille,PW,1,10,PW28,"V,1,10,V28","31,1,205",{DRIVE}:00:42,PANTHERS WROCLAW drive start at 00:42.,"V,1,10,V28",NA,00:42,NA,NA,NA,NA,NA,NA,31,V,PW,"KO,4,00:42,28","HALF,4,00:00,35",3,7,0:42,KO,4,00:42,PW28,HALF,4,00:00,PW35,NA
FGPW2103,PW,FG,Panthers Wroclaw,Frankfurt Galaxy,7/4/2021,Frankfurt,PSD Bank Arena,15:00,18:35,3:35,1800,25 degr.,SW11km/h,rainy w risk tstorm,T. Denker,M. Kattilus,H. Horak,S. Richardson,D. Jurzyk,A. Flaisch-J.,A. Sourdrille,PW,1,10,PW28,"V,1,10,V28","31,2,206","PASS:2,S,TM,V25 SACK:90,56",L. O'Connor sacked for loss of 3 yards to the PW25 (M. A. Hor;S. Silva Gomez).,"V,2,13,V25",P,NA,NA,NA,NA,NA,NA,NA,31,V,PW,"KO,4,00:42,28","HALF,4,00:00,35",3,7,0:42,KO,4,00:42,PW28,HALF,4,00:00,PW35,NA
FGPW2103,PW,FG,Panthers Wroclaw,Frankfurt Galaxy,7/4/2021,Frankfurt,PSD Bank Arena,15:00,18:35,3:35,1800,25 degr.,SW11km/h,rainy w risk tstorm,T. Denker,M. Kattilus,H. Horak,S. Richardson,D. Jurzyk,A. Flaisch-J.,A. Sourdrille,PW,2,13,PW25,"V,2,13,V25","31,3,207","PASS:2,I,82,*",L. O'Connor pass incomplete to P. Banat.,"V,3,13,V25",P,NA,NA,NA,NA,NA,NA,NA,31,V,PW,"KO,4,00:42,28","HALF,4,00:00,35",3,7,0:42,KO,4,00:42,PW28,HALF,4,00:00,PW35,NA
FGPW2103,PW,FG,Panthers Wroclaw,Frankfurt Galaxy,7/4/2021,Frankfurt,PSD Bank Arena,15:00,18:35,3:35,1800,25 degr.,SW11km/h,rainy w risk tstorm,T. Denker,M. Kattilus,H. Horak,S. Richardson,D. Jurzyk,A. Flaisch-J.,A. Sourdrille,PW,3,13,PW25,"V,3,13,V25","31,4,208","PASS:2,C,82,V35 TACK:10",L. O'Connor pass complete to P. Banat for 10 yards to the PW35 (O. Williams).,"V,4,3,V35",P,NA,NA,NA,NA,NA,NA,NA,31,V,PW,"KO,4,00:42,28","HALF,4,00:00,35",3,7,0:42,KO,4,00:42,PW28,HALF,4,00:00,PW35,NA
FGPW2103,PW,FG,Panthers Wroclaw,Frankfurt Galaxy,7/4/2021,Frankfurt,PSD Bank Arena,15:00,18:35,3:35,1800,25 degr.,SW11km/h,rainy w risk tstorm,T. Denker,M. Kattilus,H. Horak,S. Richardson,D. Jurzyk,A. Flaisch-J.,A. Sourdrille,PW,4,3,PW35,"V,4,3,V35","31,5,209",HALF: T:00:00,"End of game, clock 00:00.","V,4,3,V35",#,00:00,NA,NA,NA,NA,NA,NA,31,V,PW,"KO,4,00:42,28","HALF,4,00:00,35",3,7,0:42,KO,4,00:42,PW28,HALF,4,00:00,PW35,NA
