gameid,visid,homeid,visname,homename,date,location,stadium,start,end,leaguegame,duration,attend,temp,wind,weather,ref,ump,line,bj,fj,sj,cj,alt,hasball,down,togo,spot,context,playid,tokens,desc,newcontext,type,clock,first,turnover,score,vscore,hscore,ob,drive_number,drive_vh,drive_team,drive_start,drive_end,drive_plays,drive_yards,drive_top,drive_start_how,drive_start_qtr,drive_start_time,drive_start_spot,drive_end_how,drive_end_qtr,drive_end_time,drive_end_spot,drive_rz
HDFG2101,FG,HD,Frankfurt Galaxy,Hamburg Sea Devils,6/20/2021,Hamburg,Stadion Hoheluft,15:00,17:45,Y,02:45,1600,26 degr.,SW,partly cloudy,M. Scholz,B. Hauben,K. Haltermann,D. Jurzyk,M. Hoffmann,H. Romanczyk,M. Burzec,M. Burzec,FG,1,10,FG35,"V,1,10,V35","0,1,0",CMT:Hamburg wins the coin toss and chooses 2nd half option.,Hamburg wins the coin toss and chooses 2nd half option.,"V,1,10,V35",NA,NA,NA,NA,NA,NA,NA,NA,0,NA,NA,NA,NA,NA,NA,NA,NA,NA,NA,NA,NA,NA,NA,NA,NA
HDFG2101,FG,HD,Frankfurt Galaxy,Hamburg Sea Devils,6/20/2021,Hamburg,Stadion Hoheluft,15:00,17:45,Y,02:45,1600,26 degr.,SW,partly cloudy,M. Scholz,B. Hauben,K. Haltermann,D. Jurzyk,M. Hoffmann,H. Romanczyk,M. Burzec,M. Burzec,FG,1,10,FG35,"V,1,10,V35","0,2,1","SPOT:H,H35,N",HD ball on HD35.,"H,1,10,H35",NA,NA,NA,NA,NA,NA,NA,NA,0,NA,NA,NA,NA,NA,NA,NA,NA,NA,NA,NA,NA,NA,NA,NA,NA
HDFG2101,FG,HD,Frankfurt Galaxy,Hamburg Sea Devils,6/20/2021,Hamburg,Stadion Hoheluft,15:00,17:45,Y,02:45,1600,26 degr.,SW,partly cloudy,M. Scholz,B. Hauben,K. Haltermann,D. Jurzyk,M. Hoffmann,H. Romanczyk,M. Burzec,M. Burzec,HD,1,10,HD35,"H,1,10,H35","0,3,2",Q:1 T:15:00,"Start of 1st quarter, clock 15:00.","H,1,10,H35",#,15:00,NA,NA,NA,NA,NA,NA,0,NA,NA,NA,NA,NA,NA,NA,NA,NA,NA,NA,NA,NA,NA,NA,NA
HDFG2101,FG,HD,Frankfurt Galaxy,Hamburg Sea Devils,6/20/2021,Hamburg,Stadion Hoheluft,15:00,17:45,Y,02:45,1600,26 degr.,SW,partly cloudy,M. Scholz,B. Hauben,K. Haltermann,D. Jurzyk,M. Hoffmann,H. Romanczyk,M. Burzec,M. Burzec,HD,1,10,HD35,"H,1,10,H35","0,4,3","KO:4,V00 TB:","P. Andersen kickoff 65 yards to the FG0, touchback.","V,1,10,V25",K,NA,NA,NA,NA,NA,NA,NA,0,NA,NA,NA,NA,NA,NA,NA,NA,NA,NA,NA,NA,NA,NA,NA,NA
HDFG2101,FG,HD,Frankfurt Galaxy,Hamburg Sea Devils,6/20/2021,Hamburg,Stadion Hoheluft,15:00,17:45,Y,02:45,1600,26 degr.,SW,partly cloudy,M. Scholz,B. Hauben,K. Haltermann,D. Jurzyk,M. Hoffmann,H. Romanczyk,M. Burzec,M. Burzec,FG,1,10,FG25,"V,1,10,V25","1,1,4","PASS:6,C,11,V34 TACK:52",M. Johannknecht pass complete to A. Mahoungou for 9 yards to the FG34 (A. Mati).,"V,2,1,V34",P,NA,NA,NA,NA,NA,NA,NA,1,V,FG,"KO,1,15:00,25","FGA,1,08:10,81",11,56,6:50,KO,1,15:00,FG25,FGA,1,08:10,HD19,1
HDFG2101,FG,HD,Frankfurt Galaxy,Hamburg Sea Devils,6/20/2021,Hamburg,Stadion Hoheluft,15:00,17:45,Y,02:45,1600,26 degr.,SW,partly cloudy,M. Scholz,B. Hauben,K. Haltermann,D. Jurzyk,M. Hoffmann,H. Romanczyk,M. Burzec,M. Burzec,FG,2,1,FG34,"V,2,1,V34","1,2,5","RUSH:21,V37, TACK:93","G. Adams rush for 3 yards to the FG37, 1ST DOWN FG (A. Babic).","V,1,10,V37",R,NA,R,NA,NA,NA,NA,NA,1,V,FG,"KO,1,15:00,25","FGA,1,08:10,81",11,56,6:50,KO,1,15:00,FG25,FGA,1,08:10,HD19,1
HDFG2101,FG,HD,Frankfurt Galaxy,Hamburg Sea Devils,6/20/2021,Hamburg,Stadion Hoheluft,15:00,17:45,Y,02:45,1600,26 degr.,SW,partly cloudy,M. Scholz,B. Hauben,K. Haltermann,D. Jurzyk,M. Hoffmann,H. Romanczyk,M. Burzec,M. Burzec,FG,1,10,FG37,"V,1,10,V37","1,3,6","PASS:7,C,13,V49 TACK:91,94","J. Sullivan pass complete to M. Rutsch for 12 yards to the FG49, 1ST DOWN FG (K. Edebali;B. Grube).","V,1,10,V49",P,NA,P,NA,NA,NA,NA,NA,1,V,FG,"KO,1,15:00,25","FGA,1,08:10,81",11,56,6:50,KO,1,15:00,FG25,FGA,1,08:10,HD19,1
HDFG2101,FG,HD,Frankfurt Galaxy,Hamburg Sea Devils,6/20/2021,Hamburg,Stadion Hoheluft,15:00,17:45,Y,02:45,1600,26 degr.,SW,partly cloudy,M. Scholz,B. Hauben,K. Haltermann,D. Jurzyk,M. Hoffmann,H. Romanczyk,M. Burzec,M. Burzec,FG,1,10,FG49,"V,1,10,V49","1,4,7","RUSH:21,V50, FUMB:V,H47,74 TACK:40","G. Adams rush for 1 yard to the 50 yardline, fumble by G. Adams recovered by FG S. Fischer at HD47 (M. Spiegel).","V,2,6,H47",R,NA,NA,NA,NA,NA,NA,NA,1,V,FG,"KO,1,15:00,25","FGA,1,08:10,81",11,56,6:50,KO,1,15:00,FG25,FGA,1,08:10,HD19,1
HDFG2101,FG,HD,Frankfurt Galaxy,Hamburg Sea Devils,6/20/2021,Hamburg,Stadion Hoheluft,15:00,17:45,Y,02:45,1600,26 degr.,SW,partly cloudy,M. Scholz,B. Hauben,K. Haltermann,D. Jurzyk,M. Hoffmann,H. Romanczyk,M. Burzec,M. Burzec,FG,2,6,HD47,"V,2,6,H47","1,5,8","PASS:7,C,13,H44",J. Sullivan pass complete to M. Rutsch for 3 yards to the HD44.,"V,3,3,H44",P,NA,NA,NA,NA,NA,NA,NA,1,V,FG,"KO,1,15:00,25","FGA,1,08:10,81",11,56,6:50,KO,1,15:00,FG25,FGA,1,08:10,HD19,1
HDFG2101,FG,HD,Frankfurt Galaxy,Hamburg Sea Devils,6/20/2021,Hamburg,Stadion Hoheluft,15:00,17:45,Y,02:45,1600,26 degr.,SW,partly cloudy,M. Scholz,B. Hauben,K. Haltermann,D. Jurzyk,M. Hoffmann,H. Romanczyk,M. Burzec,M. Burzec,FG,3,3,HD44,"V,3,3,H44","1,6,9","PASS:7,I,TM,* PEN:H,OD,A,TM,H39,N NOPLAY:","J. Sullivan pass incomplete, PENALTY HD offside defense 5 yards to the HD39, 1ST DOWN FG, NO PLAY.","V,1,10,H39",E,NA,E,NA,NA,NA,NA,NA,1,V,FG,"KO,1,15:00,25","FGA,1,08:10,81",11,56,6:50,KO,1,15:00,FG25,FGA,1,08:10,HD19,1
HDFG2101,FG,HD,Frankfurt Galaxy,Hamburg Sea Devils,6/20/2021,Hamburg,Stadion Hoheluft,15:00,17:45,Y,02:45,1600,26 degr.,SW,partly cloudy,M. Scholz,B. Hauben,K. Haltermann,D. Jurzyk,M. Hoffmann,H. Romanczyk,M. Burzec,M. Burzec,FG,1,10,HD39,"V,1,10,H39","1,7,10","PEN:H,OS,A,TM,H39,1","PENALTY HD offside 0 yards to the HD39, 1ST DOWN FG.","V,1,10,H39",E,NA,E,NA,NA,NA,NA,NA,1,V,FG,"KO,1,15:00,25","FGA,1,08:10,81",11,56,6:50,KO,1,15:00,FG25,FGA,1,08:10,HD19,1
HDFG2101,FG,HD,Frankfurt Galaxy,Hamburg Sea Devils,6/20/2021,Hamburg,Stadion Hoheluft,15:00,17:45,Y,02:45,1600,26 degr.,SW,partly cloudy,M. Scholz,B. Hauben,K. Haltermann,D. Jurzyk,M. Hoffmann,H. Romanczyk,M. Burzec,M. Burzec,FG,1,10,HD39,"V,1,10,H39","1,8,11","RUSH:21,H34, TACK:52,58",G. Adams rush for 5 yards to the HD34 (A. Mati;J. Bombek).,"V,2,5,H34",R,NA,NA,NA,NA,NA,NA,NA,1,V,FG,"KO,1,15:00,25","FGA,1,08:10,81",11,56,6:50,KO,1,15:00,FG25,FGA,1,08:10,HD19,1
HDFG2101,FG,HD,Frankfurt Galaxy,Hamburg Sea Devils,6/20/2021,Hamburg,Stadion Hoheluft,15:00,17:45,Y,02:45,1600,26 degr.,SW,partly cloudy,M. Scholz,B. Hauben,K. Haltermann,D. Jurzyk,M. Hoffmann,H. Romanczyk,M. Burzec,M. Burzec,FG,2,5,HD34,"V,2,5,H34","1,9,12","PASS:7,C,86,H27 TACK:40,27","J. Sullivan pass complete to L. Regler for 7 yards to the HD27, 1ST DOWN FG (M. Spiegel;L. Mueller).","V,1,10,H27",P,NA,P,NA,NA,NA,NA,NA,1,V,FG,"KO,1,15:00,25","FGA,1,08:10,81",11,56,6:50,KO,1,15:00,FG25,FGA,1,08:10,HD19,1
HDFG2101,FG,HD,Frankfurt Galaxy,Hamburg Sea Devils,6/20/2021,Hamburg,Stadion Hoheluft,15:00,17:45,Y,02:45,1600,26 degr.,SW,partly cloudy,M. Scholz,B. Hauben,K. Haltermann,D. Jurzyk,M. Hoffmann,H. Romanczyk,M. Burzec,M. Burzec,FG,1,10,HD27,"V,1,10,H27","1,10,13","RUSH:21,H19, TACK:43",G. Adams rush for 8 yards to the HD19 (M. Boock).,"V,2,2,H19",R,NA,NA,NA,NA,NA,NA,NA,1,V,FG,"KO,1,15:00,25","FGA,1,08:10,81",11,56,6:50,KO,1,15:00,FG25,FGA,1,08:10,HD19,1
HDFG2101,FG,HD,Frankfurt Galaxy,Hamburg Sea Devils,6/20/2021,Hamburg,Stadion Hoheluft,15:00,17:45,Y,02:45,1600,26 degr.,SW,partly cloudy,M. Scholz,B. Hauben,K. Haltermann,D. Jurzyk,M. Hoffmann,H. Romanczyk,M. Burzec,M. Burzec,FG,2,2,HD19,"V,2,2,H19","1,11,14","PASS:7,C,84,H18 TACK:25",J. Sullivan pass complete to C. Sow for 1 yard to the HD18 (M. Franklin).,"V,3,1,H18",P,NA,NA,NA,NA,NA,NA,NA,1,V,FG,"KO,1,15:00,25","FGA,1,08:10,81",11,56,6:50,KO,1,15:00,FG25,FGA,1,08:10,HD19,1
HDFG2101,FG,HD,Frankfurt Galaxy,Hamburg Sea Devils,6/20/2021,Hamburg,Stadion Hoheluft,15:00,17:45,Y,02:45,1600,26 degr.,SW,partly cloudy,M. Scholz,B. Hauben,K. Haltermann,D. Jurzyk,M. Hoffmann,H. Romanczyk,M. Burzec,M. Burzec,FG,3,1,HD18,"V,3,1,H18","1,12,15",TOUT:V T:08:57,"Timeout Frankfurt Galaxy, clock 08:57.","V,3,1,H18",#,08:57,NA,NA,NA,NA,NA,NA,1,V,FG,"KO,1,15:00,25","FGA,1,08:10,81",11,56,6:50,KO,1,15:00,FG25,FGA,1,08:10,HD19,1
HDFG2101,FG,HD,Frankfurt Galaxy,Hamburg Sea Devils,6/20/2021,Hamburg,Stadion Hoheluft,15:00,17:45,Y,02:45,1600,26 degr.,SW,partly cloudy,M. Scholz,B. Hauben,K. Haltermann,D. Jurzyk,M. Hoffmann,H. Romanczyk,M. Burzec,M. Burzec,FG,3,1,HD18,"V,3,1,H18","1,13,16","RUSH:7,H20, FUMB:V,H20,21 +:21,H19 TACK:23","J. Sullivan rush for loss of 2 yards to the HD20, fumble by J. Sullivan recovered by FG G. Adams at HD20, G. Adams for 1 yard to the HD19 (J. Rogers).","V,4,2,H19",R,NA,NA,NA,NA,NA,NA,NA,1,V,FG,"KO,1,15:00,25","FGA,1,08:10,81",11,56,6:50,KO,1,15:00,FG25,FGA,1,08:10,HD19,1
HDFG2101,FG,HD,Frankfurt Galaxy,Hamburg Sea Devils,6/20/2021,Hamburg,Stadion Hoheluft,15:00,17:45,Y,02:45,1600,26 degr.,SW,partly cloudy,M. Scholz,B. Hauben,K. Haltermann,D. Jurzyk,M. Hoffmann,H. Romanczyk,M. Burzec,M. Burzec,FG,4,2,HD19,"V,4,2,H19","1,14,17",TOUT:H T:08:15,"Timeout Hamburg Sea Devils, clock 08:15.","V,4,2,H19",#,08:15,NA,NA,NA,NA,NA,NA,1,V,FG,"KO,1,15:00,25","FGA,1,08:10,81",11,56,6:50,KO,1,15:00,FG25,FGA,1,08:10,HD19,1
HDFG2101,FG,HD,Frankfurt Galaxy,Hamburg Sea Devils,6/20/2021,Hamburg,Stadion Hoheluft,15:00,17:45,Y,02:45,1600,26 degr.,SW,partly cloudy,M. Scholz,B. Hauben,K. Haltermann,D. Jurzyk,M. Hoffmann,H. Romanczyk,M. Burzec,M. Burzec,FG,4,2,HD19,"V,4,2,H19","1,15,18","FGA:83,37,M,H27,R T:08:10","L. Sack field goal attempt from 37 MISSED - wide right, spot at HD27, clock 08:10.","H,1,10,H27",F,08:10,NA,NA,NA,NA,NA,NA,1,V,FG,"KO,1,15:00,25","FGA,1,08:10,81",11,56,6:50,KO,1,15:00,FG25,FGA,1,08:10,HD19,1
HDFG2101,FG,HD,Frankfurt Galaxy,Hamburg Sea Devils,6/20/2021,Hamburg,Stadion Hoheluft,15:00,17:45,Y,02:45,1600,26 degr.,SW,partly cloudy,M. Scholz,B. Hauben,K. Haltermann,D. Jurzyk,M. Hoffmann,H. Romanczyk,M. Burzec,M. Burzec,HD,1,10,HD27,"H,1,10,H27","2,1,19","RUSH:24,H34, TACK:23",X. Johnson rush for 7 yards to the HD34 (D. Cooper).,"H,2,3,H34",R,NA,NA,NA,NA,NA,NA,NA,2,H,HD,"FGA,1,08:10,27","PUNT,1,05:47,31",3,4,2:23,FGA,1,08:10,HD27,PUNT,1,05:47,HD31,NA
HDFG2101,FG,HD,Frankfurt Galaxy,Hamburg Sea Devils,6/20/2021,Hamburg,Stadion Hoheluft,15:00,17:45,Y,02:45,1600,26 degr.,SW,partly cloudy,M. Scholz,B. Hauben,K. Haltermann,D. Jurzyk,M. Hoffmann,H. Romanczyk,M. Burzec,M. Burzec,HD,2,3,HD34,"H,2,3,H34","2,2,20","RUSH:10,H34, TACK:90",J. Clark rush for no gain to the HD34 (M. A. Hor).,"H,3,3,H34",R,NA,NA,NA,NA,NA,NA,NA,2,H,HD,"FGA,1,08:10,27","PUNT,1,05:47,31",3,4,2:23,FGA,1,08:10,HD27,PUNT,1,05:47,HD31,NA
HDFG2101,FG,HD,Frankfurt Galaxy,Hamburg Sea Devils,6/20/2021,Hamburg,Stadion Hoheluft,15:00,17:45,Y,02:45,1600,26 degr.,SW,partly cloudy,M. Scholz,B. Hauben,K. Haltermann,D. Jurzyk,M. Hoffmann,H. Romanczyk,M. Burzec,M. Burzec,HD,3,3,HD34,"H,3,3,H34","2,3,21","RUSH:24,H36, TACK:55",X. Johnson rush for 2 yards to the HD36 (V. Valasti).,"H,4,1,H36",R,NA,NA,NA,NA,NA,NA,NA,2,H,HD,"FGA,1,08:10,27","PUNT,1,05:47,31",3,4,2:23,FGA,1,08:10,HD27,PUNT,1,05:47,HD31,NA
HDFG2101,FG,HD,Frankfurt Galaxy,Hamburg Sea Devils,6/20/2021,Hamburg,Stadion Hoheluft,15:00,17:45,Y,02:45,1600,26 degr.,SW,partly cloudy,M. Scholz,B. Hauben,K. Haltermann,D. Jurzyk,M. Hoffmann,H. Romanczyk,M. Burzec,M. Burzec,HD,4,1,HD36,"H,4,1,H36","2,4,22","PEN:H,DG,A,10,H31,N",PENALTY HD delay of game (J. Clark) 5 yards to the HD31.,"H,4,6,H31",E,NA,NA,NA,NA,NA,NA,NA,2,H,HD,"FGA,1,08:10,27","PUNT,1,05:47,31",3,4,2:23,FGA,1,08:10,HD27,PUNT,1,05:47,HD31,NA
HDFG2101,FG,HD,Frankfurt Galaxy,Hamburg Sea Devils,6/20/2021,Hamburg,Stadion Hoheluft,15:00,17:45,Y,02:45,1600,26 degr.,SW,partly cloudy,M. Scholz,B. Hauben,K. Haltermann,D. Jurzyk,M. Hoffmann,H. Romanczyk,M. Burzec,M. Burzec,HD,4,6,HD31,"H,4,6,H31","2,5,23","PUNT:4,V00 TB:","P. Andersen punt 69 yards to the FG0, touchback.","V,1,10,V20",U,NA,NA,NA,NA,NA,NA,NA,2,H,HD,"FGA,1,08:10,27","PUNT,1,05:47,31",3,4,2:23,FGA,1,08:10,HD27,PUNT,1,05:47,HD31,NA
HDFG2101,FG,HD,Frankfurt Galaxy,Hamburg Sea Devils,6/20/2021,Hamburg,Stadion Hoheluft,15:00,17:45,Y,02:45,1600,26 degr.,SW,partly cloudy,M. Scholz,B. Hauben,K. Haltermann,D. Jurzyk,M. Hoffmann,H. Romanczyk,M. Burzec,M. Burzec,FG,1,10,FG20,"V,1,10,V20","3,1,24",{DRIVE}:05:47,FRANKFURT GALAXY drive start at 05:47.,"V,1,10,V20",NA,05:47,NA,NA,NA,NA,NA,NA,3,V,FG,"PUNT,1,05:47,20","INT,1,01:26,52",7,32,4:21,PUNT,1,05:47,FG20,INT,1,01:26,HD48,NA
HDFG2101,FG,HD,Frankfurt Galaxy,Hamburg Sea Devils,6/20/2021,Hamburg,Stadion Hoheluft,15:00,17:45,Y,02:45,1600,26 degr.,SW,partly cloudy,M. Scholz,B. Hauben,K. Haltermann,D. Jurzyk,M. Hoffmann,H. Romanczyk,M. Burzec,M. Burzec,FG,1,10,FG20,"V,1,10,V20","3,2,25","RUSH:21,V22, TACK:91",G. Adams rush for 2 yards to the FG22 (K. Edebali).,"V,2,8,V22",R,NA,NA,NA,NA,NA,NA,NA,3,V,FG,"PUNT,1,05:47,20","INT,1,01:26,52",7,32,4:21,PUNT,1,05:47,FG20,INT,1,01:26,HD48,NA
HDFG2101,FG,HD,Frankfurt Galaxy,Hamburg Sea Devils,6/20/2021,Hamburg,Stadion Hoheluft,15:00,17:45,Y,02:45,1600,26 degr.,SW,partly cloudy,M. Scholz,B. Hauben,K. Haltermann,D. Jurzyk,M. Hoffmann,H. Romanczyk,M. Burzec,M. Burzec,FG,2,8,FG22,"V,2,8,V22","3,3,26","PASS:7,C,19,V26 TACK:52",J. Sullivan pass complete to N. Strahmann for 4 yards to the FG26 (A. Mati).,"V,3,4,V26",P,NA,NA,NA,NA,NA,NA,NA,3,V,FG,"PUNT,1,05:47,20","INT,1,01:26,52",7,32,4:21,PUNT,1,05:47,FG20,INT,1,01:26,HD48,NA
HDFG2101,FG,HD,Frankfurt Galaxy,Hamburg Sea Devils,6/20/2021,Hamburg,Stadion Hoheluft,15:00,17:45,Y,02:45,1600,26 degr.,SW,partly cloudy,M. Scholz,B. Hauben,K. Haltermann,D. Jurzyk,M. Hoffmann,H. Romanczyk,M. Burzec,M. Burzec,FG,3,4,FG26,"V,3,4,V26","3,4,27",TOUT:V T:04:20,"Timeout Frankfurt Galaxy, clock 04:20.","V,3,4,V26",#,04:20,NA,NA,NA,NA,NA,NA,3,V,FG,"PUNT,1,05:47,20","INT,1,01:26,52",7,32,4:21,PUNT,1,05:47,FG20,INT,1,01:26,HD48,NA
HDFG2101,FG,HD,Frankfurt Galaxy,Hamburg Sea Devils,6/20/2021,Hamburg,Stadion Hoheluft,15:00,17:45,Y,02:45,1600,26 degr.,SW,partly cloudy,M. Scholz,B. Hauben,K. Haltermann,D. Jurzyk,M. Hoffmann,H. Romanczyk,M. Burzec,M. Burzec,FG,3,4,FG26,"V,3,4,V26","3,5,28","PASS:7,C,19,V36 TACK:52","J. Sullivan pass complete to N. Strahmann for 10 yards to the FG36, 1ST DOWN FG (A. Mati).","V,1,10,V36",P,NA,P,NA,NA,NA,NA,NA,3,V,FG,"PUNT,1,05:47,20","INT,1,01:26,52",7,32,4:21,PUNT,1,05:47,FG20,INT,1,01:26,HD48,NA
HDFG2101,FG,HD,Frankfurt Galaxy,Hamburg Sea Devils,6/20/2021,Hamburg,Stadion Hoheluft,15:00,17:45,Y,02:45,1600,26 degr.,SW,partly cloudy,M. Scholz,B. Hauben,K. Haltermann,D. Jurzyk,M. Hoffmann,H. Romanczyk,M. Burzec,M. Burzec,FG,1,10,FG36,"V,1,10,V36","3,6,29","PASS:7,C,19,V44 TACK:22",J. Sullivan pass complete to N. Strahmann for 8 yards to the FG44 (A. Astahin).,"V,2,2,V44",P,NA,NA,NA,NA,NA,NA,NA,3,V,FG,"PUNT,1,05:47,20","INT,1,01:26,52",7,32,4:21,PUNT,1,05:47,FG20,INT,1,01:26,HD48,NA
HDFG2101,FG,HD,Frankfurt Galaxy,Hamburg Sea Devils,6/20/2021,Hamburg,Stadion Hoheluft,15:00,17:45,Y,02:45,1600,26 degr.,SW,partly cloudy,M. Scholz,B. Hauben,K. Haltermann,D. Jurzyk,M. Hoffmann,H. Romanczyk,M. Burzec,M. Burzec,FG,2,2,FG44,"V,2,2,V44","3,7,30","RUSH:7,V48, PEN:V,HO,A,62,V34,N NOPLAY:","J. Sullivan rush for 4 yards to the FG48, PENALTY FG holding (L. Hebel) 10 yards to the FG34, NO PLAY.","V,2,12,V34",E,NA,NA,NA,NA,NA,NA,NA,3,V,FG,"PUNT,1,05:47,20","INT,1,01:26,52",7,32,4:21,PUNT,1,05:47,FG20,INT,1,01:26,HD48,NA
HDFG2101,FG,HD,Frankfurt Galaxy,Hamburg Sea Devils,6/20/2021,Hamburg,Stadion Hoheluft,15:00,17:45,Y,02:45,1600,26 degr.,SW,partly cloudy,M. Scholz,B. Hauben,K. Haltermann,D. Jurzyk,M. Hoffmann,H. Romanczyk,M. Burzec,M. Burzec,FG,2,12,FG34,"V,2,12,V34","3,8,31","PASS:7,C,82,V49 TACK:52","J. Sullivan pass complete to H. Schwarz for 15 yards to the FG49, 1ST DOWN FG (A. Mati).","V,1,10,V49",P,NA,P,NA,NA,NA,NA,NA,3,V,FG,"PUNT,1,05:47,20","INT,1,01:26,52",7,32,4:21,PUNT,1,05:47,FG20,INT,1,01:26,HD48,NA
HDFG2101,FG,HD,Frankfurt Galaxy,Hamburg Sea Devils,6/20/2021,Hamburg,Stadion Hoheluft,15:00,17:45,Y,02:45,1600,26 degr.,SW,partly cloudy,M. Scholz,B. Hauben,K. Haltermann,D. Jurzyk,M. Hoffmann,H. Romanczyk,M. Burzec,M. Burzec,FG,1,10,FG49,"V,1,10,V49","3,9,32","RUSH:21,H48, TACK:22,99",G. Adams rush for 3 yards to the HD48 (A. Astahin;N. Imasuen).,"V,2,7,H48",R,NA,NA,NA,NA,NA,NA,NA,3,V,FG,"PUNT,1,05:47,20","INT,1,01:26,52",7,32,4:21,PUNT,1,05:47,FG20,INT,1,01:26,HD48,NA
HDFG2101,FG,HD,Frankfurt Galaxy,Hamburg Sea Devils,6/20/2021,Hamburg,Stadion Hoheluft,15:00,17:45,Y,02:45,1600,26 degr.,SW,partly cloudy,M. Scholz,B. Hauben,K. Haltermann,D. Jurzyk,M. Hoffmann,H. Romanczyk,M. Burzec,M. Burzec,FG,2,7,HD48,"V,2,7,H48","3,10,33",TOUT:H T:01:36,"Timeout Hamburg Sea Devils, clock 01:36.","V,2,7,H48",#,01:36,NA,NA,NA,NA,NA,NA,3,V,FG,"PUNT,1,05:47,20","INT,1,01:26,52",7,32,4:21,PUNT,1,05:47,FG20,INT,1,01:26,HD48,NA
HDFG2101,FG,HD,Frankfurt Galaxy,Hamburg Sea Devils,6/20/2021,Hamburg,Stadion Hoheluft,15:00,17:45,Y,02:45,1600,26 degr.,SW,partly cloudy,M. Scholz,B. Hauben,K. Haltermann,D. Jurzyk,M. Hoffmann,H. Romanczyk,M. Burzec,M. Burzec,FG,2,7,HD48,"V,2,7,H48","3,11,34","PASS:7,X,25,H08 RET:25,H08 FUMB:H,H08,25 TACK:84","J. Sullivan pass intercepted by M. Franklin at the HD8, M. Franklin return 0 yards to the HD8, fumble by M. Franklin recovered by HD M. Franklin at HD8 (C. Sow).","H,1,10,H08",P,NA,NA,I,NA,NA,NA,NA,3,V,FG,"PUNT,1,05:47,20","INT,1,01:26,52",7,32,4:21,PUNT,1,05:47,FG20,INT,1,01:26,HD48,NA
HDFG2101,FG,HD,Frankfurt Galaxy,Hamburg Sea Devils,6/20/2021,Hamburg,Stadion Hoheluft,15:00,17:45,Y,02:45,1600,26 degr.,SW,partly cloudy,M. Scholz,B. Hauben,K. Haltermann,D. Jurzyk,M. Hoffmann,H. Romanczyk,M. Burzec,M. Burzec,HD,1,10,HD08,"H,1,10,H08","4,1,35",{DRIVE}:01:26,HAMBURG SEA DEVILS drive start at 01:26.,"H,1,10,H08",NA,01:26,NA,NA,NA,NA,NA,NA,4,H,HD,"INT,1,01:26,8","INT,2,14:53,10",3,2,1:33,INT,1,01:26,HD08,INT,2,14:53,HD10,NA
HDFG2101,FG,HD,Frankfurt Galaxy,Hamburg Sea Devils,6/20/2021,Hamburg,Stadion Hoheluft,15:00,17:45,Y,02:45,1600,26 degr.,SW,partly cloudy,M. Scholz,B. Hauben,K. Haltermann,D. Jurzyk,M. Hoffmann,H. Romanczyk,M. Burzec,M. Burzec,HD,1,10,HD08,"H,1,10,H08","4,2,36","RUSH:24,H12, TACK:43",X. Johnson rush for 4 yards to the HD12 (J. Silva Gomez).,"H,2,6,H12",R,NA,NA,NA,NA,NA,NA,NA,4,H,HD,"INT,1,01:26,8","INT,2,14:53,10",3,2,1:33,INT,1,01:26,HD08,INT,2,14:53,HD10,NA
HDFG2101,FG,HD,Frankfurt Galaxy,Hamburg Sea Devils,6/20/2021,Hamburg,Stadion Hoheluft,15:00,17:45,Y,02:45,1600,26 degr.,SW,partly cloudy,M. Scholz,B. Hauben,K. Haltermann,D. Jurzyk,M. Hoffmann,H. Romanczyk,M. Burzec,M. Burzec,HD,2,6,HD12,"H,2,6,H12","4,3,37","RUSH:24,H10, TACK:41",X. Johnson rush for loss of 2 yards to the HD10 (S. Gauthier).,"H,3,8,H10",R,NA,NA,NA,NA,NA,NA,NA,4,H,HD,"INT,1,01:26,8","INT,2,14:53,10",3,2,1:33,INT,1,01:26,HD08,INT,2,14:53,HD10,NA
HDFG2101,FG,HD,Frankfurt Galaxy,Hamburg Sea Devils,6/20/2021,Hamburg,Stadion Hoheluft,15:00,17:45,Y,02:45,1600,26 degr.,SW,partly cloudy,M. Scholz,B. Hauben,K. Haltermann,D. Jurzyk,M. Hoffmann,H. Romanczyk,M. Burzec,M. Burzec,HD,3,8,HD10,"H,3,8,H10","4,4,38",Q:2 T:15:00,"Start of 2nd quarter, clock 15:00.","H,3,8,H10",#,15:00,NA,NA,NA,NA,NA,NA,4,H,HD,"INT,1,01:26,8","INT,2,14:53,10",3,2,1:33,INT,1,01:26,HD08,INT,2,14:53,HD10,NA
HDFG2101,FG,HD,Frankfurt Galaxy,Hamburg Sea Devils,6/20/2021,Hamburg,Stadion Hoheluft,15:00,17:45,Y,02:45,1600,26 degr.,SW,partly cloudy,M. Scholz,B. Hauben,K. Haltermann,D. Jurzyk,M. Hoffmann,H. Romanczyk,M. Burzec,M. Burzec,HD,3,8,HD10,"H,3,8,H10","4,5,39","PASS:10,X,14,H20 RET:14,H20 PEN:H,HO,D","J. Clark pass intercepted by J. Poznanski at the HD20, J. Poznanski return 0 yards to the HD20, PENALTY HD holding declined.","V,1,10,H20",P,NA,NA,I,NA,NA,NA,NA,4,H,HD,"INT,1,01:26,8","INT,2,14:53,10",3,2,1:33,INT,1,01:26,HD08,INT,2,14:53,HD10,NA
HDFG2101,FG,HD,Frankfurt Galaxy,Hamburg Sea Devils,6/20/2021,Hamburg,Stadion Hoheluft,15:00,17:45,Y,02:45,1600,26 degr.,SW,partly cloudy,M. Scholz,B. Hauben,K. Haltermann,D. Jurzyk,M. Hoffmann,H. Romanczyk,M. Burzec,M. Burzec,FG,1,10,HD20,"V,1,10,H20","5,1,40",{DRIVE}:14:53,FRANKFURT GALAXY drive start at 14:53.,"V,1,10,H20",NA,14:53,NA,NA,NA,NA,NA,NA,5,V,FG,"INT,2,14:53,80","FG,2,13:19,75",4,-5,1:34,INT,2,14:53,HD20,FG,2,13:19,HD25,1
HDFG2101,FG,HD,Frankfurt Galaxy,Hamburg Sea Devils,6/20/2021,Hamburg,Stadion Hoheluft,15:00,17:45,Y,02:45,1600,26 degr.,SW,partly cloudy,M. Scholz,B. Hauben,K. Haltermann,D. Jurzyk,M. Hoffmann,H. Romanczyk,M. Burzec,M. Burzec,FG,1,10,HD20,"V,1,10,H20","5,2,41","PASS:7,C,11,H15 TACK:27,52",J. Sullivan pass complete to A. Mahoungou for 5 yards to the HD15 (L. Mueller;A. Mati).,"V,2,5,H15",P,NA,NA,NA,NA,NA,NA,NA,5,V,FG,"INT,2,14:53,80","FG,2,13:19,75",4,-5,1:34,INT,2,14:53,HD20,FG,2,13:19,HD25,1
HDFG2101,FG,HD,Frankfurt Galaxy,Hamburg Sea Devils,6/20/2021,Hamburg,Stadion Hoheluft,15:00,17:45,Y,02:45,1600,26 degr.,SW,partly cloudy,M. Scholz,B. Hauben,K. Haltermann,D. Jurzyk,M. Hoffmann,H. Romanczyk,M. Burzec,M. Burzec,FG,2,5,HD15,"V,2,5,H15","5,3,42","PASS:7,I,11,* BRUP:27",J. Sullivan pass incomplete to A. Mahoungou (L. Mueller).,"V,3,5,H15",P,NA,NA,NA,NA,NA,NA,NA,5,V,FG,"INT,2,14:53,80","FG,2,13:19,75",4,-5,1:34,INT,2,14:53,HD20,FG,2,13:19,HD25,1
HDFG2101,FG,HD,Frankfurt Galaxy,Hamburg Sea Devils,6/20/2021,Hamburg,Stadion Hoheluft,15:00,17:45,Y,02:45,1600,26 degr.,SW,partly cloudy,M. Scholz,B. Hauben,K. Haltermann,D. Jurzyk,M. Hoffmann,H. Romanczyk,M. Burzec,M. Burzec,FG,3,5,HD15,"V,3,5,H15","5,4,43","PASS:7,S,TM,H25 SACK:58",J. Sullivan sacked for loss of 10 yards to the HD25 (J. Bombek).,"V,4,15,H25",P,NA,NA,NA,NA,NA,NA,NA,5,V,FG,"INT,2,14:53,80","FG,2,13:19,75",4,-5,1:34,INT,2,14:53,HD20,FG,2,13:19,HD25,1
HDFG2101,FG,HD,Frankfurt Galaxy,Hamburg Sea Devils,6/20/2021,Hamburg,Stadion Hoheluft,15:00,17:45,Y,02:45,1600,26 degr.,SW,partly cloudy,M. Scholz,B. Hauben,K. Haltermann,D. Jurzyk,M. Hoffmann,H. Romanczyk,M. Burzec,M. Burzec,FG,4,15,HD25,"V,4,15,H25","5,5,44","FGA:83,42,G T:13:19","L. Sack field goal attempt from 42 GOOD, clock 13:19.","V,1,0,V35",F,13:19,NA,NA,Y,3,0,NA,5,V,FG,"INT,2,14:53,80","FG,2,13:19,75",4,-5,1:34,INT,2,14:53,HD20,FG,2,13:19,HD25,1
HDFG2101,FG,HD,Frankfurt Galaxy,Hamburg Sea Devils,6/20/2021,Hamburg,Stadion Hoheluft,15:00,17:45,Y,02:45,1600,26 degr.,SW,partly cloudy,M. Scholz,B. Hauben,K. Haltermann,D. Jurzyk,M. Hoffmann,H. Romanczyk,M. Burzec,M. Burzec,FG,1,0,FG35,"V,1,0,V35","5,6,45","KO:83,H01 RET:82,H27 TACK:59","L. Sack kickoff 64 yards to the HD1, T. Nill return 26 yards to the HD27 (R. Warketin).","H,1,10,H27",K,NA,NA,NA,NA,NA,NA,NA,5,V,FG,"INT,2,14:53,80","FG,2,13:19,75",4,-5,1:34,INT,2,14:53,HD20,FG,2,13:19,HD25,1
HDFG2101,FG,HD,Frankfurt Galaxy,Hamburg Sea Devils,6/20/2021,Hamburg,Stadion Hoheluft,15:00,17:45,Y,02:45,1600,26 degr.,SW,partly cloudy,M. Scholz,B. Hauben,K. Haltermann,D. Jurzyk,M. Hoffmann,H. Romanczyk,M. Burzec,M. Burzec,HD,1,10,HD27,"H,1,10,H27","6,1,46",{DRIVE}:13:08,HAMBURG SEA DEVILS drive start at 13:08.,"H,1,10,H27",NA,13:08,NA,NA,NA,NA,NA,NA,6,H,HD,"KO,2,13:08,27","PUNT,2,10:16,38",5,11,2:52,KO,2,13:08,HD27,PUNT,2,10:16,HD38,NA
HDFG2101,FG,HD,Frankfurt Galaxy,Hamburg Sea Devils,6/20/2021,Hamburg,Stadion Hoheluft,15:00,17:45,Y,02:45,1600,26 degr.,SW,partly cloudy,M. Scholz,B. Hauben,K. Haltermann,D. Jurzyk,M. Hoffmann,H. Romanczyk,M. Burzec,M. Burzec,HD,1,10,HD27,"H,1,10,H27","6,2,47","PASS:10,C,88,H33 TACK:14,40",J. Clark pass complete to A. Botella M. for 6 yards to the HD33 (J. Poznanski;K. King).,"H,2,4,H33",P,NA,NA,NA,NA,NA,NA,NA,6,H,HD,"KO,2,13:08,27","PUNT,2,10:16,38",5,11,2:52,KO,2,13:08,HD27,PUNT,2,10:16,HD38,NA
HDFG2101,FG,HD,Frankfurt Galaxy,Hamburg Sea Devils,6/20/2021,Hamburg,Stadion Hoheluft,15:00,17:45,Y,02:45,1600,26 degr.,SW,partly cloudy,M. Scholz,B. Hauben,K. Haltermann,D. Jurzyk,M. Hoffmann,H. Romanczyk,M. Burzec,M. Burzec,HD,2,4,HD33,"H,2,4,H33","6,3,48","RUSH:24,H37, TACK:56","X. Johnson rush for 4 yards to the HD37, 1ST DOWN HD (S. Silva Gomez).","H,1,10,H37",R,NA,R,NA,NA,NA,NA,NA,6,H,HD,"KO,2,13:08,27","PUNT,2,10:16,38",5,11,2:52,KO,2,13:08,HD27,PUNT,2,10:16,HD38,NA
HDFG2101,FG,HD,Frankfurt Galaxy,Hamburg Sea Devils,6/20/2021,Hamburg,Stadion Hoheluft,15:00,17:45,Y,02:45,1600,26 degr.,SW,partly cloudy,M. Scholz,B. Hauben,K. Haltermann,D. Jurzyk,M. Hoffmann,H. Romanczyk,M. Burzec,M. Burzec,HD,1,10,HD37,"H,1,10,H37","6,4,49","RUSH:24,H41, TACK:40,90",X. Johnson rush for 4 yards to the HD41 (K. King;M. A. Hor).,"H,2,6,H41",R,NA,NA,NA,NA,NA,NA,NA,6,H,HD,"KO,2,13:08,27","PUNT,2,10:16,38",5,11,2:52,KO,2,13:08,HD27,PUNT,2,10:16,HD38,NA
HDFG2101,FG,HD,Frankfurt Galaxy,Hamburg Sea Devils,6/20/2021,Hamburg,Stadion Hoheluft,15:00,17:45,Y,02:45,1600,26 degr.,SW,partly cloudy,M. Scholz,B. Hauben,K. Haltermann,D. Jurzyk,M. Hoffmann,H. Romanczyk,M. Burzec,M. Burzec,HD,2,6,HD41,"H,2,6,H41","6,5,50",TOUT:V T:11:16,"Timeout Frankfurt Galaxy, clock 11:16.","H,2,6,H41",#,11:16,NA,NA,NA,NA,NA,NA,6,H,HD,"KO,2,13:08,27","PUNT,2,10:16,38",5,11,2:52,KO,2,13:08,HD27,PUNT,2,10:16,HD38,NA
HDFG2101,FG,HD,Frankfurt Galaxy,Hamburg Sea Devils,6/20/2021,Hamburg,Stadion Hoheluft,15:00,17:45,Y,02:45,1600,26 degr.,SW,partly cloudy,M. Scholz,B. Hauben,K. Haltermann,D. Jurzyk,M. Hoffmann,H. Romanczyk,M. Burzec,M. Burzec,HD,2,6,HD41,"H,2,6,H41","6,6,51","PASS:10,I,12,*",J. Clark pass incomplete to J. Madin Cerezo.,"H,3,6,H41",P,NA,NA,NA,NA,NA,NA,NA,6,H,HD,"KO,2,13:08,27","PUNT,2,10:16,38",5,11,2:52,KO,2,13:08,HD27,PUNT,2,10:16,HD38,NA
HDFG2101,FG,HD,Frankfurt Galaxy,Hamburg Sea Devils,6/20/2021,Hamburg,Stadion Hoheluft,15:00,17:45,Y,02:45,1600,26 degr.,SW,partly cloudy,M. Scholz,B. Hauben,K. Haltermann,D. Jurzyk,M. Hoffmann,H. Romanczyk,M. Burzec,M. Burzec,HD,3,6,HD41,"H,3,6,H41","6,7,52","PASS:10,S,TM,H38 SACK:41",J. Clark sacked for loss of 3 yards to the HD38 (S. Gauthier).,"H,4,9,H38",P,NA,NA,NA,NA,NA,NA,NA,6,H,HD,"KO,2,13:08,27","PUNT,2,10:16,38",5,11,2:52,KO,2,13:08,HD27,PUNT,2,10:16,HD38,NA
HDFG2101,FG,HD,Frankfurt Galaxy,Hamburg Sea Devils,6/20/2021,Hamburg,Stadion Hoheluft,15:00,17:45,Y,02:45,1600,26 degr.,SW,partly cloudy,M. Scholz,B. Hauben,K. Haltermann,D. Jurzyk,M. Hoffmann,H. Romanczyk,M. Burzec,M. Burzec,HD,4,9,HD38,"H,4,9,H38","6,8,53","PUNT:4,V30 DN:","P. Andersen punt 32 yards to the FG30, downed.","V,1,10,V30",U,NA,NA,NA,NA,NA,NA,NA,6,H,HD,"KO,2,13:08,27","PUNT,2,10:16,38",5,11,2:52,KO,2,13:08,HD27,PUNT,2,10:16,HD38,NA
HDFG2101,FG,HD,Frankfurt Galaxy,Hamburg Sea Devils,6/20/2021,Hamburg,Stadion Hoheluft,15:00,17:45,Y,02:45,1600,26 degr.,SW,partly cloudy,M. Scholz,B. Hauben,K. Haltermann,D. Jurzyk,M. Hoffmann,H. Romanczyk,M. Burzec,M. Burzec,FG,1,10,FG30,"V,1,10,V30","7,1,54",{DRIVE}:10:16,FRANKFURT GALAXY drive start at 10:16.,"V,1,10,V30",NA,10:16,NA,NA,NA,NA,NA,NA,7,V,FG,"PUNT,2,10:16,30","FUMB,2,07:30,43",5,13,2:46,PUNT,2,10:16,FG30,FUMB,2,07:30,FG43,NA
HDFG2101,FG,HD,Frankfurt Galaxy,Hamburg Sea Devils,6/20/2021,Hamburg,Stadion Hoheluft,15:00,17:45,Y,02:45,1600,26 degr.,SW,partly cloudy,M. Scholz,B. Hauben,K. Haltermann,D. Jurzyk,M. Hoffmann,H. Romanczyk,M. Burzec,M. Burzec,FG,1,10,FG30,"V,1,10,V30","7,2,55","PASS:7,C,11,V38 TACK:27",J. Sullivan pass complete to A. Mahoungou for 8 yards to the FG38 (L. Mueller).,"V,2,2,V38",P,NA,NA,NA,NA,NA,NA,NA,7,V,FG,"PUNT,2,10:16,30","FUMB,2,07:30,43",5,13,2:46,PUNT,2,10:16,FG30,FUMB,2,07:30,FG43,NA
HDFG2101,FG,HD,Frankfurt Galaxy,Hamburg Sea Devils,6/20/2021,Hamburg,Stadion Hoheluft,15:00,17:45,Y,02:45,1600,26 degr.,SW,partly cloudy,M. Scholz,B. Hauben,K. Haltermann,D. Jurzyk,M. Hoffmann,H. Romanczyk,M. Burzec,M. Burzec,FG,2,2,FG38,"V,2,2,V38","7,3,56","RUSH:7,V43, TACK:43","J. Sullivan rush for 5 yards to the FG43, 1ST DOWN FG (M. Boock).","V,1,10,V43",R,NA,R,NA,NA,NA,NA,NA,7,V,FG,"PUNT,2,10:16,30","FUMB,2,07:30,43",5,13,2:46,PUNT,2,10:16,FG30,FUMB,2,07:30,FG43,NA
HDFG2101,FG,HD,Frankfurt Galaxy,Hamburg Sea Devils,6/20/2021,Hamburg,Stadion Hoheluft,15:00,17:45,Y,02:45,1600,26 degr.,SW,partly cloudy,M. Scholz,B. Hauben,K. Haltermann,D. Jurzyk,M. Hoffmann,H. Romanczyk,M. Burzec,M. Burzec,FG,1,10,FG43,"V,1,10,V43","7,4,57","RUSH:21,H49, TACK:52",G. Adams rush for 8 yards to the HD49 (A. Mati).,"V,2,2,H49",R,NA,NA,NA,NA,NA,NA,NA,7,V,FG,"PUNT,2,10:16,30","FUMB,2,07:30,43",5,13,2:46,PUNT,2,10:16,FG30,FUMB,2,07:30,FG43,NA
HDFG2101,FG,HD,Frankfurt Galaxy,Hamburg Sea Devils,6/20/2021,Hamburg,Stadion Hoheluft,15:00,17:45,Y,02:45,1600,26 degr.,SW,partly cloudy,M. Scholz,B. Hauben,K. Haltermann,D. Jurzyk,M. Hoffmann,H. Romanczyk,M. Burzec,M. Burzec,FG,2,2,HD49,"V,2,2,H49","7,5,58","RUSH:21,H42, TACK:57","G. Adams rush for 7 yards to the HD42, 1ST DOWN FG (D. Laporte).","V,1,10,H42",R,NA,R,NA,NA,NA,NA,NA,7,V,FG,"PUNT,2,10:16,30","FUMB,2,07:30,43",5,13,2:46,PUNT,2,10:16,FG30,FUMB,2,07:30,FG43,NA
HDFG2101,FG,HD,Frankfurt Galaxy,Hamburg Sea Devils,6/20/2021,Hamburg,Stadion Hoheluft,15:00,17:45,Y,02:45,1600,26 degr.,SW,partly cloudy,M. Scholz,B. Hauben,K. Haltermann,D. Jurzyk,M. Hoffmann,H. Romanczyk,M. Burzec,M. Burzec,FG,1,10,HD42,"V,1,10,H42","7,6,59","PASS:7,F,TM,H49 SACK:94 FUMB:H,V43,52 +:52,V00 T:07:30 PAT:K,4,G","J. Sullivan sacked for loss of 7 yards to the HD49 (B. Grube), fumble by Team recovered by HD A. Mati at FG43, A. Mati for 43 yards to the FG0, TOUCHDOWN, clock 07:30, P. Andersen kick attempt good.","H,1,0,H35",X,07:30,NA,F,Y,3,7,NA,7,V,FG,"PUNT,2,10:16,30","FUMB,2,07:30,43",5,13,2:46,PUNT,2,10:16,FG30,FUMB,2,07:30,FG43,NA
HDFG2101,FG,HD,Frankfurt Galaxy,Hamburg Sea Devils,6/20/2021,Hamburg,Stadion Hoheluft,15:00,17:45,Y,02:45,1600,26 degr.,SW,partly cloudy,M. Scholz,B. Hauben,K. Haltermann,D. Jurzyk,M. Hoffmann,H. Romanczyk,M. Burzec,M. Burzec,HD,1,0,HD35,"H,1,0,H35","8,1,60","KO:4,V10 RET:84,V19 TACK:58","P. Andersen kickoff 55 yards to the FG10, C. Sow return 9 yards to the FG19 (J. Bombek).","V,1,10,V19",K,NA,NA,NA,NA,NA,NA,NA,8,H,HD,"FUMB,2,07:30,57","TD,2,07:30,57",0,0,0:00,FUMB,2,07:30,FG43,TD,2,07:30,FG43,NA
HDFG2101,FG,HD,Frankfurt Galaxy,Hamburg Sea Devils,6/20/2021,Hamburg,Stadion Hoheluft,15:00,17:45,Y,02:45,1600,26 degr.,SW,partly cloudy,M. Scholz,B. Hauben,K. Haltermann,D. Jurzyk,M. Hoffmann,H. Romanczyk,M. Burzec,M. Burzec,FG,1,10,FG19,"V,1,10,V19","9,1,61",{DRIVE}:07:25,FRANKFURT GALAXY drive start at 07:25.,"V,1,10,V19",NA,07:25,NA,NA,NA,NA,NA,NA,9,V,FG,"KO,2,07:25,19","PUNT,2,05:00,28",3,9,2:25,KO,2,07:25,FG19,PUNT,2,05:00,FG28,NA
HDFG2101,FG,HD,Frankfurt Galaxy,Hamburg Sea Devils,6/20/2021,Hamburg,Stadion Hoheluft,15:00,17:45,Y,02:45,1600,26 degr.,SW,partly cloudy,M. Scholz,B. Hauben,K. Haltermann,D. Jurzyk,M. Hoffmann,H. Romanczyk,M. Burzec,M. Burzec,FG,1,10,FG19,"V,1,10,V19","9,2,62","RUSH:21,V23, TACK:98",G. Adams rush for 4 yards to the FG23 (H. Awuah).,"V,2,6,V23",R,NA,NA,NA,NA,NA,NA,NA,9,V,FG,"KO,2,07:25,19","PUNT,2,05:00,28",3,9,2:25,KO,2,07:25,FG19,PUNT,2,05:00,FG28,NA
HDFG2101,FG,HD,Frankfurt Galaxy,Hamburg Sea Devils,6/20/2021,Hamburg,Stadion Hoheluft,15:00,17:45,Y,02:45,1600,26 degr.,SW,partly cloudy,M. Scholz,B. Hauben,K. Haltermann,D. Jurzyk,M. Hoffmann,H. Romanczyk,M. Burzec,M. Burzec,FG,2,6,FG23,"V,2,6,V23","9,3,63","RUSH:7,V28,",J. Sullivan rush for 5 yards to the FG28.,"V,3,1,V28",R,NA,NA,NA,NA,NA,NA,NA,9,V,FG,"KO,2,07:25,19","PUNT,2,05:00,28",3,9,2:25,KO,2,07:25,FG19,PUNT,2,05:00,FG28,NA
HDFG2101,FG,HD,Frankfurt Galaxy,Hamburg Sea Devils,6/20/2021,Hamburg,Stadion Hoheluft,15:00,17:45,Y,02:45,1600,26 degr.,SW,partly cloudy,M. Scholz,B. Hauben,K. Haltermann,D. Jurzyk,M. Hoffmann,H. Romanczyk,M. Burzec,M. Burzec,FG,3,1,FG28,"V,3,1,V28","9,4,64","PASS:7,C,21,V28 TACK:25,43",J. Sullivan pass complete to G. Adams for no gain to the FG28 (M. Franklin;M. Boock).,"V,4,1,V28",P,NA,NA,NA,NA,NA,NA,NA,9,V,FG,"KO,2,07:25,19","PUNT,2,05:00,28",3,9,2:25,KO,2,07:25,FG19,PUNT,2,05:00,FG28,NA
HDFG2101,FG,HD,Frankfurt Galaxy,Hamburg Sea Devils,6/20/2021,Hamburg,Stadion Hoheluft,15:00,17:45,Y,02:45,1600,26 degr.,SW,partly cloudy,M. Scholz,B. Hauben,K. Haltermann,D. Jurzyk,M. Hoffmann,H. Romanczyk,M. Burzec,M. Burzec,FG,4,1,FG28,"V,4,1,V28","9,5,65","PUNT:82,H35 RET:23,V48 TACK:95","H. Schwarz punt 37 yards to the HD35, J. Rogers return 17 yards to the FG48 (M. Konya).","H,1,10,V48",U,NA,NA,NA,NA,NA,NA,NA,9,V,FG,"KO,2,07:25,19","PUNT,2,05:00,28",3,9,2:25,KO,2,07:25,FG19,PUNT,2,05:00,FG28,NA
HDFG2101,FG,HD,Frankfurt Galaxy,Hamburg Sea Devils,6/20/2021,Hamburg,Stadion Hoheluft,15:00,17:45,Y,02:45,1600,26 degr.,SW,partly cloudy,M. Scholz,B. Hauben,K. Haltermann,D. Jurzyk,M. Hoffmann,H. Romanczyk,M. Burzec,M. Burzec,HD,1,10,FG48,"H,1,10,V48","10,1,66",{DRIVE}:05:00,HAMBURG SEA DEVILS drive start at 05:00.,"H,1,10,V48",NA,05:00,NA,NA,NA,NA,NA,NA,10,H,HD,"PUNT,2,05:00,52","PUNT,2,03:03,52",3,0,1:57,PUNT,2,05:00,FG48,PUNT,2,03:03,FG48,NA
HDFG2101,FG,HD,Frankfurt Galaxy,Hamburg Sea Devils,6/20/2021,Hamburg,Stadion Hoheluft,15:00,17:45,Y,02:45,1600,26 degr.,SW,partly cloudy,M. Scholz,B. Hauben,K. Haltermann,D. Jurzyk,M. Hoffmann,H. Romanczyk,M. Burzec,M. Burzec,HD,1,10,FG48,"H,1,10,V48","10,2,67","PASS:10,I,12,* BRUP:10",J. Clark pass incomplete to J. Madin Cerezo (O. Williams).,"H,2,10,V48",P,NA,NA,NA,NA,NA,NA,NA,10,H,HD,"PUNT,2,05:00,52","PUNT,2,03:03,52",3,0,1:57,PUNT,2,05:00,FG48,PUNT,2,03:03,FG48,NA
HDFG2101,FG,HD,Frankfurt Galaxy,Hamburg Sea Devils,6/20/2021,Hamburg,Stadion Hoheluft,15:00,17:45,Y,02:45,1600,26 degr.,SW,partly cloudy,M. Scholz,B. Hauben,K. Haltermann,D. Jurzyk,M. Hoffmann,H. Romanczyk,M. Burzec,M. Burzec,HD,2,10,FG48,"H,2,10,V48","10,3,68","PASS:10,S,TM,H47 SACK:40",J. Clark sacked for loss of 5 yards to the HD47 (K. King).,"H,3,15,H47",P,NA,NA,NA,NA,NA,NA,NA,10,H,HD,"PUNT,2,05:00,52","PUNT,2,03:03,52",3,0,1:57,PUNT,2,05:00,FG48,PUNT,2,03:03,FG48,NA
HDFG2101,FG,HD,Frankfurt Galaxy,Hamburg Sea Devils,6/20/2021,Hamburg,Stadion Hoheluft,15:00,17:45,Y,02:45,1600,26 degr.,SW,partly cloudy,M. Scholz,B. Hauben,K. Haltermann,D. Jurzyk,M. Hoffmann,H. Romanczyk,M. Burzec,M. Burzec,HD,3,15,HD47,"H,3,15,H47","10,4,69","PASS:10,C,11,V43 TACK:29",J. Clark pass complete to B. Mau for 10 yards to the FG43 (M. Riepe).,"H,4,5,V43",P,NA,NA,NA,NA,NA,NA,NA,10,H,HD,"PUNT,2,05:00,52","PUNT,2,03:03,52",3,0,1:57,PUNT,2,05:00,FG48,PUNT,2,03:03,FG48,NA
HDFG2101,FG,HD,Frankfurt Galaxy,Hamburg Sea Devils,6/20/2021,Hamburg,Stadion Hoheluft,15:00,17:45,Y,02:45,1600,26 degr.,SW,partly cloudy,M. Scholz,B. Hauben,K. Haltermann,D. Jurzyk,M. Hoffmann,H. Romanczyk,M. Burzec,M. Burzec,HD,4,5,FG43,"H,4,5,V43","10,5,70","PEN:H,DG,A,TM,V48,N",PENALTY HD delay of game 5 yards to the FG48.,"H,4,10,V48",E,NA,NA,NA,NA,NA,NA,NA,10,H,HD,"PUNT,2,05:00,52","PUNT,2,03:03,52",3,0,1:57,PUNT,2,05:00,FG48,PUNT,2,03:03,FG48,NA
HDFG2101,FG,HD,Frankfurt Galaxy,Hamburg Sea Devils,6/20/2021,Hamburg,Stadion Hoheluft,15:00,17:45,Y,02:45,1600,26 degr.,SW,partly cloudy,M. Scholz,B. Hauben,K. Haltermann,D. Jurzyk,M. Hoffmann,H. Romanczyk,M. Burzec,M. Burzec,HD,4,10,FG48,"H,4,10,V48","10,6,71","PUNT:4,V18 FC:10","P. Andersen punt 30 yards to the FG18, fair catch by O. Williams.","V,1,10,V18",U,NA,NA,NA,NA,NA,NA,NA,10,H,HD,"PUNT,2,05:00,52","PUNT,2,03:03,52",3,0,1:57,PUNT,2,05:00,FG48,PUNT,2,03:03,FG48,NA
HDFG2101,FG,HD,Frankfurt Galaxy,Hamburg Sea Devils,6/20/2021,Hamburg,Stadion Hoheluft,15:00,17:45,Y,02:45,1600,26 degr.,SW,partly cloudy,M. Scholz,B. Hauben,K. Haltermann,D. Jurzyk,M. Hoffmann,H. Romanczyk,M. Burzec,M. Burzec,FG,1,10,FG18,"V,1,10,V18","11,1,72",{DRIVE}:03:03,FRANKFURT GALAXY drive start at 03:03.,"V,1,10,V18",NA,03:03,NA,NA,NA,NA,NA,NA,11,V,FG,"PUNT,2,03:03,18","TD,2,00:13,100",8,82,2:50,PUNT,2,03:03,FG18,TD,2,00:13,HD00,1
HDFG2101,FG,HD,Frankfurt Galaxy,Hamburg Sea Devils,6/20/2021,Hamburg,Stadion Hoheluft,15:00,17:45,Y,02:45,1600,26 degr.,SW,partly cloudy,M. Scholz,B. Hauben,K. Haltermann,D. Jurzyk,M. Hoffmann,H. Romanczyk,M. Burzec,M. Burzec,FG,1,10,FG18,"V,1,10,V18","11,2,73","RUSH:21,V25, TACK:98,57",G. Adams rush for 7 yards to the FG25 (H. Awuah;D. Laporte).,"V,2,3,V25",R,NA,NA,NA,NA,NA,NA,NA,11,V,FG,"PUNT,2,03:03,18","TD,2,00:13,100",8,82,2:50,PUNT,2,03:03,FG18,TD,2,00:13,HD00,1
HDFG2101,FG,HD,Frankfurt Galaxy,Hamburg Sea Devils,6/20/2021,Hamburg,Stadion Hoheluft,15:00,17:45,Y,02:45,1600,26 degr.,SW,partly cloudy,M. Scholz,B. Hauben,K. Haltermann,D. Jurzyk,M. Hoffmann,H. Romanczyk,M. Burzec,M. Burzec,FG,2,3,FG25,"V,2,3,V25","11,3,74","PASS:7,I,11,* BRUP:27 PEN:H,PI,A,27,H42,1 NOPLAY:","J. Sullivan pass incomplete to A. Mahoungou (L. Mueller), PENALTY HD pass interference (L. Mueller) 33 yards to the HD42, 1ST DOWN FG, NO PLAY.","V,1,10,H42",E,NA,E,NA,NA,NA,NA,NA,11,V,FG,"PUNT,2,03:03,18","TD,2,00:13,100",8,82,2:50,PUNT,2,03:03,FG18,TD,2,00:13,HD00,1
HDFG2101,FG,HD,Frankfurt Galaxy,Hamburg Sea Devils,6/20/2021,Hamburg,Stadion Hoheluft,15:00,17:45,Y,02:45,1600,26 degr.,SW,partly cloudy,M. Scholz,B. Hauben,K. Haltermann,D. Jurzyk,M. Hoffmann,H. Romanczyk,M. Burzec,M. Burzec,FG,1,10,HD42,"V,1,10,H42","11,4,75","RUSH:21,H39, TACK:94",G. Adams rush for 3 yards to the HD39 (B. Grube).,"V,2,7,H39",R,NA,NA,NA,NA,NA,NA,NA,11,V,FG,"PUNT,2,03:03,18","TD,2,00:13,100",8,82,2:50,PUNT,2,03:03,FG18,TD,2,00:13,HD00,1
HDFG2101,FG,HD,Frankfurt Galaxy,Hamburg Sea Devils,6/20/2021,Hamburg,Stadion Hoheluft,15:00,17:45,Y,02:45,1600,26 degr.,SW,partly cloudy,M. Scholz,B. Hauben,K. Haltermann,D. Jurzyk,M. Hoffmann,H. Romanczyk,M. Burzec,M. Burzec,FG,2,7,HD39,"V,2,7,H39","11,5,76","PASS:7,I,11,*",J. Sullivan pass incomplete to A. Mahoungou.,"V,3,7,H39",P,NA,NA,NA,NA,NA,NA,NA,11,V,FG,"PUNT,2,03:03,18","TD,2,00:13,100",8,82,2:50,PUNT,2,03:03,FG18,TD,2,00:13,HD00,1
HDFG2101,FG,HD,Frankfurt Galaxy,Hamburg Sea Devils,6/20/2021,Hamburg,Stadion Hoheluft,15:00,17:45,Y,02:45,1600,26 degr.,SW,partly cloudy,M. Scholz,B. Hauben,K. Haltermann,D. Jurzyk,M. Hoffmann,H. Romanczyk,M. Burzec,M. Burzec,FG,3,7,HD39,"V,3,7,H39","11,6,77","PASS:7,C,21,H28 TACK:58","J. Sullivan pass complete to G. Adams for 11 yards to the HD28, 1ST DOWN FG (J. Bombek).","V,1,10,H28",P,NA,P,NA,NA,NA,NA,NA,11,V,FG,"PUNT,2,03:03,18","TD,2,00:13,100",8,82,2:50,PUNT,2,03:03,FG18,TD,2,00:13,HD00,1
HDFG2101,FG,HD,Frankfurt Galaxy,Hamburg Sea Devils,6/20/2021,Hamburg,Stadion Hoheluft,15:00,17:45,Y,02:45,1600,26 degr.,SW,partly cloudy,M. Scholz,B. Hauben,K. Haltermann,D. Jurzyk,M. Hoffmann,H. Romanczyk,M. Burzec,M. Burzec,FG,1,10,HD28,"V,1,10,H28","11,7,78","PASS:7,S,TM,H33 SACK:57",J. Sullivan sacked for loss of 5 yards to the HD33 (D. Laporte).,"V,2,15,H33",P,NA,NA,NA,NA,NA,NA,NA,11,V,FG,"PUNT,2,03:03,18","TD,2,00:13,100",8,82,2:50,PUNT,2,03:03,FG18,TD,2,00:13,HD00,1
HDFG2101,FG,HD,Frankfurt Galaxy,Hamburg Sea Devils,6/20/2021,Hamburg,Stadion Hoheluft,15:00,17:45,Y,02:45,1600,26 degr.,SW,partly cloudy,M. Scholz,B. Hauben,K. Haltermann,D. Jurzyk,M. Hoffmann,H. Romanczyk,M. Burzec,M. Burzec,FG,2,15,HD33,"V,2,15,H33","11,8,79","PASS:7,I,19,* PEN:V,HO,A,TM,H43,N NOPLAY:","J. Sullivan pass incomplete to N. Strahmann, PENALTY FG holding 10 yards to the HD43, NO PLAY.","V,2,25,H43",E,NA,NA,NA,NA,NA,NA,NA,11,V,FG,"PUNT,2,03:03,18","TD,2,00:13,100",8,82,2:50,PUNT,2,03:03,FG18,TD,2,00:13,HD00,1
HDFG2101,FG,HD,Frankfurt Galaxy,Hamburg Sea Devils,6/20/2021,Hamburg,Stadion Hoheluft,15:00,17:45,Y,02:45,1600,26 degr.,SW,partly cloudy,M. Scholz,B. Hauben,K. Haltermann,D. Jurzyk,M. Hoffmann,H. Romanczyk,M. Burzec,M. Burzec,FG,2,25,HD43,"V,2,25,H43","11,9,80","PASS:7,C,11,H26 TACK:27",J. Sullivan pass complete to A. Mahoungou for 17 yards to the HD26 (L. Mueller).,"V,3,8,H26",P,NA,NA,NA,NA,NA,NA,NA,11,V,FG,"PUNT,2,03:03,18","TD,2,00:13,100",8,82,2:50,PUNT,2,03:03,FG18,TD,2,00:13,HD00,1
HDFG2101,FG,HD,Frankfurt Galaxy,Hamburg Sea Devils,6/20/2021,Hamburg,Stadion Hoheluft,15:00,17:45,Y,02:45,1600,26 degr.,SW,partly cloudy,M. Scholz,B. Hauben,K. Haltermann,D. Jurzyk,M. Hoffmann,H. Romanczyk,M. Burzec,M. Burzec,FG,3,8,HD26,"V,3,8,H26","11,10,81",TOUT:H T:00:28,"Timeout Hamburg Sea Devils, clock 00:28.","V,3,8,H26",#,00:28,NA,NA,NA,NA,NA,NA,11,V,FG,"PUNT,2,03:03,18","TD,2,00:13,100",8,82,2:50,PUNT,2,03:03,FG18,TD,2,00:13,HD00,1
HDFG2101,FG,HD,Frankfurt Galaxy,Hamburg Sea Devils,6/20/2021,Hamburg,Stadion Hoheluft,15:00,17:45,Y,02:45,1600,26 degr.,SW,partly cloudy,M. Scholz,B. Hauben,K. Haltermann,D. Jurzyk,M. Hoffmann,H. Romanczyk,M. Burzec,M. Burzec,FG,3,8,HD26,"V,3,8,H26","11,11,82","PASS:7,C,82,H15 TACK:27","J. Sullivan pass complete to H. Schwarz for 11 yards to the HD15, 1ST DOWN FG (L. Mueller).","V,1,10,H15",P,NA,P,NA,NA,NA,NA,NA,11,V,FG,"PUNT,2,03:03,18","TD,2,00:13,100",8,82,2:50,PUNT,2,03:03,FG18,TD,2,00:13,HD00,1
HDFG2101,FG,HD,Frankfurt Galaxy,Hamburg Sea Devils,6/20/2021,Hamburg,Stadion Hoheluft,15:00,17:45,Y,02:45,1600,26 degr.,SW,partly cloudy,M. Scholz,B. Hauben,K. Haltermann,D. Jurzyk,M. Hoffmann,H. Romanczyk,M. Burzec,M. Burzec,FG,1,10,HD15,"V,1,10,H15","11,12,83","PASS:6,I,11,* BRUP:25 PEN:H,PI,A,25,H01,1 NOPLAY:","M. Johannknecht pass incomplete to A. Mahoungou (M. Franklin), PENALTY HD pass interference (M. Franklin) 14 yards to the HD1, 1ST DOWN FG, NO PLAY.","V,1,0,H01",E,NA,E,NA,NA,NA,NA,NA,11,V,FG,"PUNT,2,03:03,18","TD,2,00:13,100",8,82,2:50,PUNT,2,03:03,FG18,TD,2,00:13,HD00,1
HDFG2101,FG,HD,Frankfurt Galaxy,Hamburg Sea Devils,6/20/2021,Hamburg,Stadion Hoheluft,15:00,17:45,Y,02:45,1600,26 degr.,SW,partly cloudy,M. Scholz,B. Hauben,K. Haltermann,D. Jurzyk,M. Hoffmann,H. Romanczyk,M. Burzec,M. Burzec,FG,1,0,HD01,"V,1,0,H01","11,13,84","RUSH:21,H00, T:00:13 PAT:K,83,M","G. Adams rush for 1 yard to the HD0, 1ST DOWN FG, TOUCHDOWN, clock 00:13, L. Sack kick attempt failed.","V,1,0,V35",X,00:13,R,NA,Y,9,7,NA,11,V,FG,"PUNT,2,03:03,18","TD,2,00:13,100",8,82,2:50,PUNT,2,03:03,FG18,TD,2,00:13,HD00,1
HDFG2101,FG,HD,Frankfurt Galaxy,Hamburg Sea Devils,6/20/2021,Hamburg,Stadion Hoheluft,15:00,17:45,Y,02:45,1600,26 degr.,SW,partly cloudy,M. Scholz,B. Hauben,K. Haltermann,D. Jurzyk,M. Hoffmann,H. Romanczyk,M. Burzec,M. Burzec,FG,1,0,FG35,"V,1,0,V35","11,14,85","KO:83,H00 RET:82,H30 TACK:85","L. Sack kickoff 65 yards to the HD0, T. Nill return 30 yards to the HD30 (M. Hachenberg).","H,1,10,H30",K,NA,NA,NA,NA,NA,NA,NA,11,V,FG,"PUNT,2,03:03,18","TD,2,00:13,100",8,82,2:50,PUNT,2,03:03,FG18,TD,2,00:13,HD00,1
HDFG2101,FG,HD,Frankfurt Galaxy,Hamburg Sea Devils,6/20/2021,Hamburg,Stadion Hoheluft,15:00,17:45,Y,02:45,1600,26 degr.,SW,partly cloudy,M. Scholz,B. Hauben,K. Haltermann,D. Jurzyk,M. Hoffmann,H. Romanczyk,M. Burzec,M. Burzec,HD,1,10,HD30,"H,1,10,H30","12,1,86",{DRIVE}:00:06,HAMBURG SEA DEVILS drive start at 00:06.,"H,1,10,H30",NA,00:06,NA,NA,NA,NA,NA,NA,12,H,HD,"KO,2,00:06,30","HALF,2,00:00,28",1,-2,0:06,KO,2,00:06,HD30,HALF,2,00:00,HD28,NA
HDFG2101,FG,HD,Frankfurt Galaxy,Hamburg Sea Devils,6/20/2021,Hamburg,Stadion Hoheluft,15:00,17:45,Y,02:45,1600,26 degr.,SW,partly cloudy,M. Scholz,B. Hauben,K. Haltermann,D. Jurzyk,M. Hoffmann,H. Romanczyk,M. Burzec,M. Burzec,HD,1,10,HD30,"H,1,10,H30","12,2,87","RUSH:10,H28,",J. Clark rush for loss of 2 yards to the HD28.,"H,2,12,H28",R,NA,NA,NA,NA,NA,NA,NA,12,H,HD,"KO,2,00:06,30","HALF,2,00:00,28",1,-2,0:06,KO,2,00:06,HD30,HALF,2,00:00,HD28,NA
HDFG2101,FG,HD,Frankfurt Galaxy,Hamburg Sea Devils,6/20/2021,Hamburg,Stadion Hoheluft,15:00,17:45,Y,02:45,1600,26 degr.,SW,partly cloudy,M. Scholz,B. Hauben,K. Haltermann,D. Jurzyk,M. Hoffmann,H. Romanczyk,M. Burzec,M. Burzec,HD,2,12,HD28,"H,2,12,H28","12,3,88",HALF: T:00:00,"End of half, clock 00:00.","H,2,12,H28",#,00:00,NA,NA,NA,NA,NA,NA,12,H,HD,"KO,2,00:06,30","HALF,2,00:00,28",1,-2,0:06,KO,2,00:06,HD30,HALF,2,00:00,HD28,NA
HDFG2101,FG,HD,Frankfurt Galaxy,Hamburg Sea Devils,6/20/2021,Hamburg,Stadion Hoheluft,15:00,17:45,Y,02:45,1600,26 degr.,SW,partly cloudy,M. Scholz,B. Hauben,K. Haltermann,D. Jurzyk,M. Hoffmann,H. Romanczyk,M. Burzec,M. Burzec,HD,2,12,HD28,"H,2,12,H28","12,4,89","Q:3 T:15:00 SPOT:V,V35,N","Start of 3rd quarter, clock 15:00, FG ball on FG35.","V,2,12,V35",#,15:00,NA,NA,NA,NA,NA,NA,12,H,HD,"KO,2,00:06,30","HALF,2,00:00,28",1,-2,0:06,KO,2,00:06,HD30,HALF,2,00:00,HD28,NA
HDFG2101,FG,HD,Frankfurt Galaxy,Hamburg Sea Devils,6/20/2021,Hamburg,Stadion Hoheluft,15:00,17:45,Y,02:45,1600,26 degr.,SW,partly cloudy,M. Scholz,B. Hauben,K. Haltermann,D. Jurzyk,M. Hoffmann,H. Romanczyk,M. Burzec,M. Burzec,FG,2,12,FG35,"V,2,12,V35","12,5,90","KO:83,H00 TB:","L. Sack kickoff 65 yards to the HD0, touchback.","H,1,10,H25",K,NA,NA,NA,NA,NA,NA,NA,12,H,HD,"KO,2,00:06,30","HALF,2,00:00,28",1,-2,0:06,KO,2,00:06,HD30,HALF,2,00:00,HD28,NA
HDFG2101,FG,HD,Frankfurt Galaxy,Hamburg Sea Devils,6/20/2021,Hamburg,Stadion Hoheluft,15:00,17:45,Y,02:45,1600,26 degr.,SW,partly cloudy,M. Scholz,B. Hauben,K. Haltermann,D. Jurzyk,M. Hoffmann,H. Romanczyk,M. Burzec,M. Burzec,HD,1,10,HD25,"H,1,10,H25","13,1,91",{DRIVE}:15:00,HAMBURG SEA DEVILS drive start at 15:00.,"H,1,10,H25",NA,15:00,NA,NA,NA,NA,NA,NA,13,H,HD,"KO,3,15:00,25","PUNT,3,12:08,40",5,15,2:52,KO,3,15:00,HD25,PUNT,3,12:08,HD40,NA
HDFG2101,FG,HD,Frankfurt Galaxy,Hamburg Sea Devils,6/20/2021,Hamburg,Stadion Hoheluft,15:00,17:45,Y,02:45,1600,26 degr.,SW,partly cloudy,M. Scholz,B. Hauben,K. Haltermann,D. Jurzyk,M. Hoffmann,H. Romanczyk,M. Burzec,M. Burzec,HD,1,10,HD25,"H,1,10,H25","13,2,92","PASS:10,C,24,H27 TACK:90,56",J. Clark pass complete to X. Johnson for 2 yards to the HD27 (M. A. Hor;S. Silva Gomez).,"H,2,8,H27",P,NA,NA,NA,NA,NA,NA,NA,13,H,HD,"KO,3,15:00,25","PUNT,3,12:08,40",5,15,2:52,KO,3,15:00,HD25,PUNT,3,12:08,HD40,NA
HDFG2101,FG,HD,Frankfurt Galaxy,Hamburg Sea Devils,6/20/2021,Hamburg,Stadion Hoheluft,15:00,17:45,Y,02:45,1600,26 degr.,SW,partly cloudy,M. Scholz,B. Hauben,K. Haltermann,D. Jurzyk,M. Hoffmann,H. Romanczyk,M. Burzec,M. Burzec,HD,2,8,HD27,"H,2,8,H27","13,3,93","RUSH:10,H37, OB:","J. Clark rush for 10 yards to the HD37, 1ST DOWN HD, out-of-bounds.","H,1,10,H37",R,NA,R,NA,NA,NA,NA,Y,13,H,HD,"KO,3,15:00,25","PUNT,3,12:08,40",5,15,2:52,KO,3,15:00,HD25,PUNT,3,12:08,HD40,NA
HDFG2101,FG,HD,Frankfurt Galaxy,Hamburg Sea Devils,6/20/2021,Hamburg,Stadion Hoheluft,15:00,17:45,Y,02:45,1600,26 degr.,SW,partly cloudy,M. Scholz,B. Hauben,K. Haltermann,D. Jurzyk,M. Hoffmann,H. Romanczyk,M. Burzec,M. Burzec,HD,1,10,HD37,"H,1,10,H37","13,4,94","RUSH:24,H40, TACK:90,55",X. Johnson rush for 3 yards to the HD40 (M. A. Hor;V. Valasti).,"H,2,7,H40",R,NA,NA,NA,NA,NA,NA,NA,13,H,HD,"KO,3,15:00,25","PUNT,3,12:08,40",5,15,2:52,KO,3,15:00,HD25,PUNT,3,12:08,HD40,NA
HDFG2101,FG,HD,Frankfurt Galaxy,Hamburg Sea Devils,6/20/2021,Hamburg,Stadion Hoheluft,15:00,17:45,Y,02:45,1600,26 degr.,SW,partly cloudy,M. Scholz,B. Hauben,K. Haltermann,D. Jurzyk,M. Hoffmann,H. Romanczyk,M. Burzec,M. Burzec,HD,2,7,HD40,"H,2,7,H40","13,5,95","PASS:10,C,44,H47 TACK:56 PEN:H,HO,A,68,H30,N NOPLAY:","J. Clark pass complete to J. Kruse for 7 yards to the HD47 (S. Silva Gomez), PENALTY HD holding (K. Ebanks) 10 yards to the HD30, NO PLAY.","H,2,17,H30",E,NA,NA,NA,NA,NA,NA,NA,13,H,HD,"KO,3,15:00,25","PUNT,3,12:08,40",5,15,2:52,KO,3,15:00,HD25,PUNT,3,12:08,HD40,NA
HDFG2101,FG,HD,Frankfurt Galaxy,Hamburg Sea Devils,6/20/2021,Hamburg,Stadion Hoheluft,15:00,17:45,Y,02:45,1600,26 degr.,SW,partly cloudy,M. Scholz,B. Hauben,K. Haltermann,D. Jurzyk,M. Hoffmann,H. Romanczyk,M. Burzec,M. Burzec,HD,2,17,HD30,"H,2,17,H30","13,6,96","PASS:10,I,TM,*",J. Clark pass incomplete.,"H,3,17,H30",P,NA,NA,NA,NA,NA,NA,NA,13,H,HD,"KO,3,15:00,25","PUNT,3,12:08,40",5,15,2:52,KO,3,15:00,HD25,PUNT,3,12:08,HD40,NA
HDFG2101,FG,HD,Frankfurt Galaxy,Hamburg Sea Devils,6/20/2021,Hamburg,Stadion Hoheluft,15:00,17:45,Y,02:45,1600,26 degr.,SW,partly cloudy,M. Scholz,B. Hauben,K. Haltermann,D. Jurzyk,M. Hoffmann,H. Romanczyk,M. Burzec,M. Burzec,HD,3,17,HD30,"H,3,17,H30","13,7,97",TOUT:V T:12:40,"Timeout Frankfurt Galaxy, clock 12:40.","H,3,17,H30",#,12:40,NA,NA,NA,NA,NA,NA,13,H,HD,"KO,3,15:00,25","PUNT,3,12:08,40",5,15,2:52,KO,3,15:00,HD25,PUNT,3,12:08,HD40,NA
HDFG2101,FG,HD,Frankfurt Galaxy,Hamburg Sea Devils,6/20/2021,Hamburg,Stadion Hoheluft,15:00,17:45,Y,02:45,1600,26 degr.,SW,partly cloudy,M. Scholz,B. Hauben,K. Haltermann,D. Jurzyk,M. Hoffmann,H. Romanczyk,M. Burzec,M. Burzec,HD,3,17,HD30,"H,3,17,H30","13,8,98","PASS:10,C,12,H40 TACK:29",J. Clark pass complete to J. Madin Cerezo for 10 yards to the HD40 (M. Riepe).,"H,4,7,H40",P,NA,NA,NA,NA,NA,NA,NA,13,H,HD,"KO,3,15:00,25","PUNT,3,12:08,40",5,15,2:52,KO,3,15:00,HD25,PUNT,3,12:08,HD40,NA
HDFG2101,FG,HD,Frankfurt Galaxy,Hamburg Sea Devils,6/20/2021,Hamburg,Stadion Hoheluft,15:00,17:45,Y,02:45,1600,26 degr.,SW,partly cloudy,M. Scholz,B. Hauben,K. Haltermann,D. Jurzyk,M. Hoffmann,H. Romanczyk,M. Burzec,M. Burzec,HD,4,7,HD40,"H,4,7,H40","13,9,99","PUNT:4,V21 RET:10,V32 TACK:57","P. Andersen punt 39 yards to the FG21, O. Williams return 11 yards to the FG32 (D. Laporte).","V,1,10,V32",U,NA,NA,NA,NA,NA,NA,NA,13,H,HD,"KO,3,15:00,25","PUNT,3,12:08,40",5,15,2:52,KO,3,15:00,HD25,PUNT,3,12:08,HD40,NA
HDFG2101,FG,HD,Frankfurt Galaxy,Hamburg Sea Devils,6/20/2021,Hamburg,Stadion Hoheluft,15:00,17:45,Y,02:45,1600,26 degr.,SW,partly cloudy,M. Scholz,B. Hauben,K. Haltermann,D. Jurzyk,M. Hoffmann,H. Romanczyk,M. Burzec,M. Burzec,FG,1,10,FG32,"V,1,10,V32","14,1,100",{DRIVE}:12:08,FRANKFURT GALAXY drive start at 12:08.,"V,1,10,V32",NA,12:08,NA,NA,NA,NA,NA,NA,14,V,FG,"PUNT,3,12:08,32","PUNT,3,10:29,30",3,-2,1:39,PUNT,3,12:08,FG32,PUNT,3,10:29,FG30,NA
HDFG2101,FG,HD,Frankfurt Galaxy,Hamburg Sea Devils,6/20/2021,Hamburg,Stadion Hoheluft,15:00,17:45,Y,02:45,1600,26 degr.,SW,partly cloudy,M. Scholz,B. Hauben,K. Haltermann,D. Jurzyk,M. Hoffmann,H. Romanczyk,M. Burzec,M. Burzec,FG,1,10,FG32,"V,1,10,V32","14,2,101","RUSH:21,V30, FUMB:V,V30,21 TACK:43,97","G. Adams rush for loss of 2 yards to the FG30, fumble by G. Adams recovered by FG G. Adams at FG30 (M. Boock;B. Tchouadje).","V,2,12,V30",R,NA,NA,NA,NA,NA,NA,NA,14,V,FG,"PUNT,3,12:08,32","PUNT,3,10:29,30",3,-2,1:39,PUNT,3,12:08,FG32,PUNT,3,10:29,FG30,NA
HDFG2101,FG,HD,Frankfurt Galaxy,Hamburg Sea Devils,6/20/2021,Hamburg,Stadion Hoheluft,15:00,17:45,Y,02:45,1600,26 degr.,SW,partly cloudy,M. Scholz,B. Hauben,K. Haltermann,D. Jurzyk,M. Hoffmann,H. Romanczyk,M. Burzec,M. Burzec,FG,2,12,FG30,"V,2,12,V30","14,3,102","RUSH:7,V30, TACK:23",J. Sullivan rush for no gain to the FG30 (J. Rogers).,"V,3,12,V30",R,NA,NA,NA,NA,NA,NA,NA,14,V,FG,"PUNT,3,12:08,32","PUNT,3,10:29,30",3,-2,1:39,PUNT,3,12:08,FG32,PUNT,3,10:29,FG30,NA
HDFG2101,FG,HD,Frankfurt Galaxy,Hamburg Sea Devils,6/20/2021,Hamburg,Stadion Hoheluft,15:00,17:45,Y,02:45,1600,26 degr.,SW,partly cloudy,M. Scholz,B. Hauben,K. Haltermann,D. Jurzyk,M. Hoffmann,H. Romanczyk,M. Burzec,M. Burzec,FG,3,12,FG30,"V,3,12,V30","14,4,103","PASS:7,I,11,* BRUP:27",J. Sullivan pass incomplete to A. Mahoungou (L. Mueller).,"V,4,12,V30",P,NA,NA,NA,NA,NA,NA,NA,14,V,FG,"PUNT,3,12:08,32","PUNT,3,10:29,30",3,-2,1:39,PUNT,3,12:08,FG32,PUNT,3,10:29,FG30,NA
HDFG2101,FG,HD,Frankfurt Galaxy,Hamburg Sea Devils,6/20/2021,Hamburg,Stadion Hoheluft,15:00,17:45,Y,02:45,1600,26 degr.,SW,partly cloudy,M. Scholz,B. Hauben,K. Haltermann,D. Jurzyk,M. Hoffmann,H. Romanczyk,M. Burzec,M. Burzec,FG,4,12,FG30,"V,4,12,V30","14,5,104","PUNT:82,H40 RET:23,H40 TACK:10","H. Schwarz punt 30 yards to the HD40, J. Rogers return 0 yards to the HD40 (O. Williams).","H,1,10,H40",U,NA,NA,NA,NA,NA,NA,NA,14,V,FG,"PUNT,3,12:08,32","PUNT,3,10:29,30",3,-2,1:39,PUNT,3,12:08,FG32,PUNT,3,10:29,FG30,NA
HDFG2101,FG,HD,Frankfurt Galaxy,Hamburg Sea Devils,6/20/2021,Hamburg,Stadion Hoheluft,15:00,17:45,Y,02:45,1600,26 degr.,SW,partly cloudy,M. Scholz,B. Hauben,K. Haltermann,D. Jurzyk,M. Hoffmann,H. Romanczyk,M. Burzec,M. Burzec,HD,1,10,HD40,"H,1,10,H40","15,1,105",{DRIVE}:10:29,HAMBURG SEA DEVILS drive start at 10:29.,"H,1,10,H40",NA,10:29,NA,NA,NA,NA,NA,NA,15,H,HD,"PUNT,3,10:29,40","PUNT,3,08:55,46",3,6,1:34,PUNT,3,10:29,HD40,PUNT,3,08:55,HD46,NA
HDFG2101,FG,HD,Frankfurt Galaxy,Hamburg Sea Devils,6/20/2021,Hamburg,Stadion Hoheluft,15:00,17:45,Y,02:45,1600,26 degr.,SW,partly cloudy,M. Scholz,B. Hauben,K. Haltermann,D. Jurzyk,M. Hoffmann,H. Romanczyk,M. Burzec,M. Burzec,HD,1,10,HD40,"H,1,10,H40","15,2,106","RUSH:24,H47, TACK:97",X. Johnson rush for 7 yards to the HD47 (W. Drew).,"H,2,3,H47",R,NA,NA,NA,NA,NA,NA,NA,15,H,HD,"PUNT,3,10:29,40","PUNT,3,08:55,46",3,6,1:34,PUNT,3,10:29,HD40,PUNT,3,08:55,HD46,NA
HDFG2101,FG,HD,Frankfurt Galaxy,Hamburg Sea Devils,6/20/2021,Hamburg,Stadion Hoheluft,15:00,17:45,Y,02:45,1600,26 degr.,SW,partly cloudy,M. Scholz,B. Hauben,K. Haltermann,D. Jurzyk,M. Hoffmann,H. Romanczyk,M. Burzec,M. Burzec,HD,2,3,HD47,"H,2,3,H47","15,3,107","RUSH:24,H46, TACK:41",X. Johnson rush for loss of 1 yard to the HD46 (S. Gauthier).,"H,3,4,H46",R,NA,NA,NA,NA,NA,NA,NA,15,H,HD,"PUNT,3,10:29,40","PUNT,3,08:55,46",3,6,1:34,PUNT,3,10:29,HD40,PUNT,3,08:55,HD46,NA
HDFG2101,FG,HD,Frankfurt Galaxy,Hamburg Sea Devils,6/20/2021,Hamburg,Stadion Hoheluft,15:00,17:45,Y,02:45,1600,26 degr.,SW,partly cloudy,M. Scholz,B. Hauben,K. Haltermann,D. Jurzyk,M. Hoffmann,H. Romanczyk,M. Burzec,M. Burzec,HD,3,4,HD46,"H,3,4,H46","15,4,108","PASS:10,I,12,* BRUP:23",J. Clark pass incomplete to J. Madin Cerezo (D. Cooper).,"H,4,4,H46",P,NA,NA,NA,NA,NA,NA,NA,15,H,HD,"PUNT,3,10:29,40","PUNT,3,08:55,46",3,6,1:34,PUNT,3,10:29,HD40,PUNT,3,08:55,HD46,NA
HDFG2101,FG,HD,Frankfurt Galaxy,Hamburg Sea Devils,6/20/2021,Hamburg,Stadion Hoheluft,15:00,17:45,Y,02:45,1600,26 degr.,SW,partly cloudy,M. Scholz,B. Hauben,K. Haltermann,D. Jurzyk,M. Hoffmann,H. Romanczyk,M. Burzec,M. Burzec,HD,4,4,HD46,"H,4,4,H46","15,5,109","PUNT:4,V17 RET:10,V17","P. Andersen punt 37 yards to the FG17, O. Williams return 0 yards to the FG17.","V,1,10,V17",U,NA,NA,NA,NA,NA,NA,NA,15,H,HD,"PUNT,3,10:29,40","PUNT,3,08:55,46",3,6,1:34,PUNT,3,10:29,HD40,PUNT,3,08:55,HD46,NA
HDFG2101,FG,HD,Frankfurt Galaxy,Hamburg Sea Devils,6/20/2021,Hamburg,Stadion Hoheluft,15:00,17:45,Y,02:45,1600,26 degr.,SW,partly cloudy,M. Scholz,B. Hauben,K. Haltermann,D. Jurzyk,M. Hoffmann,H. Romanczyk,M. Burzec,M. Burzec,FG,1,10,FG17,"V,1,10,V17","16,1,110",{DRIVE}:08:55,FRANKFURT GALAXY drive start at 08:55.,"V,1,10,V17",NA,08:55,NA,NA,NA,NA,NA,NA,16,V,FG,"PUNT,3,08:55,17","PUNT,3,05:50,40",5,23,3:05,PUNT,3,08:55,FG17,PUNT,3,05:50,FG40,NA
HDFG2101,FG,HD,Frankfurt Galaxy,Hamburg Sea Devils,6/20/2021,Hamburg,Stadion Hoheluft,15:00,17:45,Y,02:45,1600,26 degr.,SW,partly cloudy,M. Scholz,B. Hauben,K. Haltermann,D. Jurzyk,M. Hoffmann,H. Romanczyk,M. Burzec,M. Burzec,FG,1,10,FG17,"V,1,10,V17","16,2,111","RUSH:13,V22, TACK:57",M. Rutsch rush for 5 yards to the FG22 (D. Laporte).,"V,2,5,V22",R,NA,NA,NA,NA,NA,NA,NA,16,V,FG,"PUNT,3,08:55,17","PUNT,3,05:50,40",5,23,3:05,PUNT,3,08:55,FG17,PUNT,3,05:50,FG40,NA
HDFG2101,FG,HD,Frankfurt Galaxy,Hamburg Sea Devils,6/20/2021,Hamburg,Stadion Hoheluft,15:00,17:45,Y,02:45,1600,26 degr.,SW,partly cloudy,M. Scholz,B. Hauben,K. Haltermann,D. Jurzyk,M. Hoffmann,H. Romanczyk,M. Burzec,M. Burzec,FG,2,5,FG22,"V,2,5,V22","16,3,112","PASS:7,C,13,V20 TACK:52,94",J. Sullivan pass complete to M. Rutsch for loss of 2 yards to the FG20 (A. Mati;B. Grube).,"V,3,7,V20",P,NA,NA,NA,NA,NA,NA,NA,16,V,FG,"PUNT,3,08:55,17","PUNT,3,05:50,40",5,23,3:05,PUNT,3,08:55,FG17,PUNT,3,05:50,FG40,NA
HDFG2101,FG,HD,Frankfurt Galaxy,Hamburg Sea Devils,6/20/2021,Hamburg,Stadion Hoheluft,15:00,17:45,Y,02:45,1600,26 degr.,SW,partly cloudy,M. Scholz,B. Hauben,K. Haltermann,D. Jurzyk,M. Hoffmann,H. Romanczyk,M. Burzec,M. Burzec,FG,3,7,FG20,"V,3,7,V20","16,4,113","PASS:7,I,TM,* PEN:H,RP,A,58,V35,1 NOPLAY:","J. Sullivan pass incomplete, PENALTY HD roughing passer (J. Bombek) 15 yards to the FG35, 1ST DOWN FG, NO PLAY.","V,1,10,V35",E,NA,E,NA,NA,NA,NA,NA,16,V,FG,"PUNT,3,08:55,17","PUNT,3,05:50,40",5,23,3:05,PUNT,3,08:55,FG17,PUNT,3,05:50,FG40,NA
HDFG2101,FG,HD,Frankfurt Galaxy,Hamburg Sea Devils,6/20/2021,Hamburg,Stadion Hoheluft,15:00,17:45,Y,02:45,1600,26 degr.,SW,partly cloudy,M. Scholz,B. Hauben,K. Haltermann,D. Jurzyk,M. Hoffmann,H. Romanczyk,M. Burzec,M. Burzec,FG,1,10,FG35,"V,1,10,V35","16,5,114","RUSH:33,V35, TACK:95,57",J. Rodney rush for no gain to the FG35 (E. Yeboah;D. Laporte).,"V,2,10,V35",R,NA,NA,NA,NA,NA,NA,NA,16,V,FG,"PUNT,3,08:55,17","PUNT,3,05:50,40",5,23,3:05,PUNT,3,08:55,FG17,PUNT,3,05:50,FG40,NA
HDFG2101,FG,HD,Frankfurt Galaxy,Hamburg Sea Devils,6/20/2021,Hamburg,Stadion Hoheluft,15:00,17:45,Y,02:45,1600,26 degr.,SW,partly cloudy,M. Scholz,B. Hauben,K. Haltermann,D. Jurzyk,M. Hoffmann,H. Romanczyk,M. Burzec,M. Burzec,FG,2,10,FG35,"V,2,10,V35","16,6,115","PASS:7,C,11,V40 TACK:27,52",J. Sullivan pass complete to A. Mahoungou for 5 yards to the FG40 (L. Mueller;A. Mati).,"V,3,5,V40",P,NA,NA,NA,NA,NA,NA,NA,16,V,FG,"PUNT,3,08:55,17","PUNT,3,05:50,40",5,23,3:05,PUNT,3,08:55,FG17,PUNT,3,05:50,FG40,NA
HDFG2101,FG,HD,Frankfurt Galaxy,Hamburg Sea Devils,6/20/2021,Hamburg,Stadion Hoheluft,15:00,17:45,Y,02:45,1600,26 degr.,SW,partly cloudy,M. Scholz,B. Hauben,K. Haltermann,D. Jurzyk,M. Hoffmann,H. Romanczyk,M. Burzec,M. Burzec,FG,3,5,FG40,"V,3,5,V40","16,7,116","PASS:7,I,TM,*",J. Sullivan pass incomplete.,"V,4,5,V40",P,NA,NA,NA,NA,NA,NA,NA,16,V,FG,"PUNT,3,08:55,17","PUNT,3,05:50,40",5,23,3:05,PUNT,3,08:55,FG17,PUNT,3,05:50,FG40,NA
HDFG2101,FG,HD,Frankfurt Galaxy,Hamburg Sea Devils,6/20/2021,Hamburg,Stadion Hoheluft,15:00,17:45,Y,02:45,1600,26 degr.,SW,partly cloudy,M. Scholz,B. Hauben,K. Haltermann,D. Jurzyk,M. Hoffmann,H. Romanczyk,M. Burzec,M. Burzec,FG,4,5,FG40,"V,4,5,V40","16,8,117","PUNT:82,H34 OB:","H. Schwarz punt 26 yards to the HD34, out-of-bounds.","H,1,10,H34",U,NA,NA,NA,NA,NA,NA,Y,16,V,FG,"PUNT,3,08:55,17","PUNT,3,05:50,40",5,23,3:05,PUNT,3,08:55,FG17,PUNT,3,05:50,FG40,NA
HDFG2101,FG,HD,Frankfurt Galaxy,Hamburg Sea Devils,6/20/2021,Hamburg,Stadion Hoheluft,15:00,17:45,Y,02:45,1600,26 degr.,SW,partly cloudy,M. Scholz,B. Hauben,K. Haltermann,D. Jurzyk,M. Hoffmann,H. Romanczyk,M. Burzec,M. Burzec,HD,1,10,HD34,"H,1,10,H34","17,1,118",{DRIVE}:05:50,HAMBURG SEA DEVILS drive start at 05:50.,"H,1,10,H34",NA,05:50,NA,NA,NA,NA,NA,NA,17,H,HD,"PUNT,3,05:50,34","TD,4,14:55,100",10,66,5:55,PUNT,3,05:50,HD34,TD,4,14:55,FG00,NA
HDFG2101,FG,HD,Frankfurt Galaxy,Hamburg Sea Devils,6/20/2021,Hamburg,Stadion Hoheluft,15:00,17:45,Y,02:45,1600,26 degr.,SW,partly cloudy,M. Scholz,B. Hauben,K. Haltermann,D. Jurzyk,M. Hoffmann,H. Romanczyk,M. Burzec,M. Burzec,HD,1,10,HD34,"H,1,10,H34","17,2,119","RUSH:24,H37, TACK:25",X. Johnson rush for 3 yards to the HD37 (B. Barnes).,"H,2,7,H37",R,NA,NA,NA,NA,NA,NA,NA,17,H,HD,"PUNT,3,05:50,34","TD,4,14:55,100",10,66,5:55,PUNT,3,05:50,HD34,TD,4,14:55,FG00,NA
HDFG2101,FG,HD,Frankfurt Galaxy,Hamburg Sea Devils,6/20/2021,Hamburg,Stadion Hoheluft,15:00,17:45,Y,02:45,1600,26 degr.,SW,partly cloudy,M. Scholz,B. Hauben,K. Haltermann,D. Jurzyk,M. Hoffmann,H. Romanczyk,M. Burzec,M. Burzec,HD,2,7,HD37,"H,2,7,H37","17,3,120","RUSH:10,H41, TACK:90",J. Clark rush for 4 yards to the HD41 (M. A. Hor).,"H,3,3,H41",R,NA,NA,NA,NA,NA,NA,NA,17,H,HD,"PUNT,3,05:50,34","TD,4,14:55,100",10,66,5:55,PUNT,3,05:50,HD34,TD,4,14:55,FG00,NA
HDFG2101,FG,HD,Frankfurt Galaxy,Hamburg Sea Devils,6/20/2021,Hamburg,Stadion Hoheluft,15:00,17:45,Y,02:45,1600,26 degr.,SW,partly cloudy,M. Scholz,B. Hauben,K. Haltermann,D. Jurzyk,M. Hoffmann,H. Romanczyk,M. Burzec,M. Burzec,HD,3,3,HD41,"H,3,3,H41","17,4,121","RUSH:24,H49, TACK:41","X. Johnson rush for 8 yards to the HD49, 1ST DOWN HD (S. Gauthier).","H,1,10,H49",R,NA,R,NA,NA,NA,NA,NA,17,H,HD,"PUNT,3,05:50,34","TD,4,14:55,100",10,66,5:55,PUNT,3,05:50,HD34,TD,4,14:55,FG00,NA
HDFG2101,FG,HD,Frankfurt Galaxy,Hamburg Sea Devils,6/20/2021,Hamburg,Stadion Hoheluft,15:00,17:45,Y,02:45,1600,26 degr.,SW,partly cloudy,M. Scholz,B. Hauben,K. Haltermann,D. Jurzyk,M. Hoffmann,H. Romanczyk,M. Burzec,M. Burzec,HD,1,10,HD49,"H,1,10,H49","17,5,122","RUSH:24,V45, TACK:40,56",X. Johnson rush for 6 yards to the FG45 (K. King;S. Silva Gomez).,"H,2,4,V45",R,NA,NA,NA,NA,NA,NA,NA,17,H,HD,"PUNT,3,05:50,34","TD,4,14:55,100",10,66,5:55,PUNT,3,05:50,HD34,TD,4,14:55,FG00,NA
HDFG2101,FG,HD,Frankfurt Galaxy,Hamburg Sea Devils,6/20/2021,Hamburg,Stadion Hoheluft,15:00,17:45,Y,02:45,1600,26 degr.,SW,partly cloudy,M. Scholz,B. Hauben,K. Haltermann,D. Jurzyk,M. Hoffmann,H. Romanczyk,M. Burzec,M. Burzec,HD,2,4,FG45,"H,2,4,V45","17,6,123","PASS:10,I,88,*",J. Clark pass incomplete to A. Botella M..,"H,3,4,V45",P,NA,NA,NA,NA,NA,NA,NA,17,H,HD,"PUNT,3,05:50,34","TD,4,14:55,100",10,66,5:55,PUNT,3,05:50,HD34,TD,4,14:55,FG00,NA
HDFG2101,FG,HD,Frankfurt Galaxy,Hamburg Sea Devils,6/20/2021,Hamburg,Stadion Hoheluft,15:00,17:45,Y,02:45,1600,26 degr.,SW,partly cloudy,M. Scholz,B. Hauben,K. Haltermann,D. Jurzyk,M. Hoffmann,H. Romanczyk,M. Burzec,M. Burzec,HD,3,4,FG45,"H,3,4,V45","17,7,124","RUSH:24,V40, TACK:46,41","X. Johnson rush for 5 yards to the FG40, 1ST DOWN HD (O. Ogbevoen;S. Gauthier).","H,1,10,V40",R,NA,R,NA,NA,NA,NA,NA,17,H,HD,"PUNT,3,05:50,34","TD,4,14:55,100",10,66,5:55,PUNT,3,05:50,HD34,TD,4,14:55,FG00,NA
HDFG2101,FG,HD,Frankfurt Galaxy,Hamburg Sea Devils,6/20/2021,Hamburg,Stadion Hoheluft,15:00,17:45,Y,02:45,1600,26 degr.,SW,partly cloudy,M. Scholz,B. Hauben,K. Haltermann,D. Jurzyk,M. Hoffmann,H. Romanczyk,M. Burzec,M. Burzec,HD,1,10,FG40,"H,1,10,V40","17,8,125","RUSH:24,V38, TACK:56",X. Johnson rush for 2 yards to the FG38 (S. Silva Gomez).,"H,2,8,V38",R,NA,NA,NA,NA,NA,NA,NA,17,H,HD,"PUNT,3,05:50,34","TD,4,14:55,100",10,66,5:55,PUNT,3,05:50,HD34,TD,4,14:55,FG00,NA
HDFG2101,FG,HD,Frankfurt Galaxy,Hamburg Sea Devils,6/20/2021,Hamburg,Stadion Hoheluft,15:00,17:45,Y,02:45,1600,26 degr.,SW,partly cloudy,M. Scholz,B. Hauben,K. Haltermann,D. Jurzyk,M. Hoffmann,H. Romanczyk,M. Burzec,M. Burzec,HD,2,8,FG38,"H,2,8,V38","17,9,126","RUSH:24,V35, TACK:43",X. Johnson rush for 3 yards to the FG35 (J. Silva Gomez).,"H,3,5,V35",R,NA,NA,NA,NA,NA,NA,NA,17,H,HD,"PUNT,3,05:50,34","TD,4,14:55,100",10,66,5:55,PUNT,3,05:50,HD34,TD,4,14:55,FG00,NA
HDFG2101,FG,HD,Frankfurt Galaxy,Hamburg Sea Devils,6/20/2021,Hamburg,Stadion Hoheluft,15:00,17:45,Y,02:45,1600,26 degr.,SW,partly cloudy,M. Scholz,B. Hauben,K. Haltermann,D. Jurzyk,M. Hoffmann,H. Romanczyk,M. Burzec,M. Burzec,HD,3,5,FG35,"H,3,5,V35","17,10,127","PASS:10,C,81,V33 TACK:29 PEN:H,HO,A,68,V45,N NOPLAY:","J. Clark pass complete to K. Ofori for 2 yards to the FG33 (M. Riepe), PENALTY HD holding (K. Ebanks) 10 yards to the FG45, NO PLAY.","H,3,15,V45",E,NA,NA,NA,NA,NA,NA,NA,17,H,HD,"PUNT,3,05:50,34","TD,4,14:55,100",10,66,5:55,PUNT,3,05:50,HD34,TD,4,14:55,FG00,NA
HDFG2101,FG,HD,Frankfurt Galaxy,Hamburg Sea Devils,6/20/2021,Hamburg,Stadion Hoheluft,15:00,17:45,Y,02:45,1600,26 degr.,SW,partly cloudy,M. Scholz,B. Hauben,K. Haltermann,D. Jurzyk,M. Hoffmann,H. Romanczyk,M. Burzec,M. Burzec,HD,3,15,FG45,"H,3,15,V45","17,11,128","PASS:10,C,88,V29 TACK:56,25","J. Clark pass complete to A. Botella M. for 16 yards to the FG29, 1ST DOWN HD (S. Silva Gomez;B. Barnes).","H,1,10,V29",P,NA,P,NA,NA,NA,NA,NA,17,H,HD,"PUNT,3,05:50,34","TD,4,14:55,100",10,66,5:55,PUNT,3,05:50,HD34,TD,4,14:55,FG00,NA
HDFG2101,FG,HD,Frankfurt Galaxy,Hamburg Sea Devils,6/20/2021,Hamburg,Stadion Hoheluft,15:00,17:45,Y,02:45,1600,26 degr.,SW,partly cloudy,M. Scholz,B. Hauben,K. Haltermann,D. Jurzyk,M. Hoffmann,H. Romanczyk,M. Burzec,M. Burzec,HD,1,10,FG29,"H,1,10,V29","17,12,129","PASS:10,C,88,V00 T:00:00","J. Clark pass complete to A. Botella M. for 29 yards to the FG0, 1ST DOWN HD, TOUCHDOWN, clock 00:00.","H,1,10,V15",P,00:00,P,NA,Y,9,13,NA,17,H,HD,"PUNT,3,05:50,34","TD,4,14:55,100",10,66,5:55,PUNT,3,05:50,HD34,TD,4,14:55,FG00,NA
HDFG2101,FG,HD,Frankfurt Galaxy,Hamburg Sea Devils,6/20/2021,Hamburg,Stadion Hoheluft,15:00,17:45,Y,02:45,1600,26 degr.,SW,partly cloudy,M. Scholz,B. Hauben,K. Haltermann,D. Jurzyk,M. Hoffmann,H. Romanczyk,M. Burzec,M. Burzec,HD,1,10,FG15,"H,1,10,V15","17,13,130","PAT:K,4,G",P. Andersen kick attempt good.,"H,1,0,H35",X,NA,NA,NA,Y,9,14,NA,17,H,HD,"PUNT,3,05:50,34","TD,4,14:55,100",10,66,5:55,PUNT,3,05:50,HD34,TD,4,14:55,FG00,NA
HDFG2101,FG,HD,Frankfurt Galaxy,Hamburg Sea Devils,6/20/2021,Hamburg,Stadion Hoheluft,15:00,17:45,Y,02:45,1600,26 degr.,SW,partly cloudy,M. Scholz,B. Hauben,K. Haltermann,D. Jurzyk,M. Hoffmann,H. Romanczyk,M. Burzec,M. Burzec,HD,1,0,HD35,"H,1,0,H35","17,14,131",Q:4 T:15:00,"Start of 4th quarter, clock 15:00.","H,1,0,H35",#,15:00,NA,NA,NA,NA,NA,NA,17,H,HD,"PUNT,3,05:50,34","TD,4,14:55,100",10,66,5:55,PUNT,3,05:50,HD34,TD,4,14:55,FG00,NA
HDFG2101,FG,HD,Frankfurt Galaxy,Hamburg Sea Devils,6/20/2021,Hamburg,Stadion Hoheluft,15:00,17:45,Y,02:45,1600,26 degr.,SW,partly cloudy,M. Scholz,B. Hauben,K. Haltermann,D. Jurzyk,M. Hoffmann,H. Romanczyk,M. Burzec,M. Burzec,HD,1,0,HD35,"H,1,0,H35","17,15,132","KO:4,V00 RET:84,V18 TACK:18","P. Andersen kickoff 65 yards to the FG0, C. Sow return 18 yards to the FG18 (M. Amankwah).","V,1,10,V18",K,NA,NA,NA,NA,NA,NA,NA,17,H,HD,"PUNT,3,05:50,34","TD,4,14:55,100",10,66,5:55,PUNT,3,05:50,HD34,TD,4,14:55,FG00,NA
HDFG2101,FG,HD,Frankfurt Galaxy,Hamburg Sea Devils,6/20/2021,Hamburg,Stadion Hoheluft,15:00,17:45,Y,02:45,1600,26 degr.,SW,partly cloudy,M. Scholz,B. Hauben,K. Haltermann,D. Jurzyk,M. Hoffmann,H. Romanczyk,M. Burzec,M. Burzec,FG,1,10,FG18,"V,1,10,V18","18,1,133","POSS: {DRIVE}:14:55 SPOT:V,V18,Y","Change of possession, FRANKFURT GALAXY drive start at 14:55, FG ball on FG18.","V,1,10,V18",NA,14:55,NA,NA,NA,NA,NA,NA,18,V,FG,"KO,3,00:00,18","POSS,4,14:55,18",0,0,0:05,KO,3,00:00,FG18,POSS,4,14:55,FG18,NA
HDFG2101,FG,HD,Frankfurt Galaxy,Hamburg Sea Devils,6/20/2021,Hamburg,Stadion Hoheluft,15:00,17:45,Y,02:45,1600,26 degr.,SW,partly cloudy,M. Scholz,B. Hauben,K. Haltermann,D. Jurzyk,M. Hoffmann,H. Romanczyk,M. Burzec,M. Burzec,FG,1,10,FG18,"V,1,10,V18","19,1,134","RUSH:21,V26, TACK:57,52",G. Adams rush for 8 yards to the FG26 (D. Laporte;A. Mati).,"V,2,2,V26",R,NA,NA,NA,NA,NA,NA,NA,19,V,FG,"POSS,4,14:55,18","TD,4,07:49,100",12,82,7:06,POSS,4,14:55,FG18,TD,4,07:49,HD00,1
HDFG2101,FG,HD,Frankfurt Galaxy,Hamburg Sea Devils,6/20/2021,Hamburg,Stadion Hoheluft,15:00,17:45,Y,02:45,1600,26 degr.,SW,partly cloudy,M. Scholz,B. Hauben,K. Haltermann,D. Jurzyk,M. Hoffmann,H. Romanczyk,M. Burzec,M. Burzec,FG,2,2,FG26,"V,2,2,V26","19,2,135","PASS:7,C,84,V30 TACK:43,25","J. Sullivan pass complete to C. Sow for 4 yards to the FG30, 1ST DOWN FG (M. Boock;M. Franklin).","V,1,10,V30",P,NA,P,NA,NA,NA,NA,NA,19,V,FG,"POSS,4,14:55,18","TD,4,07:49,100",12,82,7:06,POSS,4,14:55,FG18,TD,4,07:49,HD00,1
HDFG2101,FG,HD,Frankfurt Galaxy,Hamburg Sea Devils,6/20/2021,Hamburg,Stadion Hoheluft,15:00,17:45,Y,02:45,1600,26 degr.,SW,partly cloudy,M. Scholz,B. Hauben,K. Haltermann,D. Jurzyk,M. Hoffmann,H. Romanczyk,M. Burzec,M. Burzec,FG,1,10,FG30,"V,1,10,V30","19,3,136","RUSH:21,V32, TACK:91",G. Adams rush for 2 yards to the FG32 (K. Edebali).,"V,2,8,V32",R,NA,NA,NA,NA,NA,NA,NA,19,V,FG,"POSS,4,14:55,18","TD,4,07:49,100",12,82,7:06,POSS,4,14:55,FG18,TD,4,07:49,HD00,1
HDFG2101,FG,HD,Frankfurt Galaxy,Hamburg Sea Devils,6/20/2021,Hamburg,Stadion Hoheluft,15:00,17:45,Y,02:45,1600,26 degr.,SW,partly cloudy,M. Scholz,B. Hauben,K. Haltermann,D. Jurzyk,M. Hoffmann,H. Romanczyk,M. Burzec,M. Burzec,FG,2,8,FG32,"V,2,8,V32","19,4,137","PASS:7,C,82,V33 TACK:22",J. Sullivan pass complete to H. Schwarz for 1 yard to the FG33 (A. Astahin).,"V,3,7,V33",P,NA,NA,NA,NA,NA,NA,NA,19,V,FG,"POSS,4,14:55,18","TD,4,07:49,100",12,82,7:06,POSS,4,14:55,FG18,TD,4,07:49,HD00,1
HDFG2101,FG,HD,Frankfurt Galaxy,Hamburg Sea Devils,6/20/2021,Hamburg,Stadion Hoheluft,15:00,17:45,Y,02:45,1600,26 degr.,SW,partly cloudy,M. Scholz,B. Hauben,K. Haltermann,D. Jurzyk,M. Hoffmann,H. Romanczyk,M. Burzec,M. Burzec,FG,3,7,FG33,"V,3,7,V33","19,5,138","PASS:7,C,21,V45 OB:","J. Sullivan pass complete to G. Adams for 12 yards to the FG45, 1ST DOWN FG, out-of-bounds.","V,1,10,V45",P,NA,P,NA,NA,NA,NA,Y,19,V,FG,"POSS,4,14:55,18","TD,4,07:49,100",12,82,7:06,POSS,4,14:55,FG18,TD,4,07:49,HD00,1
HDFG2101,FG,HD,Frankfurt Galaxy,Hamburg Sea Devils,6/20/2021,Hamburg,Stadion Hoheluft,15:00,17:45,Y,02:45,1600,26 degr.,SW,partly cloudy,M. Scholz,B. Hauben,K. Haltermann,D. Jurzyk,M. Hoffmann,H. Romanczyk,M. Burzec,M. Burzec,FG,1,10,FG45,"V,1,10,V45","19,6,139","PASS:7,I,86,* PEN:V,ID,A,62,V40,N NOPLAY:","J. Sullivan pass incomplete to L. Regler, PENALTY FG ineligible downfield on pass (L. Hebel) 5 yards to the FG40, NO PLAY.","V,1,15,V40",E,NA,NA,NA,NA,NA,NA,NA,19,V,FG,"POSS,4,14:55,18","TD,4,07:49,100",12,82,7:06,POSS,4,14:55,FG18,TD,4,07:49,HD00,1
HDFG2101,FG,HD,Frankfurt Galaxy,Hamburg Sea Devils,6/20/2021,Hamburg,Stadion Hoheluft,15:00,17:45,Y,02:45,1600,26 degr.,SW,partly cloudy,M. Scholz,B. Hauben,K. Haltermann,D. Jurzyk,M. Hoffmann,H. Romanczyk,M. Burzec,M. Burzec,FG,1,15,FG40,"V,1,15,V40","19,7,140","PEN:H,OD,A,97,V45,N",PENALTY HD offside defense (B. Tchouadje) 5 yards to the FG45.,"V,1,10,V45",E,NA,NA,NA,NA,NA,NA,NA,19,V,FG,"POSS,4,14:55,18","TD,4,07:49,100",12,82,7:06,POSS,4,14:55,FG18,TD,4,07:49,HD00,1
HDFG2101,FG,HD,Frankfurt Galaxy,Hamburg Sea Devils,6/20/2021,Hamburg,Stadion Hoheluft,15:00,17:45,Y,02:45,1600,26 degr.,SW,partly cloudy,M. Scholz,B. Hauben,K. Haltermann,D. Jurzyk,M. Hoffmann,H. Romanczyk,M. Burzec,M. Burzec,FG,1,10,FG45,"V,1,10,V45","19,8,141","PASS:7,C,11,V50 TACK:43,52",J. Sullivan pass complete to A. Mahoungou for 5 yards to the 50 yardline (M. Boock;A. Mati).,"V,2,5,V50",P,NA,NA,NA,NA,NA,NA,NA,19,V,FG,"POSS,4,14:55,18","TD,4,07:49,100",12,82,7:06,POSS,4,14:55,FG18,TD,4,07:49,HD00,1
HDFG2101,FG,HD,Frankfurt Galaxy,Hamburg Sea Devils,6/20/2021,Hamburg,Stadion Hoheluft,15:00,17:45,Y,02:45,1600,26 degr.,SW,partly cloudy,M. Scholz,B. Hauben,K. Haltermann,D. Jurzyk,M. Hoffmann,H. Romanczyk,M. Burzec,M. Burzec,FG,2,5,FG50,"V,2,5,V50","19,9,142","PASS:7,C,11,H40 TACK:23,91","J. Sullivan pass complete to A. Mahoungou for 10 yards to the HD40, 1ST DOWN FG (J. Rogers;K. Edebali).","V,1,10,H40",P,NA,P,NA,NA,NA,NA,NA,19,V,FG,"POSS,4,14:55,18","TD,4,07:49,100",12,82,7:06,POSS,4,14:55,FG18,TD,4,07:49,HD00,1
HDFG2101,FG,HD,Frankfurt Galaxy,Hamburg Sea Devils,6/20/2021,Hamburg,Stadion Hoheluft,15:00,17:45,Y,02:45,1600,26 degr.,SW,partly cloudy,M. Scholz,B. Hauben,K. Haltermann,D. Jurzyk,M. Hoffmann,H. Romanczyk,M. Burzec,M. Burzec,FG,1,10,HD40,"V,1,10,H40","19,10,143","PASS:7,C,84,H32 TACK:27",J. Sullivan pass complete to C. Sow for 8 yards to the HD32 (L. Mueller).,"V,2,2,H32",P,NA,NA,NA,NA,NA,NA,NA,19,V,FG,"POSS,4,14:55,18","TD,4,07:49,100",12,82,7:06,POSS,4,14:55,FG18,TD,4,07:49,HD00,1
HDFG2101,FG,HD,Frankfurt Galaxy,Hamburg Sea Devils,6/20/2021,Hamburg,Stadion Hoheluft,15:00,17:45,Y,02:45,1600,26 degr.,SW,partly cloudy,M. Scholz,B. Hauben,K. Haltermann,D. Jurzyk,M. Hoffmann,H. Romanczyk,M. Burzec,M. Burzec,FG,2,2,HD32,"V,2,2,H32","19,11,144",TOUT:H T:09:53,"Timeout Hamburg Sea Devils, clock 09:53.","V,2,2,H32",#,09:53,NA,NA,NA,NA,NA,NA,19,V,FG,"POSS,4,14:55,18","TD,4,07:49,100",12,82,7:06,POSS,4,14:55,FG18,TD,4,07:49,HD00,1
HDFG2101,FG,HD,Frankfurt Galaxy,Hamburg Sea Devils,6/20/2021,Hamburg,Stadion Hoheluft,15:00,17:45,Y,02:45,1600,26 degr.,SW,partly cloudy,M. Scholz,B. Hauben,K. Haltermann,D. Jurzyk,M. Hoffmann,H. Romanczyk,M. Burzec,M. Burzec,FG,2,2,HD32,"V,2,2,H32","19,12,145","PASS:7,C,11,H20 TACK:27","J. Sullivan pass complete to A. Mahoungou for 12 yards to the HD20, 1ST DOWN FG (L. Mueller).","V,1,10,H20",P,NA,P,NA,NA,NA,NA,NA,19,V,FG,"POSS,4,14:55,18","TD,4,07:49,100",12,82,7:06,POSS,4,14:55,FG18,TD,4,07:49,HD00,1
HDFG2101,FG,HD,Frankfurt Galaxy,Hamburg Sea Devils,6/20/2021,Hamburg,Stadion Hoheluft,15:00,17:45,Y,02:45,1600,26 degr.,SW,partly cloudy,M. Scholz,B. Hauben,K. Haltermann,D. Jurzyk,M. Hoffmann,H. Romanczyk,M. Burzec,M. Burzec,FG,1,10,HD20,"V,1,10,H20","19,13,146","PASS:7,C,19,H12 TACK:57",J. Sullivan pass complete to N. Strahmann for 8 yards to the HD12 (D. Laporte).,"V,2,2,H12",P,NA,NA,NA,NA,NA,NA,NA,19,V,FG,"POSS,4,14:55,18","TD,4,07:49,100",12,82,7:06,POSS,4,14:55,FG18,TD,4,07:49,HD00,1
HDFG2101,FG,HD,Frankfurt Galaxy,Hamburg Sea Devils,6/20/2021,Hamburg,Stadion Hoheluft,15:00,17:45,Y,02:45,1600,26 degr.,SW,partly cloudy,M. Scholz,B. Hauben,K. Haltermann,D. Jurzyk,M. Hoffmann,H. Romanczyk,M. Burzec,M. Burzec,FG,2,2,HD12,"V,2,2,H12","19,14,147","RUSH:21,H06, TACK:43,57","G. Adams rush for 6 yards to the HD6, 1ST DOWN FG (M. Boock;D. Laporte).","V,1,0,H06",R,NA,R,NA,NA,NA,NA,NA,19,V,FG,"POSS,4,14:55,18","TD,4,07:49,100",12,82,7:06,POSS,4,14:55,FG18,TD,4,07:49,HD00,1
HDFG2101,FG,HD,Frankfurt Galaxy,Hamburg Sea Devils,6/20/2021,Hamburg,Stadion Hoheluft,15:00,17:45,Y,02:45,1600,26 degr.,SW,partly cloudy,M. Scholz,B. Hauben,K. Haltermann,D. Jurzyk,M. Hoffmann,H. Romanczyk,M. Burzec,M. Burzec,FG,1,0,HD06,"V,1,0,H06","19,15,148","PASS:7,C,82,H00 T:07:49 PAT:P,7,M","J. Sullivan pass complete to H. Schwarz for 6 yards to the HD0, 1ST DOWN FG, TOUCHDOWN, clock 07:49, J. Sullivan pass attempt failed.","V,1,0,V35",X,07:49,P,NA,Y,15,14,NA,19,V,FG,"POSS,4,14:55,18","TD,4,07:49,100",12,82,7:06,POSS,4,14:55,FG18,TD,4,07:49,HD00,1
HDFG2101,FG,HD,Frankfurt Galaxy,Hamburg Sea Devils,6/20/2021,Hamburg,Stadion Hoheluft,15:00,17:45,Y,02:45,1600,26 degr.,SW,partly cloudy,M. Scholz,B. Hauben,K. Haltermann,D. Jurzyk,M. Hoffmann,H. Romanczyk,M. Burzec,M. Burzec,FG,1,0,FG35,"V,1,0,V35","19,16,149","KO:83,H00 TB:","L. Sack kickoff 65 yards to the HD0, touchback.","H,1,10,H25",K,NA,NA,NA,NA,NA,NA,NA,19,V,FG,"POSS,4,14:55,18","TD,4,07:49,100",12,82,7:06,POSS,4,14:55,FG18,TD,4,07:49,HD00,1
HDFG2101,FG,HD,Frankfurt Galaxy,Hamburg Sea Devils,6/20/2021,Hamburg,Stadion Hoheluft,15:00,17:45,Y,02:45,1600,26 degr.,SW,partly cloudy,M. Scholz,B. Hauben,K. Haltermann,D. Jurzyk,M. Hoffmann,H. Romanczyk,M. Burzec,M. Burzec,HD,1,10,HD25,"H,1,10,H25","20,1,150",{DRIVE}:07:49,HAMBURG SEA DEVILS drive start at 07:49.,"H,1,10,H25",NA,07:49,NA,NA,NA,NA,NA,NA,20,H,HD,"KO,4,07:49,25","PUNT,4,05:01,35",5,10,2:48,KO,4,07:49,HD25,PUNT,4,05:01,HD35,NA
HDFG2101,FG,HD,Frankfurt Galaxy,Hamburg Sea Devils,6/20/2021,Hamburg,Stadion Hoheluft,15:00,17:45,Y,02:45,1600,26 degr.,SW,partly cloudy,M. Scholz,B. Hauben,K. Haltermann,D. Jurzyk,M. Hoffmann,H. Romanczyk,M. Burzec,M. Burzec,HD,1,10,HD25,"H,1,10,H25","20,2,151","RUSH:24,H31, TACK:94,14",X. Johnson rush for 6 yards to the HD31 (C. Udegbe;J. Poznanski).,"H,2,4,H31",R,NA,NA,NA,NA,NA,NA,NA,20,H,HD,"KO,4,07:49,25","PUNT,4,05:01,35",5,10,2:48,KO,4,07:49,HD25,PUNT,4,05:01,HD35,NA
HDFG2101,FG,HD,Frankfurt Galaxy,Hamburg Sea Devils,6/20/2021,Hamburg,Stadion Hoheluft,15:00,17:45,Y,02:45,1600,26 degr.,SW,partly cloudy,M. Scholz,B. Hauben,K. Haltermann,D. Jurzyk,M. Hoffmann,H. Romanczyk,M. Burzec,M. Burzec,HD,2,4,HD31,"H,2,4,H31","20,3,152","PASS:10,C,12,H36 TACK:29","J. Clark pass complete to J. Madin Cerezo for 5 yards to the HD36, 1ST DOWN HD (M. Riepe).","H,1,10,H36",P,NA,P,NA,NA,NA,NA,NA,20,H,HD,"KO,4,07:49,25","PUNT,4,05:01,35",5,10,2:48,KO,4,07:49,HD25,PUNT,4,05:01,HD35,NA
HDFG2101,FG,HD,Frankfurt Galaxy,Hamburg Sea Devils,6/20/2021,Hamburg,Stadion Hoheluft,15:00,17:45,Y,02:45,1600,26 degr.,SW,partly cloudy,M. Scholz,B. Hauben,K. Haltermann,D. Jurzyk,M. Hoffmann,H. Romanczyk,M. Burzec,M. Burzec,HD,1,10,HD36,"H,1,10,H36","20,4,153","RUSH:24,H40, TACK:56,40",X. Johnson rush for 4 yards to the HD40 (S. Silva Gomez;K. King).,"H,2,6,H40",R,NA,NA,NA,NA,NA,NA,NA,20,H,HD,"KO,4,07:49,25","PUNT,4,05:01,35",5,10,2:48,KO,4,07:49,HD25,PUNT,4,05:01,HD35,NA
HDFG2101,FG,HD,Frankfurt Galaxy,Hamburg Sea Devils,6/20/2021,Hamburg,Stadion Hoheluft,15:00,17:45,Y,02:45,1600,26 degr.,SW,partly cloudy,M. Scholz,B. Hauben,K. Haltermann,D. Jurzyk,M. Hoffmann,H. Romanczyk,M. Burzec,M. Burzec,HD,2,6,HD40,"H,2,6,H40","20,5,154","PASS:10,I,11,* BRUP:29",J. Clark pass incomplete to B. Mau (M. Riepe).,"H,3,6,H40",P,NA,NA,NA,NA,NA,NA,NA,20,H,HD,"KO,4,07:49,25","PUNT,4,05:01,35",5,10,2:48,KO,4,07:49,HD25,PUNT,4,05:01,HD35,NA
HDFG2101,FG,HD,Frankfurt Galaxy,Hamburg Sea Devils,6/20/2021,Hamburg,Stadion Hoheluft,15:00,17:45,Y,02:45,1600,26 degr.,SW,partly cloudy,M. Scholz,B. Hauben,K. Haltermann,D. Jurzyk,M. Hoffmann,H. Romanczyk,M. Burzec,M. Burzec,HD,3,6,HD40,"H,3,6,H40","20,6,155","RUSH:24,H30, TACK:40 PEN:H,BL,A,44,H25,N NOPLAY:","X. Johnson rush for loss of 10 yards to the HD30 (K. King), PENALTY HD illegal block (J. Kruse) 15 yards to the HD25, NO PLAY.","H,3,21,H25",E,NA,NA,NA,NA,NA,NA,NA,20,H,HD,"KO,4,07:49,25","PUNT,4,05:01,35",5,10,2:48,KO,4,07:49,HD25,PUNT,4,05:01,HD35,NA
HDFG2101,FG,HD,Frankfurt Galaxy,Hamburg Sea Devils,6/20/2021,Hamburg,Stadion Hoheluft,15:00,17:45,Y,02:45,1600,26 degr.,SW,partly cloudy,M. Scholz,B. Hauben,K. Haltermann,D. Jurzyk,M. Hoffmann,H. Romanczyk,M. Burzec,M. Burzec,HD,3,21,HD25,"H,3,21,H25","20,7,156","PASS:10,C,89,H35 TACK:10",J. Clark pass complete to L. Rehder for 10 yards to the HD35 (O. Williams).,"H,4,11,H35",P,NA,NA,NA,NA,NA,NA,NA,20,H,HD,"KO,4,07:49,25","PUNT,4,05:01,35",5,10,2:48,KO,4,07:49,HD25,PUNT,4,05:01,HD35,NA
HDFG2101,FG,HD,Frankfurt Galaxy,Hamburg Sea Devils,6/20/2021,Hamburg,Stadion Hoheluft,15:00,17:45,Y,02:45,1600,26 degr.,SW,partly cloudy,M. Scholz,B. Hauben,K. Haltermann,D. Jurzyk,M. Hoffmann,H. Romanczyk,M. Burzec,M. Burzec,HD,4,11,HD35,"H,4,11,H35","20,8,157","PUNT:4,V04 DN:","P. Andersen punt 61 yards to the FG4, downed.","V,1,10,V04",U,NA,NA,NA,NA,NA,NA,NA,20,H,HD,"KO,4,07:49,25","PUNT,4,05:01,35",5,10,2:48,KO,4,07:49,HD25,PUNT,4,05:01,HD35,NA
HDFG2101,FG,HD,Frankfurt Galaxy,Hamburg Sea Devils,6/20/2021,Hamburg,Stadion Hoheluft,15:00,17:45,Y,02:45,1600,26 degr.,SW,partly cloudy,M. Scholz,B. Hauben,K. Haltermann,D. Jurzyk,M. Hoffmann,H. Romanczyk,M. Burzec,M. Burzec,FG,1,10,FG04,"V,1,10,V04","21,1,158",{DRIVE}:05:01,FRANKFURT GALAXY drive start at 05:01.,"V,1,10,V04",NA,05:01,NA,NA,NA,NA,NA,NA,21,V,FG,"PUNT,4,05:01,4","PUNT,4,02:14,7",6,3,2:47,PUNT,4,05:01,FG04,PUNT,4,02:14,FG07,NA
HDFG2101,FG,HD,Frankfurt Galaxy,Hamburg Sea Devils,6/20/2021,Hamburg,Stadion Hoheluft,15:00,17:45,Y,02:45,1600,26 degr.,SW,partly cloudy,M. Scholz,B. Hauben,K. Haltermann,D. Jurzyk,M. Hoffmann,H. Romanczyk,M. Burzec,M. Burzec,FG,1,10,FG04,"V,1,10,V04","21,2,159","PASS:7,I,TM,*",J. Sullivan pass incomplete.,"V,2,10,V04",P,NA,NA,NA,NA,NA,NA,NA,21,V,FG,"PUNT,4,05:01,4","PUNT,4,02:14,7",6,3,2:47,PUNT,4,05:01,FG04,PUNT,4,02:14,FG07,NA
HDFG2101,FG,HD,Frankfurt Galaxy,Hamburg Sea Devils,6/20/2021,Hamburg,Stadion Hoheluft,15:00,17:45,Y,02:45,1600,26 degr.,SW,partly cloudy,M. Scholz,B. Hauben,K. Haltermann,D. Jurzyk,M. Hoffmann,H. Romanczyk,M. Burzec,M. Burzec,FG,2,10,FG04,"V,2,10,V04","21,3,160","PASS:7,C,86,V10 TACK:27,57",J. Sullivan pass complete to L. Regler for 6 yards to the FG10 (L. Mueller;D. Laporte).,"V,3,4,V10",P,NA,NA,NA,NA,NA,NA,NA,21,V,FG,"PUNT,4,05:01,4","PUNT,4,02:14,7",6,3,2:47,PUNT,4,05:01,FG04,PUNT,4,02:14,FG07,NA
HDFG2101,FG,HD,Frankfurt Galaxy,Hamburg Sea Devils,6/20/2021,Hamburg,Stadion Hoheluft,15:00,17:45,Y,02:45,1600,26 degr.,SW,partly cloudy,M. Scholz,B. Hauben,K. Haltermann,D. Jurzyk,M. Hoffmann,H. Romanczyk,M. Burzec,M. Burzec,FG,3,4,FG10,"V,3,4,V10","21,4,161","PASS:7,C,19,V19 TACK:27","J. Sullivan pass complete to N. Strahmann for 9 yards to the FG19, 1ST DOWN FG (L. Mueller).","V,1,10,V19",P,NA,P,NA,NA,NA,NA,NA,21,V,FG,"PUNT,4,05:01,4","PUNT,4,02:14,7",6,3,2:47,PUNT,4,05:01,FG04,PUNT,4,02:14,FG07,NA
HDFG2101,FG,HD,Frankfurt Galaxy,Hamburg Sea Devils,6/20/2021,Hamburg,Stadion Hoheluft,15:00,17:45,Y,02:45,1600,26 degr.,SW,partly cloudy,M. Scholz,B. Hauben,K. Haltermann,D. Jurzyk,M. Hoffmann,H. Romanczyk,M. Burzec,M. Burzec,FG,1,10,FG19,"V,1,10,V19","21,5,162","RUSH:21,V23, TACK:57",G. Adams rush for 4 yards to the FG23 (D. Laporte).,"V,2,6,V23",R,NA,NA,NA,NA,NA,NA,NA,21,V,FG,"PUNT,4,05:01,4","PUNT,4,02:14,7",6,3,2:47,PUNT,4,05:01,FG04,PUNT,4,02:14,FG07,NA
HDFG2101,FG,HD,Frankfurt Galaxy,Hamburg Sea Devils,6/20/2021,Hamburg,Stadion Hoheluft,15:00,17:45,Y,02:45,1600,26 degr.,SW,partly cloudy,M. Scholz,B. Hauben,K. Haltermann,D. Jurzyk,M. Hoffmann,H. Romanczyk,M. Burzec,M. Burzec,FG,2,6,FG23,"V,2,6,V23","21,6,163","PASS:7,C,82,V46 OB: PEN:V,HO,A,77,V13,N NOPLAY:","J. Sullivan pass complete to H. Schwarz for 23 yards to the FG46, out-of-bounds, PENALTY FG holding (Y. Kiehl) 10 yards to the FG13, NO PLAY.","V,2,16,V13",E,NA,NA,NA,NA,NA,NA,Y,21,V,FG,"PUNT,4,05:01,4","PUNT,4,02:14,7",6,3,2:47,PUNT,4,05:01,FG04,PUNT,4,02:14,FG07,NA
HDFG2101,FG,HD,Frankfurt Galaxy,Hamburg Sea Devils,6/20/2021,Hamburg,Stadion Hoheluft,15:00,17:45,Y,02:45,1600,26 degr.,SW,partly cloudy,M. Scholz,B. Hauben,K. Haltermann,D. Jurzyk,M. Hoffmann,H. Romanczyk,M. Burzec,M. Burzec,FG,2,16,FG13,"V,2,16,V13","21,7,164",TOUT:H T:02:36,"Timeout Hamburg Sea Devils, clock 02:36.","V,2,16,V13",#,02:36,NA,NA,NA,NA,NA,NA,21,V,FG,"PUNT,4,05:01,4","PUNT,4,02:14,7",6,3,2:47,PUNT,4,05:01,FG04,PUNT,4,02:14,FG07,NA
HDFG2101,FG,HD,Frankfurt Galaxy,Hamburg Sea Devils,6/20/2021,Hamburg,Stadion Hoheluft,15:00,17:45,Y,02:45,1600,26 degr.,SW,partly cloudy,M. Scholz,B. Hauben,K. Haltermann,D. Jurzyk,M. Hoffmann,H. Romanczyk,M. Burzec,M. Burzec,FG,2,16,FG13,"V,2,16,V13","21,8,165","PASS:7,I,86,*",J. Sullivan pass incomplete to L. Regler.,"V,3,16,V13",P,NA,NA,NA,NA,NA,NA,NA,21,V,FG,"PUNT,4,05:01,4","PUNT,4,02:14,7",6,3,2:47,PUNT,4,05:01,FG04,PUNT,4,02:14,FG07,NA
HDFG2101,FG,HD,Frankfurt Galaxy,Hamburg Sea Devils,6/20/2021,Hamburg,Stadion Hoheluft,15:00,17:45,Y,02:45,1600,26 degr.,SW,partly cloudy,M. Scholz,B. Hauben,K. Haltermann,D. Jurzyk,M. Hoffmann,H. Romanczyk,M. Burzec,M. Burzec,FG,3,16,FG13,"V,3,16,V13","21,9,166","PASS:7,S,TM,V07 SACK:58",J. Sullivan sacked for loss of 6 yards to the FG7 (J. Bombek).,"V,4,22,V07",P,NA,NA,NA,NA,NA,NA,NA,21,V,FG,"PUNT,4,05:01,4","PUNT,4,02:14,7",6,3,2:47,PUNT,4,05:01,FG04,PUNT,4,02:14,FG07,NA
HDFG2101,FG,HD,Frankfurt Galaxy,Hamburg Sea Devils,6/20/2021,Hamburg,Stadion Hoheluft,15:00,17:45,Y,02:45,1600,26 degr.,SW,partly cloudy,M. Scholz,B. Hauben,K. Haltermann,D. Jurzyk,M. Hoffmann,H. Romanczyk,M. Burzec,M. Burzec,FG,4,22,FG07,"V,4,22,V07","21,10,167",TOUT:H T:02:23,"Timeout Hamburg Sea Devils, clock 02:23.","V,4,22,V07",#,02:23,NA,NA,NA,NA,NA,NA,21,V,FG,"PUNT,4,05:01,4","PUNT,4,02:14,7",6,3,2:47,PUNT,4,05:01,FG04,PUNT,4,02:14,FG07,NA
HDFG2101,FG,HD,Frankfurt Galaxy,Hamburg Sea Devils,6/20/2021,Hamburg,Stadion Hoheluft,15:00,17:45,Y,02:45,1600,26 degr.,SW,partly cloudy,M. Scholz,B. Hauben,K. Haltermann,D. Jurzyk,M. Hoffmann,H. Romanczyk,M. Burzec,M. Burzec,FG,4,22,FG07,"V,4,22,V07","21,11,168","PUNT:82,V44 OB:","H. Schwarz punt 37 yards to the FG44, out-of-bounds.","H,1,10,V44",U,NA,NA,NA,NA,NA,NA,Y,21,V,FG,"PUNT,4,05:01,4","PUNT,4,02:14,7",6,3,2:47,PUNT,4,05:01,FG04,PUNT,4,02:14,FG07,NA
HDFG2101,FG,HD,Frankfurt Galaxy,Hamburg Sea Devils,6/20/2021,Hamburg,Stadion Hoheluft,15:00,17:45,Y,02:45,1600,26 degr.,SW,partly cloudy,M. Scholz,B. Hauben,K. Haltermann,D. Jurzyk,M. Hoffmann,H. Romanczyk,M. Burzec,M. Burzec,HD,1,10,FG44,"H,1,10,V44","22,1,169",{DRIVE}:02:14,HAMBURG SEA DEVILS drive start at 02:14.,"H,1,10,V44",NA,02:14,NA,NA,NA,NA,NA,NA,22,H,HD,"PUNT,4,02:14,56","FG,4,00:02,84",8,28,2:12,PUNT,4,02:14,FG44,FG,4,00:02,FG16,1
HDFG2101,FG,HD,Frankfurt Galaxy,Hamburg Sea Devils,6/20/2021,Hamburg,Stadion Hoheluft,15:00,17:45,Y,02:45,1600,26 degr.,SW,partly cloudy,M. Scholz,B. Hauben,K. Haltermann,D. Jurzyk,M. Hoffmann,H. Romanczyk,M. Burzec,M. Burzec,HD,1,10,FG44,"H,1,10,V44","22,2,170","RUSH:10,V40, TACK:43,23",J. Clark rush for 4 yards to the FG40 (J. Silva Gomez;D. Cooper).,"H,2,6,V40",R,NA,NA,NA,NA,NA,NA,NA,22,H,HD,"PUNT,4,02:14,56","FG,4,00:02,84",8,28,2:12,PUNT,4,02:14,FG44,FG,4,00:02,FG16,1
HDFG2101,FG,HD,Frankfurt Galaxy,Hamburg Sea Devils,6/20/2021,Hamburg,Stadion Hoheluft,15:00,17:45,Y,02:45,1600,26 degr.,SW,partly cloudy,M. Scholz,B. Hauben,K. Haltermann,D. Jurzyk,M. Hoffmann,H. Romanczyk,M. Burzec,M. Burzec,HD,2,6,FG40,"H,2,6,V40","22,3,171","RUSH:24,V42, TACK:40",X. Johnson rush for loss of 2 yards to the FG42 (K. King).,"H,3,8,V42",R,NA,NA,NA,NA,NA,NA,NA,22,H,HD,"PUNT,4,02:14,56","FG,4,00:02,84",8,28,2:12,PUNT,4,02:14,FG44,FG,4,00:02,FG16,1
HDFG2101,FG,HD,Frankfurt Galaxy,Hamburg Sea Devils,6/20/2021,Hamburg,Stadion Hoheluft,15:00,17:45,Y,02:45,1600,26 degr.,SW,partly cloudy,M. Scholz,B. Hauben,K. Haltermann,D. Jurzyk,M. Hoffmann,H. Romanczyk,M. Burzec,M. Burzec,HD,3,8,FG42,"H,3,8,V42","22,4,172",TOUT:V T:01:18,"Timeout Frankfurt Galaxy, clock 01:18.","H,3,8,V42",#,01:18,NA,NA,NA,NA,NA,NA,22,H,HD,"PUNT,4,02:14,56","FG,4,00:02,84",8,28,2:12,PUNT,4,02:14,FG44,FG,4,00:02,FG16,1
HDFG2101,FG,HD,Frankfurt Galaxy,Hamburg Sea Devils,6/20/2021,Hamburg,Stadion Hoheluft,15:00,17:45,Y,02:45,1600,26 degr.,SW,partly cloudy,M. Scholz,B. Hauben,K. Haltermann,D. Jurzyk,M. Hoffmann,H. Romanczyk,M. Burzec,M. Burzec,HD,3,8,FG42,"H,3,8,V42","22,5,173","RUSH:24,V25, OB: TACK:29","X. Johnson rush for 17 yards to the FG25, 1ST DOWN HD, out-of-bounds (M. Riepe).","H,1,10,V25",R,NA,R,NA,NA,NA,NA,Y,22,H,HD,"PUNT,4,02:14,56","FG,4,00:02,84",8,28,2:12,PUNT,4,02:14,FG44,FG,4,00:02,FG16,1
HDFG2101,FG,HD,Frankfurt Galaxy,Hamburg Sea Devils,6/20/2021,Hamburg,Stadion Hoheluft,15:00,17:45,Y,02:45,1600,26 degr.,SW,partly cloudy,M. Scholz,B. Hauben,K. Haltermann,D. Jurzyk,M. Hoffmann,H. Romanczyk,M. Burzec,M. Burzec,HD,1,10,FG25,"H,1,10,V25","22,6,174","RUSH:24,V20, TACK:10,14",X. Johnson rush for 5 yards to the FG20 (O. Williams;J. Poznanski).,"H,2,5,V20",R,NA,NA,NA,NA,NA,NA,NA,22,H,HD,"PUNT,4,02:14,56","FG,4,00:02,84",8,28,2:12,PUNT,4,02:14,FG44,FG,4,00:02,FG16,1
HDFG2101,FG,HD,Frankfurt Galaxy,Hamburg Sea Devils,6/20/2021,Hamburg,Stadion Hoheluft,15:00,17:45,Y,02:45,1600,26 degr.,SW,partly cloudy,M. Scholz,B. Hauben,K. Haltermann,D. Jurzyk,M. Hoffmann,H. Romanczyk,M. Burzec,M. Burzec,HD,2,5,FG20,"H,2,5,V20","22,7,175",TOUT:V T:01:00,"Timeout Frankfurt Galaxy, clock 01:00.","H,2,5,V20",#,01:00,NA,NA,NA,NA,NA,NA,22,H,HD,"PUNT,4,02:14,56","FG,4,00:02,84",8,28,2:12,PUNT,4,02:14,FG44,FG,4,00:02,FG16,1
HDFG2101,FG,HD,Frankfurt Galaxy,Hamburg Sea Devils,6/20/2021,Hamburg,Stadion Hoheluft,15:00,17:45,Y,02:45,1600,26 degr.,SW,partly cloudy,M. Scholz,B. Hauben,K. Haltermann,D. Jurzyk,M. Hoffmann,H. Romanczyk,M. Burzec,M. Burzec,HD,2,5,FG20,"H,2,5,V20","22,8,176","RUSH:24,V14, TACK:56,97","X. Johnson rush for 6 yards to the FG14, 1ST DOWN HD (S. Silva Gomez;W. Drew).","H,1,10,V14",R,NA,R,NA,NA,NA,NA,NA,22,H,HD,"PUNT,4,02:14,56","FG,4,00:02,84",8,28,2:12,PUNT,4,02:14,FG44,FG,4,00:02,FG16,1
HDFG2101,FG,HD,Frankfurt Galaxy,Hamburg Sea Devils,6/20/2021,Hamburg,Stadion Hoheluft,15:00,17:45,Y,02:45,1600,26 degr.,SW,partly cloudy,M. Scholz,B. Hauben,K. Haltermann,D. Jurzyk,M. Hoffmann,H. Romanczyk,M. Burzec,M. Burzec,HD,1,10,FG14,"H,1,10,V14","22,9,177","RUSH:24,V16,",X. Johnson rush for loss of 2 yards to the FG16.,"H,2,12,V16",R,NA,NA,NA,NA,NA,NA,NA,22,H,HD,"PUNT,4,02:14,56","FG,4,00:02,84",8,28,2:12,PUNT,4,02:14,FG44,FG,4,00:02,FG16,1
HDFG2101,FG,HD,Frankfurt Galaxy,Hamburg Sea Devils,6/20/2021,Hamburg,Stadion Hoheluft,15:00,17:45,Y,02:45,1600,26 degr.,SW,partly cloudy,M. Scholz,B. Hauben,K. Haltermann,D. Jurzyk,M. Hoffmann,H. Romanczyk,M. Burzec,M. Burzec,HD,2,12,FG16,"H,2,12,V16","22,10,178","PASS:10,I,TM,*",J. Clark pass incomplete.,"H,3,12,V16",P,NA,NA,NA,NA,NA,NA,NA,22,H,HD,"PUNT,4,02:14,56","FG,4,00:02,84",8,28,2:12,PUNT,4,02:14,FG44,FG,4,00:02,FG16,1
HDFG2101,FG,HD,Frankfurt Galaxy,Hamburg Sea Devils,6/20/2021,Hamburg,Stadion Hoheluft,15:00,17:45,Y,02:45,1600,26 degr.,SW,partly cloudy,M. Scholz,B. Hauben,K. Haltermann,D. Jurzyk,M. Hoffmann,H. Romanczyk,M. Burzec,M. Burzec,HD,3,12,FG16,"H,3,12,V16","22,11,179","FGA:4,33,G T:00:02","P. Andersen field goal attempt from 33 GOOD, clock 00:02.","H,1,0,H35",F,00:02,NA,NA,Y,15,17,NA,22,H,HD,"PUNT,4,02:14,56","FG,4,00:02,84",8,28,2:12,PUNT,4,02:14,FG44,FG,4,00:02,FG16,1
HDFG2101,FG,HD,Frankfurt Galaxy,Hamburg Sea Devils,6/20/2021,Hamburg,Stadion Hoheluft,15:00,17:45,Y,02:45,1600,26 degr.,SW,partly cloudy,M. Scholz,B. Hauben,K. Haltermann,D. Jurzyk,M. Hoffmann,H. Romanczyk,M. Burzec,M. Burzec,HD,1,0,HD35,"H,1,0,H35","22,12,180","KO:4,V00 TB:","P. Andersen kickoff 65 yards to the FG0, touchback.","V,1,10,V25",K,NA,NA,NA,NA,NA,NA,NA,22,H,HD,"PUNT,4,02:14,56","FG,4,00:02,84",8,28,2:12,PUNT,4,02:14,FG44,FG,4,00:02,FG16,1
HDFG2101,FG,HD,Frankfurt Galaxy,Hamburg Sea Devils,6/20/2021,Hamburg,Stadion Hoheluft,15:00,17:45,Y,02:45,1600,26 degr.,SW,partly cloudy,M. Scholz,B. Hauben,K. Haltermann,D. Jurzyk,M. Hoffmann,H. Romanczyk,M. Burzec,M. Burzec,FG,1,10,FG25,"V,1,10,V25","23,1,181",{DRIVE}:00:02,FRANKFURT GALAXY drive start at 00:02.,"V,1,10,V25",NA,00:02,NA,NA,NA,NA,NA,NA,23,V,FG,"KO,4,00:02,25","FUMB,4,00:00,20",1,-5,0:02,KO,4,00:02,FG25,FUMB,4,00:00,FG20,NA
HDFG2101,FG,HD,Frankfurt Galaxy,Hamburg Sea Devils,6/20/2021,Hamburg,Stadion Hoheluft,15:00,17:45,Y,02:45,1600,26 degr.,SW,partly cloudy,M. Scholz,B. Hauben,K. Haltermann,D. Jurzyk,M. Hoffmann,H. Romanczyk,M. Burzec,M. Burzec,FG,1,10,FG25,"V,1,10,V25","23,2,182","PEN:V,DG,A,7,V20,N",PENALTY FG delay of game (J. Sullivan) 5 yards to the FG20.,"V,1,15,V20",E,NA,NA,NA,NA,NA,NA,NA,23,V,FG,"KO,4,00:02,25","FUMB,4,00:00,20",1,-5,0:02,KO,4,00:02,FG25,FUMB,4,00:00,FG20,NA
HDFG2101,FG,HD,Frankfurt Galaxy,Hamburg Sea Devils,6/20/2021,Hamburg,Stadion Hoheluft,15:00,17:45,Y,02:45,1600,26 degr.,SW,partly cloudy,M. Scholz,B. Hauben,K. Haltermann,D. Jurzyk,M. Hoffmann,H. Romanczyk,M. Burzec,M. Burzec,FG,1,15,FG20,"V,1,15,V20","23,3,183","PASS:7,C,84,V24 +:84,V20 FUMB:H,V20,23","J. Sullivan pass complete to C. Sow for 4 yards to the FG24, C. Sow for loss of 4 yards to the FG20, fumble by C. Sow recovered by HD J. Rogers at FG20.","H,1,10,V20",P,NA,NA,F,NA,NA,NA,NA,23,V,FG,"KO,4,00:02,25","FUMB,4,00:00,20",1,-5,0:02,KO,4,00:02,FG25,FUMB,4,00:00,FG20,NA
HDFG2101,FG,HD,Frankfurt Galaxy,Hamburg Sea Devils,6/20/2021,Hamburg,Stadion Hoheluft,15:00,17:45,Y,02:45,1600,26 degr.,SW,partly cloudy,M. Scholz,B. Hauben,K. Haltermann,D. Jurzyk,M. Hoffmann,H. Romanczyk,M. Burzec,M. Burzec,HD,1,10,FG20,"H,1,10,V20","24,1,184",{DRIVE}:00:00,HAMBURG SEA DEVILS drive start at 00:00.,"H,1,10,V20",NA,00:00,NA,NA,NA,NA,NA,NA,24,H,HD,"FUMB,4,00:00,80","HALF,4,00:00,80",0,0,0:00,FUMB,4,00:00,FG20,HALF,4,00:00,FG20,NA
HDFG2101,FG,HD,Frankfurt Galaxy,Hamburg Sea Devils,6/20/2021,Hamburg,Stadion Hoheluft,15:00,17:45,Y,02:45,1600,26 degr.,SW,partly cloudy,M. Scholz,B. Hauben,K. Haltermann,D. Jurzyk,M. Hoffmann,H. Romanczyk,M. Burzec,M. Burzec,HD,1,10,FG20,"H,1,10,V20","24,2,185",T:00:00,Clock 00:00.,"H,1,10,V20",#,00:00,NA,NA,NA,NA,NA,NA,24,H,HD,"FUMB,4,00:00,80","HALF,4,00:00,80",0,0,0:00,FUMB,4,00:00,FG20,HALF,4,00:00,FG20,NA
HDFG2101,FG,HD,Frankfurt Galaxy,Hamburg Sea Devils,6/20/2021,Hamburg,Stadion Hoheluft,15:00,17:45,Y,02:45,1600,26 degr.,SW,partly cloudy,M. Scholz,B. Hauben,K. Haltermann,D. Jurzyk,M. Hoffmann,H. Romanczyk,M. Burzec,M. Burzec,HD,1,10,FG20,"H,1,10,V20","24,3,186",HALF: T:00:00,"End of game, clock 00:00.","H,1,10,V20",#,00:00,NA,NA,NA,NA,NA,NA,24,H,HD,"FUMB,4,00:00,80","HALF,4,00:00,80",0,0,0:00,FUMB,4,00:00,FG20,HALF,4,00:00,FG20,NA
