gameid,visid,homeid,visname,homename,date,location,stadium,start,end,leaguegame,duration,attend,temp,wind,weather,ref,ump,line,lj,bj,fj,sj,hasball,down,togo,spot,context,playid,tokens,desc,newcontext,type,clock,ob,first,score,vscore,hscore,turnover,drive_number,drive_vh,drive_team,drive_start,drive_end,drive_plays,drive_yards,drive_top,drive_start_how,drive_start_qtr,drive_start_time,drive_start_spot,drive_end_how,drive_end_qtr,drive_end_time,drive_end_spot,drive_rz
SSFG2102,FG,SS,Frankfurt Galaxy,Stuttgart Surge,6/27/2021,Stuttgart,Gazi-Stadion,15:00,18:05,Y,2:05,750,26 C,no wind,partly cloudy,M. Scholz,D. Clemence,S. Heimerdinger,A. Ortmann,J. Scott,C. Beckmann,Y. Hamiko,FG,1,10,FG35,"V,1,10,V35","0,1,0","CMT:FG wins toss, elects to receive, SS to defend W goal","FG wins toss, elects to receive, SS to defend W goal","V,1,10,V35",NA,NA,NA,NA,NA,NA,NA,NA,0,NA,NA,NA,NA,NA,NA,NA,NA,NA,NA,NA,NA,NA,NA,NA,NA
SSFG2102,FG,SS,Frankfurt Galaxy,Stuttgart Surge,6/27/2021,Stuttgart,Gazi-Stadion,15:00,18:05,Y,2:05,750,26 C,no wind,partly cloudy,M. Scholz,D. Clemence,S. Heimerdinger,A. Ortmann,J. Scott,C. Beckmann,Y. Hamiko,FG,1,10,FG35,"V,1,10,V35","0,2,1","POSS: SPOT:H,H35,Y","Change of possession, SS ball on SS35.","H,1,10,H35",NA,NA,NA,NA,NA,NA,NA,NA,0,NA,NA,NA,NA,NA,NA,NA,NA,NA,NA,NA,NA,NA,NA,NA,NA
SSFG2102,FG,SS,Frankfurt Galaxy,Stuttgart Surge,6/27/2021,Stuttgart,Gazi-Stadion,15:00,18:05,Y,2:05,750,26 C,no wind,partly cloudy,M. Scholz,D. Clemence,S. Heimerdinger,A. Ortmann,J. Scott,C. Beckmann,Y. Hamiko,SS,1,10,SS35,"H,1,10,H35","1,1,2","KO:3,V00 TB:","T. Bronn kickoff 65 yards to the FG0, touchback.","V,1,10,V25",K,NA,NA,NA,NA,NA,NA,NA,1,H,SS,"POSS,1,15:00,35","KO,1,15:00,35",0,0,0:00,POSS,1,15:00,SS35,KO,1,15:00,SS35,NA
SSFG2102,FG,SS,Frankfurt Galaxy,Stuttgart Surge,6/27/2021,Stuttgart,Gazi-Stadion,15:00,18:05,Y,2:05,750,26 C,no wind,partly cloudy,M. Scholz,D. Clemence,S. Heimerdinger,A. Ortmann,J. Scott,C. Beckmann,Y. Hamiko,FG,1,10,FG25,"V,1,10,V25","2,1,3","{DRIVE}:15:00 PASS:7,C,84,V31 OB:","FRANKFURT GALAXY drive start at 15:00, J. Sullivan pass complete to C. Sow for 6 yards to the FG31, out-of-bounds.","V,2,4,V31",P,15:00,Y,NA,NA,NA,NA,NA,2,V,FG,"KO,1,15:00,25","TD,1,09:36,100",9,75,5:24,KO,1,15:00,FG25,TD,1,09:36,SS00,1
SSFG2102,FG,SS,Frankfurt Galaxy,Stuttgart Surge,6/27/2021,Stuttgart,Gazi-Stadion,15:00,18:05,Y,2:05,750,26 C,no wind,partly cloudy,M. Scholz,D. Clemence,S. Heimerdinger,A. Ortmann,J. Scott,C. Beckmann,Y. Hamiko,FG,2,4,FG31,"V,2,4,V31","2,2,4","RUSH:84,V31, TACK:45 PEN:V,OH,A,TM,V12,N","C. Sow rush for no gain to the FG31 (N. Hamulic), PENALTY FG OH 19 yards to the FG12.","V,2,23,V12",R,NA,NA,NA,NA,NA,NA,NA,2,V,FG,"KO,1,15:00,25","TD,1,09:36,100",9,75,5:24,KO,1,15:00,FG25,TD,1,09:36,SS00,1
SSFG2102,FG,SS,Frankfurt Galaxy,Stuttgart Surge,6/27/2021,Stuttgart,Gazi-Stadion,15:00,18:05,Y,2:05,750,26 C,no wind,partly cloudy,M. Scholz,D. Clemence,S. Heimerdinger,A. Ortmann,J. Scott,C. Beckmann,Y. Hamiko,FG,2,23,FG12,"V,2,23,V12","2,3,5","RUSH:7,V27, OB:","J. Sullivan rush for 15 yards to the FG27, out-of-bounds.","V,3,8,V27",R,NA,Y,NA,NA,NA,NA,NA,2,V,FG,"KO,1,15:00,25","TD,1,09:36,100",9,75,5:24,KO,1,15:00,FG25,TD,1,09:36,SS00,1
SSFG2102,FG,SS,Frankfurt Galaxy,Stuttgart Surge,6/27/2021,Stuttgart,Gazi-Stadion,15:00,18:05,Y,2:05,750,26 C,no wind,partly cloudy,M. Scholz,D. Clemence,S. Heimerdinger,A. Ortmann,J. Scott,C. Beckmann,Y. Hamiko,FG,3,8,FG27,"V,3,8,V27","2,4,6","RUSH:7,V48, TACK:3","J. Sullivan rush for 21 yards to the FG48, 1ST DOWN FG (T. Bronn).","V,1,10,V48",R,NA,NA,R,NA,NA,NA,NA,2,V,FG,"KO,1,15:00,25","TD,1,09:36,100",9,75,5:24,KO,1,15:00,FG25,TD,1,09:36,SS00,1
SSFG2102,FG,SS,Frankfurt Galaxy,Stuttgart Surge,6/27/2021,Stuttgart,Gazi-Stadion,15:00,18:05,Y,2:05,750,26 C,no wind,partly cloudy,M. Scholz,D. Clemence,S. Heimerdinger,A. Ortmann,J. Scott,C. Beckmann,Y. Hamiko,FG,1,10,FG48,"V,1,10,V48","2,5,7","PEN:V,UH,A,TM,H48,N",PENALTY FG illegal use of hands 4 yards to the SS48.,"V,1,14,H48",E,NA,NA,NA,NA,NA,NA,NA,2,V,FG,"KO,1,15:00,25","TD,1,09:36,100",9,75,5:24,KO,1,15:00,FG25,TD,1,09:36,SS00,1
SSFG2102,FG,SS,Frankfurt Galaxy,Stuttgart Surge,6/27/2021,Stuttgart,Gazi-Stadion,15:00,18:05,Y,2:05,750,26 C,no wind,partly cloudy,M. Scholz,D. Clemence,S. Heimerdinger,A. Ortmann,J. Scott,C. Beckmann,Y. Hamiko,FG,1,14,SS48,"V,1,14,H48","2,6,8","PASS:7,C,84,H19 OB:","J. Sullivan pass complete to C. Sow for 29 yards to the SS19, 1ST DOWN FG, out-of-bounds.","V,1,10,H19",P,NA,Y,P,NA,NA,NA,NA,2,V,FG,"KO,1,15:00,25","TD,1,09:36,100",9,75,5:24,KO,1,15:00,FG25,TD,1,09:36,SS00,1
SSFG2102,FG,SS,Frankfurt Galaxy,Stuttgart Surge,6/27/2021,Stuttgart,Gazi-Stadion,15:00,18:05,Y,2:05,750,26 C,no wind,partly cloudy,M. Scholz,D. Clemence,S. Heimerdinger,A. Ortmann,J. Scott,C. Beckmann,Y. Hamiko,FG,1,10,SS19,"V,1,10,H19","2,7,9","PASS:7,I,86,*",J. Sullivan pass incomplete to L. Regler.,"V,2,10,H19",P,NA,NA,NA,NA,NA,NA,NA,2,V,FG,"KO,1,15:00,25","TD,1,09:36,100",9,75,5:24,KO,1,15:00,FG25,TD,1,09:36,SS00,1
SSFG2102,FG,SS,Frankfurt Galaxy,Stuttgart Surge,6/27/2021,Stuttgart,Gazi-Stadion,15:00,18:05,Y,2:05,750,26 C,no wind,partly cloudy,M. Scholz,D. Clemence,S. Heimerdinger,A. Ortmann,J. Scott,C. Beckmann,Y. Hamiko,FG,2,10,SS19,"V,2,10,H19","2,8,10","RUSH:7,H16, TACK:98",J. Sullivan rush for 3 yards to the SS16 (M. Fuerst).,"V,3,7,H16",R,NA,NA,NA,NA,NA,NA,NA,2,V,FG,"KO,1,15:00,25","TD,1,09:36,100",9,75,5:24,KO,1,15:00,FG25,TD,1,09:36,SS00,1
SSFG2102,FG,SS,Frankfurt Galaxy,Stuttgart Surge,6/27/2021,Stuttgart,Gazi-Stadion,15:00,18:05,Y,2:05,750,26 C,no wind,partly cloudy,M. Scholz,D. Clemence,S. Heimerdinger,A. Ortmann,J. Scott,C. Beckmann,Y. Hamiko,FG,3,7,SS16,"V,3,7,H16","2,9,11","PASS:7,C,84,H02 OB:","J. Sullivan pass complete to C. Sow for 14 yards to the SS2, 1ST DOWN FG, out-of-bounds.","V,1,0,H02",P,NA,Y,P,NA,NA,NA,NA,2,V,FG,"KO,1,15:00,25","TD,1,09:36,100",9,75,5:24,KO,1,15:00,FG25,TD,1,09:36,SS00,1
SSFG2102,FG,SS,Frankfurt Galaxy,Stuttgart Surge,6/27/2021,Stuttgart,Gazi-Stadion,15:00,18:05,Y,2:05,750,26 C,no wind,partly cloudy,M. Scholz,D. Clemence,S. Heimerdinger,A. Ortmann,J. Scott,C. Beckmann,Y. Hamiko,FG,1,0,SS02,"V,1,0,H02","2,10,12","RUSH:21,H00, T:09:36","G. Adams rush for 2 yards to the SS0, 1ST DOWN FG, TOUCHDOWN, clock 09:36.","V,1,10,H15",R,09:36,NA,R,Y,6,0,NA,2,V,FG,"KO,1,15:00,25","TD,1,09:36,100",9,75,5:24,KO,1,15:00,FG25,TD,1,09:36,SS00,1
SSFG2102,FG,SS,Frankfurt Galaxy,Stuttgart Surge,6/27/2021,Stuttgart,Gazi-Stadion,15:00,18:05,Y,2:05,750,26 C,no wind,partly cloudy,M. Scholz,D. Clemence,S. Heimerdinger,A. Ortmann,J. Scott,C. Beckmann,Y. Hamiko,FG,1,10,SS15,"V,1,10,H15","2,11,13","PAT:K,19,G",N. Strahmann kick attempt good.,"V,1,0,V35",X,NA,NA,NA,Y,7,0,NA,2,V,FG,"KO,1,15:00,25","TD,1,09:36,100",9,75,5:24,KO,1,15:00,FG25,TD,1,09:36,SS00,1
SSFG2102,FG,SS,Frankfurt Galaxy,Stuttgart Surge,6/27/2021,Stuttgart,Gazi-Stadion,15:00,18:05,Y,2:05,750,26 C,no wind,partly cloudy,M. Scholz,D. Clemence,S. Heimerdinger,A. Ortmann,J. Scott,C. Beckmann,Y. Hamiko,FG,1,0,FG35,"V,1,0,V35","2,12,14","KO:19,V35 TB:","N. Strahmann kickoff 0 yards to the FG35, touchback.","H,1,10,H25",K,NA,NA,NA,NA,NA,NA,NA,2,V,FG,"KO,1,15:00,25","TD,1,09:36,100",9,75,5:24,KO,1,15:00,FG25,TD,1,09:36,SS00,1
SSFG2102,FG,SS,Frankfurt Galaxy,Stuttgart Surge,6/27/2021,Stuttgart,Gazi-Stadion,15:00,18:05,Y,2:05,750,26 C,no wind,partly cloudy,M. Scholz,D. Clemence,S. Heimerdinger,A. Ortmann,J. Scott,C. Beckmann,Y. Hamiko,SS,1,10,SS25,"H,1,10,H25","3,1,15",{DRIVE}:09:36,STUTTGART SURGE drive start at 09:36.,"H,1,10,H25",NA,09:36,NA,NA,NA,NA,NA,NA,3,H,SS,"KO,1,09:36,25","PUNT,1,09:36,33",3,8,0:00,KO,1,09:36,SS25,PUNT,1,09:36,SS33,NA
SSFG2102,FG,SS,Frankfurt Galaxy,Stuttgart Surge,6/27/2021,Stuttgart,Gazi-Stadion,15:00,18:05,Y,2:05,750,26 C,no wind,partly cloudy,M. Scholz,D. Clemence,S. Heimerdinger,A. Ortmann,J. Scott,C. Beckmann,Y. Hamiko,SS,1,10,SS25,"H,1,10,H25","3,2,16","RUSH:6,H29, TACK:40,90",J. Wright rush for 4 yards to the SS29 (K. King;M. A. Hor).,"H,2,6,H29",R,NA,NA,NA,NA,NA,NA,NA,3,H,SS,"KO,1,09:36,25","PUNT,1,09:36,33",3,8,0:00,KO,1,09:36,SS25,PUNT,1,09:36,SS33,NA
SSFG2102,FG,SS,Frankfurt Galaxy,Stuttgart Surge,6/27/2021,Stuttgart,Gazi-Stadion,15:00,18:05,Y,2:05,750,26 C,no wind,partly cloudy,M. Scholz,D. Clemence,S. Heimerdinger,A. Ortmann,J. Scott,C. Beckmann,Y. Hamiko,SS,2,6,SS29,"H,2,6,H29","3,3,17","PASS:6,C,4,H33",J. Wright pass complete to A. Eitel for 4 yards to the SS33.,"H,3,2,H33",P,NA,NA,NA,NA,NA,NA,NA,3,H,SS,"KO,1,09:36,25","PUNT,1,09:36,33",3,8,0:00,KO,1,09:36,SS25,PUNT,1,09:36,SS33,NA
SSFG2102,FG,SS,Frankfurt Galaxy,Stuttgart Surge,6/27/2021,Stuttgart,Gazi-Stadion,15:00,18:05,Y,2:05,750,26 C,no wind,partly cloudy,M. Scholz,D. Clemence,S. Heimerdinger,A. Ortmann,J. Scott,C. Beckmann,Y. Hamiko,SS,3,2,SS33,"H,3,2,H33","3,4,18","PEN:H,DG,A,TM,H33,N",PENALTY SS delay of game 0 yards to the SS33.,"H,3,2,H33",E,NA,NA,NA,NA,NA,NA,NA,3,H,SS,"KO,1,09:36,25","PUNT,1,09:36,33",3,8,0:00,KO,1,09:36,SS25,PUNT,1,09:36,SS33,NA
SSFG2102,FG,SS,Frankfurt Galaxy,Stuttgart Surge,6/27/2021,Stuttgart,Gazi-Stadion,15:00,18:05,Y,2:05,750,26 C,no wind,partly cloudy,M. Scholz,D. Clemence,S. Heimerdinger,A. Ortmann,J. Scott,C. Beckmann,Y. Hamiko,SS,3,2,SS33,"H,3,2,H33","3,5,19","PASS:6,I,14,*",J. Wright pass incomplete to L. Geyer.,"H,4,2,H33",P,NA,NA,NA,NA,NA,NA,NA,3,H,SS,"KO,1,09:36,25","PUNT,1,09:36,33",3,8,0:00,KO,1,09:36,SS25,PUNT,1,09:36,SS33,NA
SSFG2102,FG,SS,Frankfurt Galaxy,Stuttgart Surge,6/27/2021,Stuttgart,Gazi-Stadion,15:00,18:05,Y,2:05,750,26 C,no wind,partly cloudy,M. Scholz,D. Clemence,S. Heimerdinger,A. Ortmann,J. Scott,C. Beckmann,Y. Hamiko,SS,4,2,SS33,"H,4,2,H33","3,6,20","PUNT:3,V27 TB:","T. Bronn punt 40 yards to the FG27, touchback.","V,1,10,V25",U,NA,NA,NA,NA,NA,NA,NA,3,H,SS,"KO,1,09:36,25","PUNT,1,09:36,33",3,8,0:00,KO,1,09:36,SS25,PUNT,1,09:36,SS33,NA
SSFG2102,FG,SS,Frankfurt Galaxy,Stuttgart Surge,6/27/2021,Stuttgart,Gazi-Stadion,15:00,18:05,Y,2:05,750,26 C,no wind,partly cloudy,M. Scholz,D. Clemence,S. Heimerdinger,A. Ortmann,J. Scott,C. Beckmann,Y. Hamiko,FG,1,10,FG25,"V,1,10,V25","4,1,21",{DRIVE}:09:36,FRANKFURT GALAXY drive start at 09:36.,"V,1,10,V25",NA,09:36,NA,NA,NA,NA,NA,NA,4,V,FG,"PUNT,1,09:36,25","TD,1,05:42,100",3,75,3:54,PUNT,1,09:36,FG25,TD,1,05:42,SS00,NA
SSFG2102,FG,SS,Frankfurt Galaxy,Stuttgart Surge,6/27/2021,Stuttgart,Gazi-Stadion,15:00,18:05,Y,2:05,750,26 C,no wind,partly cloudy,M. Scholz,D. Clemence,S. Heimerdinger,A. Ortmann,J. Scott,C. Beckmann,Y. Hamiko,FG,1,10,FG25,"V,1,10,V25","4,2,22","RUSH:81,V27, TACK:55",N. Bomba rush for 2 yards to the FG27 (D. Graza).,"V,2,8,V27",R,NA,NA,NA,NA,NA,NA,NA,4,V,FG,"PUNT,1,09:36,25","TD,1,05:42,100",3,75,3:54,PUNT,1,09:36,FG25,TD,1,05:42,SS00,NA
SSFG2102,FG,SS,Frankfurt Galaxy,Stuttgart Surge,6/27/2021,Stuttgart,Gazi-Stadion,15:00,18:05,Y,2:05,750,26 C,no wind,partly cloudy,M. Scholz,D. Clemence,S. Heimerdinger,A. Ortmann,J. Scott,C. Beckmann,Y. Hamiko,FG,2,8,FG27,"V,2,8,V27","4,3,23","PEN:V,OH,A,TM,V17,N",PENALTY FG OH 10 yards to the FG17.,"V,2,18,V17",E,NA,NA,NA,NA,NA,NA,NA,4,V,FG,"PUNT,1,09:36,25","TD,1,05:42,100",3,75,3:54,PUNT,1,09:36,FG25,TD,1,05:42,SS00,NA
SSFG2102,FG,SS,Frankfurt Galaxy,Stuttgart Surge,6/27/2021,Stuttgart,Gazi-Stadion,15:00,18:05,Y,2:05,750,26 C,no wind,partly cloudy,M. Scholz,D. Clemence,S. Heimerdinger,A. Ortmann,J. Scott,C. Beckmann,Y. Hamiko,FG,2,18,FG17,"V,2,18,V17","4,4,24","RUSH:21,V17, TACK:45",G. Adams rush for no gain to the FG17 (N. Hamulic).,"V,3,18,V17",R,NA,NA,NA,NA,NA,NA,NA,4,V,FG,"PUNT,1,09:36,25","TD,1,05:42,100",3,75,3:54,PUNT,1,09:36,FG25,TD,1,05:42,SS00,NA
SSFG2102,FG,SS,Frankfurt Galaxy,Stuttgart Surge,6/27/2021,Stuttgart,Gazi-Stadion,15:00,18:05,Y,2:05,750,26 C,no wind,partly cloudy,M. Scholz,D. Clemence,S. Heimerdinger,A. Ortmann,J. Scott,C. Beckmann,Y. Hamiko,FG,3,18,FG17,"V,3,18,V17","4,5,25","PEN:H,FM,A,TM,V39,N","PENALTY SS face mask 22 yards to the FG39, 1ST DOWN FG.","V,1,10,V39",E,NA,NA,E,NA,NA,NA,NA,4,V,FG,"PUNT,1,09:36,25","TD,1,05:42,100",3,75,3:54,PUNT,1,09:36,FG25,TD,1,05:42,SS00,NA
SSFG2102,FG,SS,Frankfurt Galaxy,Stuttgart Surge,6/27/2021,Stuttgart,Gazi-Stadion,15:00,18:05,Y,2:05,750,26 C,no wind,partly cloudy,M. Scholz,D. Clemence,S. Heimerdinger,A. Ortmann,J. Scott,C. Beckmann,Y. Hamiko,FG,1,10,FG39,"V,1,10,V39","4,6,26","RUSH:21,H00, T:05:42","G. Adams rush for 61 yards to the SS0, 1ST DOWN FG, TOUCHDOWN, clock 05:42.","V,1,10,H15",R,05:42,NA,R,Y,13,0,NA,4,V,FG,"PUNT,1,09:36,25","TD,1,05:42,100",3,75,3:54,PUNT,1,09:36,FG25,TD,1,05:42,SS00,NA
SSFG2102,FG,SS,Frankfurt Galaxy,Stuttgart Surge,6/27/2021,Stuttgart,Gazi-Stadion,15:00,18:05,Y,2:05,750,26 C,no wind,partly cloudy,M. Scholz,D. Clemence,S. Heimerdinger,A. Ortmann,J. Scott,C. Beckmann,Y. Hamiko,FG,1,10,SS15,"V,1,10,H15","4,7,27","PAT:K,15,M",M. Siemssen kick attempt failed.,"V,1,0,V35",X,NA,NA,NA,NA,NA,NA,NA,4,V,FG,"PUNT,1,09:36,25","TD,1,05:42,100",3,75,3:54,PUNT,1,09:36,FG25,TD,1,05:42,SS00,NA
SSFG2102,FG,SS,Frankfurt Galaxy,Stuttgart Surge,6/27/2021,Stuttgart,Gazi-Stadion,15:00,18:05,Y,2:05,750,26 C,no wind,partly cloudy,M. Scholz,D. Clemence,S. Heimerdinger,A. Ortmann,J. Scott,C. Beckmann,Y. Hamiko,FG,1,0,FG35,"V,1,0,V35","4,8,28","KO:19,H21 RET:26,H21 TACK:25","N. Strahmann kickoff 44 yards to the SS21, R. Pein return 0 yards to the SS21 (B. Barnes).","H,1,10,H21",K,NA,NA,NA,NA,NA,NA,NA,4,V,FG,"PUNT,1,09:36,25","TD,1,05:42,100",3,75,3:54,PUNT,1,09:36,FG25,TD,1,05:42,SS00,NA
SSFG2102,FG,SS,Frankfurt Galaxy,Stuttgart Surge,6/27/2021,Stuttgart,Gazi-Stadion,15:00,18:05,Y,2:05,750,26 C,no wind,partly cloudy,M. Scholz,D. Clemence,S. Heimerdinger,A. Ortmann,J. Scott,C. Beckmann,Y. Hamiko,SS,1,10,SS21,"H,1,10,H21","5,1,29",{DRIVE}:05:42,STUTTGART SURGE drive start at 05:42.,"H,1,10,H21",NA,05:42,NA,NA,NA,NA,NA,NA,5,H,SS,"KO,1,05:42,21","PUNT,1,05:42,26",2,5,0:00,KO,1,05:42,SS21,PUNT,1,05:42,SS26,NA
SSFG2102,FG,SS,Frankfurt Galaxy,Stuttgart Surge,6/27/2021,Stuttgart,Gazi-Stadion,15:00,18:05,Y,2:05,750,26 C,no wind,partly cloudy,M. Scholz,D. Clemence,S. Heimerdinger,A. Ortmann,J. Scott,C. Beckmann,Y. Hamiko,SS,1,10,SS21,"H,1,10,H21","5,2,30","RUSH:27,H26, TACK:40",S. Shannon rush for 5 yards to the SS26 (K. King).,"H,2,5,H26",R,NA,NA,NA,NA,NA,NA,NA,5,H,SS,"KO,1,05:42,21","PUNT,1,05:42,26",2,5,0:00,KO,1,05:42,SS21,PUNT,1,05:42,SS26,NA
SSFG2102,FG,SS,Frankfurt Galaxy,Stuttgart Surge,6/27/2021,Stuttgart,Gazi-Stadion,15:00,18:05,Y,2:05,750,26 C,no wind,partly cloudy,M. Scholz,D. Clemence,S. Heimerdinger,A. Ortmann,J. Scott,C. Beckmann,Y. Hamiko,SS,2,5,SS26,"H,2,5,H26","5,3,31","RUSH:27,H26, TACK:56",S. Shannon rush for no gain to the SS26 (S. Silva Gomez).,"H,3,5,H26",R,NA,NA,NA,NA,NA,NA,NA,5,H,SS,"KO,1,05:42,21","PUNT,1,05:42,26",2,5,0:00,KO,1,05:42,SS21,PUNT,1,05:42,SS26,NA
SSFG2102,FG,SS,Frankfurt Galaxy,Stuttgart Surge,6/27/2021,Stuttgart,Gazi-Stadion,15:00,18:05,Y,2:05,750,26 C,no wind,partly cloudy,M. Scholz,D. Clemence,S. Heimerdinger,A. Ortmann,J. Scott,C. Beckmann,Y. Hamiko,SS,3,5,SS26,"H,3,5,H26","5,4,32","PUNT:3,V49",T. Bronn punt 25 yards to the FG49.,"V,1,10,V49",U,NA,NA,NA,NA,NA,NA,NA,5,H,SS,"KO,1,05:42,21","PUNT,1,05:42,26",2,5,0:00,KO,1,05:42,SS21,PUNT,1,05:42,SS26,NA
SSFG2102,FG,SS,Frankfurt Galaxy,Stuttgart Surge,6/27/2021,Stuttgart,Gazi-Stadion,15:00,18:05,Y,2:05,750,26 C,no wind,partly cloudy,M. Scholz,D. Clemence,S. Heimerdinger,A. Ortmann,J. Scott,C. Beckmann,Y. Hamiko,FG,1,10,FG49,"V,1,10,V49","6,1,33",{DRIVE}:05:42,FRANKFURT GALAXY drive start at 05:42.,"V,1,10,V49",NA,05:42,NA,NA,NA,NA,NA,NA,6,V,FG,"PUNT,1,05:42,49","DOWNS,2,15:00,99",9,50,5:42,PUNT,1,05:42,FG49,DOWNS,2,15:00,SS01,1
SSFG2102,FG,SS,Frankfurt Galaxy,Stuttgart Surge,6/27/2021,Stuttgart,Gazi-Stadion,15:00,18:05,Y,2:05,750,26 C,no wind,partly cloudy,M. Scholz,D. Clemence,S. Heimerdinger,A. Ortmann,J. Scott,C. Beckmann,Y. Hamiko,FG,1,10,FG49,"V,1,10,V49","6,2,34","RUSH:21,H42, TACK:72,20",G. Adams rush for 9 yards to the SS42 (D. Pisaric;D. Warren).,"V,2,1,H42",R,NA,NA,NA,NA,NA,NA,NA,6,V,FG,"PUNT,1,05:42,49","DOWNS,2,15:00,99",9,50,5:42,PUNT,1,05:42,FG49,DOWNS,2,15:00,SS01,1
SSFG2102,FG,SS,Frankfurt Galaxy,Stuttgart Surge,6/27/2021,Stuttgart,Gazi-Stadion,15:00,18:05,Y,2:05,750,26 C,no wind,partly cloudy,M. Scholz,D. Clemence,S. Heimerdinger,A. Ortmann,J. Scott,C. Beckmann,Y. Hamiko,FG,2,1,SS42,"V,2,1,H42","6,3,35","PASS:7,C,84,H34 TACK:33","J. Sullivan pass complete to C. Sow for 8 yards to the SS34, 1ST DOWN FG (B. Wenzler).","V,1,10,H34",P,NA,NA,P,NA,NA,NA,NA,6,V,FG,"PUNT,1,05:42,49","DOWNS,2,15:00,99",9,50,5:42,PUNT,1,05:42,FG49,DOWNS,2,15:00,SS01,1
SSFG2102,FG,SS,Frankfurt Galaxy,Stuttgart Surge,6/27/2021,Stuttgart,Gazi-Stadion,15:00,18:05,Y,2:05,750,26 C,no wind,partly cloudy,M. Scholz,D. Clemence,S. Heimerdinger,A. Ortmann,J. Scott,C. Beckmann,Y. Hamiko,FG,1,10,SS34,"V,1,10,H34","6,4,36","RUSH:7,H27, TACK:37,45",J. Sullivan rush for 7 yards to the SS27 (K. Bannasch;N. Hamulic).,"V,2,3,H27",R,NA,NA,NA,NA,NA,NA,NA,6,V,FG,"PUNT,1,05:42,49","DOWNS,2,15:00,99",9,50,5:42,PUNT,1,05:42,FG49,DOWNS,2,15:00,SS01,1
SSFG2102,FG,SS,Frankfurt Galaxy,Stuttgart Surge,6/27/2021,Stuttgart,Gazi-Stadion,15:00,18:05,Y,2:05,750,26 C,no wind,partly cloudy,M. Scholz,D. Clemence,S. Heimerdinger,A. Ortmann,J. Scott,C. Beckmann,Y. Hamiko,FG,2,3,SS27,"V,2,3,H27","6,5,37","RUSH:22,H23, TACK:44","G. Ameln rush for 4 yards to the SS23, 1ST DOWN FG (J. Mbala).","V,1,10,H23",R,NA,NA,R,NA,NA,NA,NA,6,V,FG,"PUNT,1,05:42,49","DOWNS,2,15:00,99",9,50,5:42,PUNT,1,05:42,FG49,DOWNS,2,15:00,SS01,1
SSFG2102,FG,SS,Frankfurt Galaxy,Stuttgart Surge,6/27/2021,Stuttgart,Gazi-Stadion,15:00,18:05,Y,2:05,750,26 C,no wind,partly cloudy,M. Scholz,D. Clemence,S. Heimerdinger,A. Ortmann,J. Scott,C. Beckmann,Y. Hamiko,FG,1,10,SS23,"V,1,10,H23","6,6,38","PASS:7,C,84,H09 TACK:20,8","J. Sullivan pass complete to C. Sow for 14 yards to the SS9, 1ST DOWN FG (D. Warren;8).","V,1,0,H09",P,NA,NA,P,NA,NA,NA,NA,6,V,FG,"PUNT,1,05:42,49","DOWNS,2,15:00,99",9,50,5:42,PUNT,1,05:42,FG49,DOWNS,2,15:00,SS01,1
SSFG2102,FG,SS,Frankfurt Galaxy,Stuttgart Surge,6/27/2021,Stuttgart,Gazi-Stadion,15:00,18:05,Y,2:05,750,26 C,no wind,partly cloudy,M. Scholz,D. Clemence,S. Heimerdinger,A. Ortmann,J. Scott,C. Beckmann,Y. Hamiko,FG,1,0,SS09,"V,1,0,H09","6,7,39","PASS:7,C,13,H05 TACK:33",J. Sullivan pass complete to M. Rutsch for 4 yards to the SS5 (B. Wenzler).,"V,2,0,H05",P,NA,NA,NA,NA,NA,NA,NA,6,V,FG,"PUNT,1,05:42,49","DOWNS,2,15:00,99",9,50,5:42,PUNT,1,05:42,FG49,DOWNS,2,15:00,SS01,1
SSFG2102,FG,SS,Frankfurt Galaxy,Stuttgart Surge,6/27/2021,Stuttgart,Gazi-Stadion,15:00,18:05,Y,2:05,750,26 C,no wind,partly cloudy,M. Scholz,D. Clemence,S. Heimerdinger,A. Ortmann,J. Scott,C. Beckmann,Y. Hamiko,FG,2,0,SS05,"V,2,0,H05","6,8,40",Q:2 T:15:00,"Start of 2nd quarter, clock 15:00.","V,2,0,H05",#,15:00,NA,NA,NA,NA,NA,NA,6,V,FG,"PUNT,1,05:42,49","DOWNS,2,15:00,99",9,50,5:42,PUNT,1,05:42,FG49,DOWNS,2,15:00,SS01,1
SSFG2102,FG,SS,Frankfurt Galaxy,Stuttgart Surge,6/27/2021,Stuttgart,Gazi-Stadion,15:00,18:05,Y,2:05,750,26 C,no wind,partly cloudy,M. Scholz,D. Clemence,S. Heimerdinger,A. Ortmann,J. Scott,C. Beckmann,Y. Hamiko,FG,2,0,SS05,"V,2,0,H05","6,9,41","PASS:7,I,19,*",J. Sullivan pass incomplete to N. Strahmann.,"V,3,0,H05",P,NA,NA,NA,NA,NA,NA,NA,6,V,FG,"PUNT,1,05:42,49","DOWNS,2,15:00,99",9,50,5:42,PUNT,1,05:42,FG49,DOWNS,2,15:00,SS01,1
SSFG2102,FG,SS,Frankfurt Galaxy,Stuttgart Surge,6/27/2021,Stuttgart,Gazi-Stadion,15:00,18:05,Y,2:05,750,26 C,no wind,partly cloudy,M. Scholz,D. Clemence,S. Heimerdinger,A. Ortmann,J. Scott,C. Beckmann,Y. Hamiko,FG,3,0,SS05,"V,3,0,H05","6,10,42","PASS:7,I,14,*",J. Sullivan pass incomplete to J. Poznanski.,"V,4,0,H05",P,NA,NA,NA,NA,NA,NA,NA,6,V,FG,"PUNT,1,05:42,49","DOWNS,2,15:00,99",9,50,5:42,PUNT,1,05:42,FG49,DOWNS,2,15:00,SS01,1
SSFG2102,FG,SS,Frankfurt Galaxy,Stuttgart Surge,6/27/2021,Stuttgart,Gazi-Stadion,15:00,18:05,Y,2:05,750,26 C,no wind,partly cloudy,M. Scholz,D. Clemence,S. Heimerdinger,A. Ortmann,J. Scott,C. Beckmann,Y. Hamiko,FG,4,0,SS05,"V,4,0,H05","6,11,43","RUSH:21,H01, TACK:20",G. Adams rush for 4 yards to the SS1 (D. Warren).,"H,1,10,H01",R,NA,NA,NA,NA,NA,NA,NA,6,V,FG,"PUNT,1,05:42,49","DOWNS,2,15:00,99",9,50,5:42,PUNT,1,05:42,FG49,DOWNS,2,15:00,SS01,1
SSFG2102,FG,SS,Frankfurt Galaxy,Stuttgart Surge,6/27/2021,Stuttgart,Gazi-Stadion,15:00,18:05,Y,2:05,750,26 C,no wind,partly cloudy,M. Scholz,D. Clemence,S. Heimerdinger,A. Ortmann,J. Scott,C. Beckmann,Y. Hamiko,SS,1,10,SS01,"H,1,10,H01","7,1,44",{DRIVE}:15:00,STUTTGART SURGE drive start at 15:00.,"H,1,10,H01",NA,15:00,NA,NA,NA,NA,NA,NA,7,H,SS,"DOWNS,2,15:00,1","POSS,2,15:00,1",0,0,0:00,DOWNS,2,15:00,SS01,POSS,2,15:00,SS01,NA
SSFG2102,FG,SS,Frankfurt Galaxy,Stuttgart Surge,6/27/2021,Stuttgart,Gazi-Stadion,15:00,18:05,Y,2:05,750,26 C,no wind,partly cloudy,M. Scholz,D. Clemence,S. Heimerdinger,A. Ortmann,J. Scott,C. Beckmann,Y. Hamiko,SS,1,10,SS01,"H,1,10,H01","7,2,45","POSS: SPOT:V,H01,Y D:3,1","Change of possession, FG ball on SS1, 3rd and 1.","V,3,0,H01",NA,NA,NA,NA,NA,NA,NA,NA,7,H,SS,"DOWNS,2,15:00,1","POSS,2,15:00,1",0,0,0:00,DOWNS,2,15:00,SS01,POSS,2,15:00,SS01,NA
SSFG2102,FG,SS,Frankfurt Galaxy,Stuttgart Surge,6/27/2021,Stuttgart,Gazi-Stadion,15:00,18:05,Y,2:05,750,26 C,no wind,partly cloudy,M. Scholz,D. Clemence,S. Heimerdinger,A. Ortmann,J. Scott,C. Beckmann,Y. Hamiko,FG,3,0,SS01,"V,3,0,H01","8,1,46",{DRIVE}:15:00,FRANKFURT GALAXY drive start at 15:00.,"V,3,0,H01",NA,15:00,NA,NA,NA,NA,NA,NA,8,V,FG,"POSS,2,15:00,99","TD,2,13:21,100",1,1,1:39,POSS,2,15:00,SS01,TD,2,13:21,SS00,1
SSFG2102,FG,SS,Frankfurt Galaxy,Stuttgart Surge,6/27/2021,Stuttgart,Gazi-Stadion,15:00,18:05,Y,2:05,750,26 C,no wind,partly cloudy,M. Scholz,D. Clemence,S. Heimerdinger,A. Ortmann,J. Scott,C. Beckmann,Y. Hamiko,FG,3,0,SS01,"V,3,0,H01","8,2,47","PASS:7,C,13,H00 T:13:21","J. Sullivan pass complete to M. Rutsch for 1 yard to the SS0, 1ST DOWN FG, TOUCHDOWN, clock 13:21.","V,1,10,H15",P,13:21,NA,P,Y,19,0,NA,8,V,FG,"POSS,2,15:00,99","TD,2,13:21,100",1,1,1:39,POSS,2,15:00,SS01,TD,2,13:21,SS00,1
SSFG2102,FG,SS,Frankfurt Galaxy,Stuttgart Surge,6/27/2021,Stuttgart,Gazi-Stadion,15:00,18:05,Y,2:05,750,26 C,no wind,partly cloudy,M. Scholz,D. Clemence,S. Heimerdinger,A. Ortmann,J. Scott,C. Beckmann,Y. Hamiko,FG,1,10,SS15,"V,1,10,H15","8,3,48","PAT:K,15,G",M. Siemssen kick attempt good.,"V,1,0,V35",X,NA,NA,NA,Y,20,0,NA,8,V,FG,"POSS,2,15:00,99","TD,2,13:21,100",1,1,1:39,POSS,2,15:00,SS01,TD,2,13:21,SS00,1
SSFG2102,FG,SS,Frankfurt Galaxy,Stuttgart Surge,6/27/2021,Stuttgart,Gazi-Stadion,15:00,18:05,Y,2:05,750,26 C,no wind,partly cloudy,M. Scholz,D. Clemence,S. Heimerdinger,A. Ortmann,J. Scott,C. Beckmann,Y. Hamiko,FG,1,0,FG35,"V,1,0,V35","8,4,49","KO:19,H00 TB:","N. Strahmann kickoff 65 yards to the SS0, touchback.","H,1,10,H25",K,NA,NA,NA,NA,NA,NA,NA,8,V,FG,"POSS,2,15:00,99","TD,2,13:21,100",1,1,1:39,POSS,2,15:00,SS01,TD,2,13:21,SS00,1
SSFG2102,FG,SS,Frankfurt Galaxy,Stuttgart Surge,6/27/2021,Stuttgart,Gazi-Stadion,15:00,18:05,Y,2:05,750,26 C,no wind,partly cloudy,M. Scholz,D. Clemence,S. Heimerdinger,A. Ortmann,J. Scott,C. Beckmann,Y. Hamiko,SS,1,10,SS25,"H,1,10,H25","9,1,50",{DRIVE}:13:21,STUTTGART SURGE drive start at 13:21.,"H,1,10,H25",NA,13:21,NA,NA,NA,NA,NA,NA,9,H,SS,"KO,2,13:21,25","PUNT,2,13:21,37",5,12,0:00,KO,2,13:21,SS25,PUNT,2,13:21,SS37,NA
SSFG2102,FG,SS,Frankfurt Galaxy,Stuttgart Surge,6/27/2021,Stuttgart,Gazi-Stadion,15:00,18:05,Y,2:05,750,26 C,no wind,partly cloudy,M. Scholz,D. Clemence,S. Heimerdinger,A. Ortmann,J. Scott,C. Beckmann,Y. Hamiko,SS,1,10,SS25,"H,1,10,H25","9,2,51","PASS:6,C,5,H30 TACK:46,56",J. Wright pass complete to D. Meza for 5 yards to the SS30 (O. Ogbevoen;S. Silva Gomez).,"H,2,5,H30",P,NA,NA,NA,NA,NA,NA,NA,9,H,SS,"KO,2,13:21,25","PUNT,2,13:21,37",5,12,0:00,KO,2,13:21,SS25,PUNT,2,13:21,SS37,NA
SSFG2102,FG,SS,Frankfurt Galaxy,Stuttgart Surge,6/27/2021,Stuttgart,Gazi-Stadion,15:00,18:05,Y,2:05,750,26 C,no wind,partly cloudy,M. Scholz,D. Clemence,S. Heimerdinger,A. Ortmann,J. Scott,C. Beckmann,Y. Hamiko,SS,2,5,SS30,"H,2,5,H30","9,3,52","PASS:6,I,TM,*",J. Wright pass incomplete.,"H,3,5,H30",P,NA,NA,NA,NA,NA,NA,NA,9,H,SS,"KO,2,13:21,25","PUNT,2,13:21,37",5,12,0:00,KO,2,13:21,SS25,PUNT,2,13:21,SS37,NA
SSFG2102,FG,SS,Frankfurt Galaxy,Stuttgart Surge,6/27/2021,Stuttgart,Gazi-Stadion,15:00,18:05,Y,2:05,750,26 C,no wind,partly cloudy,M. Scholz,D. Clemence,S. Heimerdinger,A. Ortmann,J. Scott,C. Beckmann,Y. Hamiko,SS,3,5,SS30,"H,3,5,H30","9,4,53","PASS:6,C,87,H38 TACK:14","J. Wright pass complete to D. Rofalski for 8 yards to the SS38, 1ST DOWN SS (J. Poznanski).","H,1,10,H38",P,NA,NA,P,NA,NA,NA,NA,9,H,SS,"KO,2,13:21,25","PUNT,2,13:21,37",5,12,0:00,KO,2,13:21,SS25,PUNT,2,13:21,SS37,NA
SSFG2102,FG,SS,Frankfurt Galaxy,Stuttgart Surge,6/27/2021,Stuttgart,Gazi-Stadion,15:00,18:05,Y,2:05,750,26 C,no wind,partly cloudy,M. Scholz,D. Clemence,S. Heimerdinger,A. Ortmann,J. Scott,C. Beckmann,Y. Hamiko,SS,1,10,SS38,"H,1,10,H38","9,5,54","RUSH:48,H38, TACK:40",T. Stickel rush for no gain to the SS38 (K. King).,"H,2,10,H38",R,NA,NA,NA,NA,NA,NA,NA,9,H,SS,"KO,2,13:21,25","PUNT,2,13:21,37",5,12,0:00,KO,2,13:21,SS25,PUNT,2,13:21,SS37,NA
SSFG2102,FG,SS,Frankfurt Galaxy,Stuttgart Surge,6/27/2021,Stuttgart,Gazi-Stadion,15:00,18:05,Y,2:05,750,26 C,no wind,partly cloudy,M. Scholz,D. Clemence,S. Heimerdinger,A. Ortmann,J. Scott,C. Beckmann,Y. Hamiko,SS,2,10,SS38,"H,2,10,H38","9,6,55","RUSH:6,H37,",J. Wright rush for loss of 1 yard to the SS37.,"H,3,11,H37",R,NA,NA,NA,NA,NA,NA,NA,9,H,SS,"KO,2,13:21,25","PUNT,2,13:21,37",5,12,0:00,KO,2,13:21,SS25,PUNT,2,13:21,SS37,NA
SSFG2102,FG,SS,Frankfurt Galaxy,Stuttgart Surge,6/27/2021,Stuttgart,Gazi-Stadion,15:00,18:05,Y,2:05,750,26 C,no wind,partly cloudy,M. Scholz,D. Clemence,S. Heimerdinger,A. Ortmann,J. Scott,C. Beckmann,Y. Hamiko,SS,3,11,SS37,"H,3,11,H37","9,7,56","PUNT:3,V31 RET:22,V30","T. Bronn punt 32 yards to the FG31, G. Ameln return -1 yards to the FG30.","V,1,10,V30",U,NA,NA,NA,NA,NA,NA,NA,9,H,SS,"KO,2,13:21,25","PUNT,2,13:21,37",5,12,0:00,KO,2,13:21,SS25,PUNT,2,13:21,SS37,NA
SSFG2102,FG,SS,Frankfurt Galaxy,Stuttgart Surge,6/27/2021,Stuttgart,Gazi-Stadion,15:00,18:05,Y,2:05,750,26 C,no wind,partly cloudy,M. Scholz,D. Clemence,S. Heimerdinger,A. Ortmann,J. Scott,C. Beckmann,Y. Hamiko,FG,1,10,FG30,"V,1,10,V30","10,1,57",{DRIVE}:13:21,FRANKFURT GALAXY drive start at 13:21.,"V,1,10,V30",NA,13:21,NA,NA,NA,NA,NA,NA,10,V,FG,"PUNT,2,13:21,30","FGA,2,05:17,79",9,49,8:04,PUNT,2,13:21,FG30,FGA,2,05:17,SS21,NA
SSFG2102,FG,SS,Frankfurt Galaxy,Stuttgart Surge,6/27/2021,Stuttgart,Gazi-Stadion,15:00,18:05,Y,2:05,750,26 C,no wind,partly cloudy,M. Scholz,D. Clemence,S. Heimerdinger,A. Ortmann,J. Scott,C. Beckmann,Y. Hamiko,FG,1,10,FG30,"V,1,10,V30","10,2,58","RUSH:21,H45, TACK:97","G. Adams rush for 25 yards to the SS45, 1ST DOWN FG (P. Ungericht).","V,1,10,H45",R,NA,NA,R,NA,NA,NA,NA,10,V,FG,"PUNT,2,13:21,30","FGA,2,05:17,79",9,49,8:04,PUNT,2,13:21,FG30,FGA,2,05:17,SS21,NA
SSFG2102,FG,SS,Frankfurt Galaxy,Stuttgart Surge,6/27/2021,Stuttgart,Gazi-Stadion,15:00,18:05,Y,2:05,750,26 C,no wind,partly cloudy,M. Scholz,D. Clemence,S. Heimerdinger,A. Ortmann,J. Scott,C. Beckmann,Y. Hamiko,FG,1,10,SS45,"V,1,10,H45","10,3,59","PASS:7,I,85,* BRUP:85",J. Sullivan pass incomplete to M. Hachenberg (P. Weiblen).,"V,2,10,H45",P,NA,NA,NA,NA,NA,NA,NA,10,V,FG,"PUNT,2,13:21,30","FGA,2,05:17,79",9,49,8:04,PUNT,2,13:21,FG30,FGA,2,05:17,SS21,NA
SSFG2102,FG,SS,Frankfurt Galaxy,Stuttgart Surge,6/27/2021,Stuttgart,Gazi-Stadion,15:00,18:05,Y,2:05,750,26 C,no wind,partly cloudy,M. Scholz,D. Clemence,S. Heimerdinger,A. Ortmann,J. Scott,C. Beckmann,Y. Hamiko,FG,2,10,SS45,"V,2,10,H45","10,4,60","RUSH:21,H42, TACK:20,44",G. Adams rush for 3 yards to the SS42 (D. Warren;J. Mbala).,"V,3,7,H42",R,NA,NA,NA,NA,NA,NA,NA,10,V,FG,"PUNT,2,13:21,30","FGA,2,05:17,79",9,49,8:04,PUNT,2,13:21,FG30,FGA,2,05:17,SS21,NA
SSFG2102,FG,SS,Frankfurt Galaxy,Stuttgart Surge,6/27/2021,Stuttgart,Gazi-Stadion,15:00,18:05,Y,2:05,750,26 C,no wind,partly cloudy,M. Scholz,D. Clemence,S. Heimerdinger,A. Ortmann,J. Scott,C. Beckmann,Y. Hamiko,FG,3,7,SS42,"V,3,7,H42","10,5,61","PASS:7,I,24,*",J. Sullivan pass incomplete to R. Maier.,"V,4,7,H42",P,NA,NA,NA,NA,NA,NA,NA,10,V,FG,"PUNT,2,13:21,30","FGA,2,05:17,79",9,49,8:04,PUNT,2,13:21,FG30,FGA,2,05:17,SS21,NA
SSFG2102,FG,SS,Frankfurt Galaxy,Stuttgart Surge,6/27/2021,Stuttgart,Gazi-Stadion,15:00,18:05,Y,2:05,750,26 C,no wind,partly cloudy,M. Scholz,D. Clemence,S. Heimerdinger,A. Ortmann,J. Scott,C. Beckmann,Y. Hamiko,FG,4,7,SS42,"V,4,7,H42","10,6,62","PEN:H,DOF,O PEN:V,OH,O NOPLAY:","PENALTY SS DOF off-setting, PENALTY FG OH off-setting, NO PLAY.","V,4,7,H42",E,NA,NA,NA,NA,NA,NA,NA,10,V,FG,"PUNT,2,13:21,30","FGA,2,05:17,79",9,49,8:04,PUNT,2,13:21,FG30,FGA,2,05:17,SS21,NA
SSFG2102,FG,SS,Frankfurt Galaxy,Stuttgart Surge,6/27/2021,Stuttgart,Gazi-Stadion,15:00,18:05,Y,2:05,750,26 C,no wind,partly cloudy,M. Scholz,D. Clemence,S. Heimerdinger,A. Ortmann,J. Scott,C. Beckmann,Y. Hamiko,FG,4,7,SS42,"V,4,7,H42","10,7,63","PASS:7,C,19,H27 TACK:44","J. Sullivan pass complete to N. Strahmann for 15 yards to the SS27, 1ST DOWN FG (J. Mbala).","V,1,10,H27",P,NA,NA,P,NA,NA,NA,NA,10,V,FG,"PUNT,2,13:21,30","FGA,2,05:17,79",9,49,8:04,PUNT,2,13:21,FG30,FGA,2,05:17,SS21,NA
SSFG2102,FG,SS,Frankfurt Galaxy,Stuttgart Surge,6/27/2021,Stuttgart,Gazi-Stadion,15:00,18:05,Y,2:05,750,26 C,no wind,partly cloudy,M. Scholz,D. Clemence,S. Heimerdinger,A. Ortmann,J. Scott,C. Beckmann,Y. Hamiko,FG,1,10,SS27,"V,1,10,H27","10,8,64","RUSH:21,H26, TACK:20",G. Adams rush for 1 yard to the SS26 (D. Warren).,"V,2,9,H26",R,NA,NA,NA,NA,NA,NA,NA,10,V,FG,"PUNT,2,13:21,30","FGA,2,05:17,79",9,49,8:04,PUNT,2,13:21,FG30,FGA,2,05:17,SS21,NA
SSFG2102,FG,SS,Frankfurt Galaxy,Stuttgart Surge,6/27/2021,Stuttgart,Gazi-Stadion,15:00,18:05,Y,2:05,750,26 C,no wind,partly cloudy,M. Scholz,D. Clemence,S. Heimerdinger,A. Ortmann,J. Scott,C. Beckmann,Y. Hamiko,FG,2,9,SS26,"V,2,9,H26","10,9,65","PASS:7,C,19,H22 TACK:21,8",J. Sullivan pass complete to N. Strahmann for 4 yards to the SS22 (J. Jacob;8).,"V,3,5,H22",P,NA,NA,NA,NA,NA,NA,NA,10,V,FG,"PUNT,2,13:21,30","FGA,2,05:17,79",9,49,8:04,PUNT,2,13:21,FG30,FGA,2,05:17,SS21,NA
SSFG2102,FG,SS,Frankfurt Galaxy,Stuttgart Surge,6/27/2021,Stuttgart,Gazi-Stadion,15:00,18:05,Y,2:05,750,26 C,no wind,partly cloudy,M. Scholz,D. Clemence,S. Heimerdinger,A. Ortmann,J. Scott,C. Beckmann,Y. Hamiko,FG,3,5,SS22,"V,3,5,H22","10,10,66","RUSH:7,H21, TACK:20",J. Sullivan rush for 1 yard to the SS21 (D. Warren).,"V,4,4,H21",R,NA,NA,NA,NA,NA,NA,NA,10,V,FG,"PUNT,2,13:21,30","FGA,2,05:17,79",9,49,8:04,PUNT,2,13:21,FG30,FGA,2,05:17,SS21,NA
SSFG2102,FG,SS,Frankfurt Galaxy,Stuttgart Surge,6/27/2021,Stuttgart,Gazi-Stadion,15:00,18:05,Y,2:05,750,26 C,no wind,partly cloudy,M. Scholz,D. Clemence,S. Heimerdinger,A. Ortmann,J. Scott,C. Beckmann,Y. Hamiko,FG,4,4,SS21,"V,4,4,H21","10,11,67","FGA:15,39,M,H29,L T:05:17","M. Siemssen field goal attempt from 39 MISSED - wide left, spot at SS29, clock 05:17.","H,1,10,H29",F,05:17,NA,NA,NA,NA,NA,NA,10,V,FG,"PUNT,2,13:21,30","FGA,2,05:17,79",9,49,8:04,PUNT,2,13:21,FG30,FGA,2,05:17,SS21,NA
SSFG2102,FG,SS,Frankfurt Galaxy,Stuttgart Surge,6/27/2021,Stuttgart,Gazi-Stadion,15:00,18:05,Y,2:05,750,26 C,no wind,partly cloudy,M. Scholz,D. Clemence,S. Heimerdinger,A. Ortmann,J. Scott,C. Beckmann,Y. Hamiko,SS,1,10,SS29,"H,1,10,H29","11,1,68",{DRIVE}:05:17,STUTTGART SURGE drive start at 05:17.,"H,1,10,H29",NA,05:17,NA,NA,NA,NA,NA,NA,11,H,SS,"FGA,2,05:17,29","PUNT,2,04:32,29",3,0,0:45,FGA,2,05:17,SS29,PUNT,2,04:32,SS29,NA
SSFG2102,FG,SS,Frankfurt Galaxy,Stuttgart Surge,6/27/2021,Stuttgart,Gazi-Stadion,15:00,18:05,Y,2:05,750,26 C,no wind,partly cloudy,M. Scholz,D. Clemence,S. Heimerdinger,A. Ortmann,J. Scott,C. Beckmann,Y. Hamiko,SS,1,10,SS29,"H,1,10,H29","11,2,69","PASS:6,I,5,*",J. Wright pass incomplete to D. Meza.,"H,2,10,H29",P,NA,NA,NA,NA,NA,NA,NA,11,H,SS,"FGA,2,05:17,29","PUNT,2,04:32,29",3,0,0:45,FGA,2,05:17,SS29,PUNT,2,04:32,SS29,NA
SSFG2102,FG,SS,Frankfurt Galaxy,Stuttgart Surge,6/27/2021,Stuttgart,Gazi-Stadion,15:00,18:05,Y,2:05,750,26 C,no wind,partly cloudy,M. Scholz,D. Clemence,S. Heimerdinger,A. Ortmann,J. Scott,C. Beckmann,Y. Hamiko,SS,2,10,SS29,"H,2,10,H29","11,3,70","RUSH:44,H29,",J. Mbala rush for no gain to the SS29.,"H,3,10,H29",R,NA,NA,NA,NA,NA,NA,NA,11,H,SS,"FGA,2,05:17,29","PUNT,2,04:32,29",3,0,0:45,FGA,2,05:17,SS29,PUNT,2,04:32,SS29,NA
SSFG2102,FG,SS,Frankfurt Galaxy,Stuttgart Surge,6/27/2021,Stuttgart,Gazi-Stadion,15:00,18:05,Y,2:05,750,26 C,no wind,partly cloudy,M. Scholz,D. Clemence,S. Heimerdinger,A. Ortmann,J. Scott,C. Beckmann,Y. Hamiko,SS,3,10,SS29,"H,3,10,H29","11,4,71","PASS:6,I,TM,*",J. Wright pass incomplete.,"H,4,10,H29",P,NA,NA,NA,NA,NA,NA,NA,11,H,SS,"FGA,2,05:17,29","PUNT,2,04:32,29",3,0,0:45,FGA,2,05:17,SS29,PUNT,2,04:32,SS29,NA
SSFG2102,FG,SS,Frankfurt Galaxy,Stuttgart Surge,6/27/2021,Stuttgart,Gazi-Stadion,15:00,18:05,Y,2:05,750,26 C,no wind,partly cloudy,M. Scholz,D. Clemence,S. Heimerdinger,A. Ortmann,J. Scott,C. Beckmann,Y. Hamiko,SS,4,10,SS29,"H,4,10,H29","11,5,72","PUNT:3,V45",T. Bronn punt 26 yards to the FG45.,"V,1,10,V45",U,NA,NA,NA,NA,NA,NA,NA,11,H,SS,"FGA,2,05:17,29","PUNT,2,04:32,29",3,0,0:45,FGA,2,05:17,SS29,PUNT,2,04:32,SS29,NA
SSFG2102,FG,SS,Frankfurt Galaxy,Stuttgart Surge,6/27/2021,Stuttgart,Gazi-Stadion,15:00,18:05,Y,2:05,750,26 C,no wind,partly cloudy,M. Scholz,D. Clemence,S. Heimerdinger,A. Ortmann,J. Scott,C. Beckmann,Y. Hamiko,FG,1,10,FG45,"V,1,10,V45","12,1,73",{DRIVE}:04:32,FRANKFURT GALAXY drive start at 04:32.,"V,1,10,V45",NA,04:32,NA,NA,NA,NA,NA,NA,12,V,FG,"PUNT,2,04:32,45","PUNT,2,02:08,48",3,3,2:24,PUNT,2,04:32,FG45,PUNT,2,02:08,FG48,NA
SSFG2102,FG,SS,Frankfurt Galaxy,Stuttgart Surge,6/27/2021,Stuttgart,Gazi-Stadion,15:00,18:05,Y,2:05,750,26 C,no wind,partly cloudy,M. Scholz,D. Clemence,S. Heimerdinger,A. Ortmann,J. Scott,C. Beckmann,Y. Hamiko,FG,1,10,FG45,"V,1,10,V45","12,2,74","RUSH:7,V43,",J. Sullivan rush for loss of 2 yards to the FG43.,"V,2,12,V43",R,NA,NA,NA,NA,NA,NA,NA,12,V,FG,"PUNT,2,04:32,45","PUNT,2,02:08,48",3,3,2:24,PUNT,2,04:32,FG45,PUNT,2,02:08,FG48,NA
SSFG2102,FG,SS,Frankfurt Galaxy,Stuttgart Surge,6/27/2021,Stuttgart,Gazi-Stadion,15:00,18:05,Y,2:05,750,26 C,no wind,partly cloudy,M. Scholz,D. Clemence,S. Heimerdinger,A. Ortmann,J. Scott,C. Beckmann,Y. Hamiko,FG,2,12,FG43,"V,2,12,V43","12,3,75","PASS:7,C,19,V48 TACK:20",J. Sullivan pass complete to N. Strahmann for 5 yards to the FG48 (D. Warren).,"V,3,7,V48",P,NA,NA,NA,NA,NA,NA,NA,12,V,FG,"PUNT,2,04:32,45","PUNT,2,02:08,48",3,3,2:24,PUNT,2,04:32,FG45,PUNT,2,02:08,FG48,NA
SSFG2102,FG,SS,Frankfurt Galaxy,Stuttgart Surge,6/27/2021,Stuttgart,Gazi-Stadion,15:00,18:05,Y,2:05,750,26 C,no wind,partly cloudy,M. Scholz,D. Clemence,S. Heimerdinger,A. Ortmann,J. Scott,C. Beckmann,Y. Hamiko,FG,3,7,FG48,"V,3,7,V48","12,4,76","PASS:7,C,21,V48 TACK:44,91",J. Sullivan pass complete to G. Adams for no gain to the FG48 (J. Mbala;P. Ziebart).,"V,4,7,V48",P,NA,NA,NA,NA,NA,NA,NA,12,V,FG,"PUNT,2,04:32,45","PUNT,2,02:08,48",3,3,2:24,PUNT,2,04:32,FG45,PUNT,2,02:08,FG48,NA
SSFG2102,FG,SS,Frankfurt Galaxy,Stuttgart Surge,6/27/2021,Stuttgart,Gazi-Stadion,15:00,18:05,Y,2:05,750,26 C,no wind,partly cloudy,M. Scholz,D. Clemence,S. Heimerdinger,A. Ortmann,J. Scott,C. Beckmann,Y. Hamiko,FG,4,7,FG48,"V,4,7,V48","12,5,77","PUNT:82,H10",H. Schwarz punt 42 yards to the SS10.,"H,1,10,H10",U,NA,NA,NA,NA,NA,NA,NA,12,V,FG,"PUNT,2,04:32,45","PUNT,2,02:08,48",3,3,2:24,PUNT,2,04:32,FG45,PUNT,2,02:08,FG48,NA
SSFG2102,FG,SS,Frankfurt Galaxy,Stuttgart Surge,6/27/2021,Stuttgart,Gazi-Stadion,15:00,18:05,Y,2:05,750,26 C,no wind,partly cloudy,M. Scholz,D. Clemence,S. Heimerdinger,A. Ortmann,J. Scott,C. Beckmann,Y. Hamiko,SS,1,10,SS10,"H,1,10,H10","13,1,78",{DRIVE}:02:08,STUTTGART SURGE drive start at 02:08.,"H,1,10,H10",NA,02:08,NA,NA,NA,NA,NA,NA,13,H,SS,"PUNT,2,02:08,10","DOWNS,2,01:02,45",6,35,1:06,PUNT,2,02:08,SS10,DOWNS,2,01:02,SS45,NA
SSFG2102,FG,SS,Frankfurt Galaxy,Stuttgart Surge,6/27/2021,Stuttgart,Gazi-Stadion,15:00,18:05,Y,2:05,750,26 C,no wind,partly cloudy,M. Scholz,D. Clemence,S. Heimerdinger,A. Ortmann,J. Scott,C. Beckmann,Y. Hamiko,SS,1,10,SS10,"H,1,10,H10","13,2,79","PASS:6,C,14,H25 TACK:24","J. Wright pass complete to L. Geyer for 15 yards to the SS25, 1ST DOWN SS (R. Maier).","H,1,10,H25",P,NA,NA,P,NA,NA,NA,NA,13,H,SS,"PUNT,2,02:08,10","DOWNS,2,01:02,45",6,35,1:06,PUNT,2,02:08,SS10,DOWNS,2,01:02,SS45,NA
SSFG2102,FG,SS,Frankfurt Galaxy,Stuttgart Surge,6/27/2021,Stuttgart,Gazi-Stadion,15:00,18:05,Y,2:05,750,26 C,no wind,partly cloudy,M. Scholz,D. Clemence,S. Heimerdinger,A. Ortmann,J. Scott,C. Beckmann,Y. Hamiko,SS,1,10,SS25,"H,1,10,H25","13,3,80","RUSH:6,H40, TACK:94,14","J. Wright rush for 15 yards to the SS40, 1ST DOWN SS (C. Udegbe;J. Poznanski).","H,1,10,H40",R,NA,NA,R,NA,NA,NA,NA,13,H,SS,"PUNT,2,02:08,10","DOWNS,2,01:02,45",6,35,1:06,PUNT,2,02:08,SS10,DOWNS,2,01:02,SS45,NA
SSFG2102,FG,SS,Frankfurt Galaxy,Stuttgart Surge,6/27/2021,Stuttgart,Gazi-Stadion,15:00,18:05,Y,2:05,750,26 C,no wind,partly cloudy,M. Scholz,D. Clemence,S. Heimerdinger,A. Ortmann,J. Scott,C. Beckmann,Y. Hamiko,SS,1,10,SS40,"H,1,10,H40","13,4,81","PASS:6,I,4,*",J. Wright pass incomplete to A. Eitel.,"H,2,10,H40",P,NA,NA,NA,NA,NA,NA,NA,13,H,SS,"PUNT,2,02:08,10","DOWNS,2,01:02,45",6,35,1:06,PUNT,2,02:08,SS10,DOWNS,2,01:02,SS45,NA
SSFG2102,FG,SS,Frankfurt Galaxy,Stuttgart Surge,6/27/2021,Stuttgart,Gazi-Stadion,15:00,18:05,Y,2:05,750,26 C,no wind,partly cloudy,M. Scholz,D. Clemence,S. Heimerdinger,A. Ortmann,J. Scott,C. Beckmann,Y. Hamiko,SS,2,10,SS40,"H,2,10,H40","13,5,82","RUSH:6,H45, TACK:43",J. Wright rush for 5 yards to the SS45 (J. Silva Gomez).,"H,3,5,H45",R,NA,NA,NA,NA,NA,NA,NA,13,H,SS,"PUNT,2,02:08,10","DOWNS,2,01:02,45",6,35,1:06,PUNT,2,02:08,SS10,DOWNS,2,01:02,SS45,NA
SSFG2102,FG,SS,Frankfurt Galaxy,Stuttgart Surge,6/27/2021,Stuttgart,Gazi-Stadion,15:00,18:05,Y,2:05,750,26 C,no wind,partly cloudy,M. Scholz,D. Clemence,S. Heimerdinger,A. Ortmann,J. Scott,C. Beckmann,Y. Hamiko,SS,3,5,SS45,"H,3,5,H45","13,6,83","PASS:6,I,17,*",J. Wright pass incomplete to P. Floeser.,"H,4,5,H45",P,NA,NA,NA,NA,NA,NA,NA,13,H,SS,"PUNT,2,02:08,10","DOWNS,2,01:02,45",6,35,1:06,PUNT,2,02:08,SS10,DOWNS,2,01:02,SS45,NA
SSFG2102,FG,SS,Frankfurt Galaxy,Stuttgart Surge,6/27/2021,Stuttgart,Gazi-Stadion,15:00,18:05,Y,2:05,750,26 C,no wind,partly cloudy,M. Scholz,D. Clemence,S. Heimerdinger,A. Ortmann,J. Scott,C. Beckmann,Y. Hamiko,SS,4,5,SS45,"H,4,5,H45","13,7,84","PASS:6,I,17,*",J. Wright pass incomplete to P. Floeser.,"V,1,10,H45",P,NA,NA,NA,NA,NA,NA,NA,13,H,SS,"PUNT,2,02:08,10","DOWNS,2,01:02,45",6,35,1:06,PUNT,2,02:08,SS10,DOWNS,2,01:02,SS45,NA
SSFG2102,FG,SS,Frankfurt Galaxy,Stuttgart Surge,6/27/2021,Stuttgart,Gazi-Stadion,15:00,18:05,Y,2:05,750,26 C,no wind,partly cloudy,M. Scholz,D. Clemence,S. Heimerdinger,A. Ortmann,J. Scott,C. Beckmann,Y. Hamiko,FG,1,10,SS45,"V,1,10,H45","14,1,85",{DRIVE}:01:02,FRANKFURT GALAXY drive start at 01:02.,"V,1,10,H45",NA,01:02,NA,NA,NA,NA,NA,NA,14,V,FG,"DOWNS,2,01:02,55","TD,2,00:26,100",5,45,0:36,DOWNS,2,01:02,SS45,TD,2,00:26,SS00,1
SSFG2102,FG,SS,Frankfurt Galaxy,Stuttgart Surge,6/27/2021,Stuttgart,Gazi-Stadion,15:00,18:05,Y,2:05,750,26 C,no wind,partly cloudy,M. Scholz,D. Clemence,S. Heimerdinger,A. Ortmann,J. Scott,C. Beckmann,Y. Hamiko,FG,1,10,SS45,"V,1,10,H45","14,2,86","PASS:7,C,82,H41 TACK:23",J. Sullivan pass complete to H. Schwarz for 4 yards to the SS41 (M. Dabo).,"V,2,6,H41",P,NA,NA,NA,NA,NA,NA,NA,14,V,FG,"DOWNS,2,01:02,55","TD,2,00:26,100",5,45,0:36,DOWNS,2,01:02,SS45,TD,2,00:26,SS00,1
SSFG2102,FG,SS,Frankfurt Galaxy,Stuttgart Surge,6/27/2021,Stuttgart,Gazi-Stadion,15:00,18:05,Y,2:05,750,26 C,no wind,partly cloudy,M. Scholz,D. Clemence,S. Heimerdinger,A. Ortmann,J. Scott,C. Beckmann,Y. Hamiko,FG,2,6,SS41,"V,2,6,H41","14,3,87","RUSH:7,H37, TACK:20",J. Sullivan rush for 4 yards to the SS37 (D. Warren).,"V,3,2,H37",R,NA,NA,NA,NA,NA,NA,NA,14,V,FG,"DOWNS,2,01:02,55","TD,2,00:26,100",5,45,0:36,DOWNS,2,01:02,SS45,TD,2,00:26,SS00,1
SSFG2102,FG,SS,Frankfurt Galaxy,Stuttgart Surge,6/27/2021,Stuttgart,Gazi-Stadion,15:00,18:05,Y,2:05,750,26 C,no wind,partly cloudy,M. Scholz,D. Clemence,S. Heimerdinger,A. Ortmann,J. Scott,C. Beckmann,Y. Hamiko,FG,3,2,SS37,"V,3,2,H37","14,4,88","PASS:7,C,86,H02","J. Sullivan pass complete to L. Regler for 35 yards to the SS2, 1ST DOWN FG.","V,1,0,H02",P,NA,NA,P,NA,NA,NA,NA,14,V,FG,"DOWNS,2,01:02,55","TD,2,00:26,100",5,45,0:36,DOWNS,2,01:02,SS45,TD,2,00:26,SS00,1
SSFG2102,FG,SS,Frankfurt Galaxy,Stuttgart Surge,6/27/2021,Stuttgart,Gazi-Stadion,15:00,18:05,Y,2:05,750,26 C,no wind,partly cloudy,M. Scholz,D. Clemence,S. Heimerdinger,A. Ortmann,J. Scott,C. Beckmann,Y. Hamiko,FG,1,0,SS02,"V,1,0,H02","14,5,89","RUSH:7,H08,",J. Sullivan rush for loss of 6 yards to the SS8.,"V,2,0,H08",R,NA,NA,NA,NA,NA,NA,NA,14,V,FG,"DOWNS,2,01:02,55","TD,2,00:26,100",5,45,0:36,DOWNS,2,01:02,SS45,TD,2,00:26,SS00,1
SSFG2102,FG,SS,Frankfurt Galaxy,Stuttgart Surge,6/27/2021,Stuttgart,Gazi-Stadion,15:00,18:05,Y,2:05,750,26 C,no wind,partly cloudy,M. Scholz,D. Clemence,S. Heimerdinger,A. Ortmann,J. Scott,C. Beckmann,Y. Hamiko,FG,2,0,SS08,"V,2,0,H08","14,6,90","PASS:7,C,86,H00 T:00:26","J. Sullivan pass complete to L. Regler for 8 yards to the SS0, 1ST DOWN FG, TOUCHDOWN, clock 00:26.","V,1,10,H15",P,00:26,NA,P,Y,26,0,NA,14,V,FG,"DOWNS,2,01:02,55","TD,2,00:26,100",5,45,0:36,DOWNS,2,01:02,SS45,TD,2,00:26,SS00,1
SSFG2102,FG,SS,Frankfurt Galaxy,Stuttgart Surge,6/27/2021,Stuttgart,Gazi-Stadion,15:00,18:05,Y,2:05,750,26 C,no wind,partly cloudy,M. Scholz,D. Clemence,S. Heimerdinger,A. Ortmann,J. Scott,C. Beckmann,Y. Hamiko,FG,1,10,SS15,"V,1,10,H15","14,7,91","PAT:K,15,G",M. Siemssen kick attempt good.,"V,1,0,V35",X,NA,NA,NA,Y,27,0,NA,14,V,FG,"DOWNS,2,01:02,55","TD,2,00:26,100",5,45,0:36,DOWNS,2,01:02,SS45,TD,2,00:26,SS00,1
SSFG2102,FG,SS,Frankfurt Galaxy,Stuttgart Surge,6/27/2021,Stuttgart,Gazi-Stadion,15:00,18:05,Y,2:05,750,26 C,no wind,partly cloudy,M. Scholz,D. Clemence,S. Heimerdinger,A. Ortmann,J. Scott,C. Beckmann,Y. Hamiko,FG,1,0,FG35,"V,1,0,V35","14,8,92","KO:19,H00 RET:4,H30 TACK:85","N. Strahmann kickoff 65 yards to the SS0, A. Eitel return 30 yards to the SS30 (M. Hachenberg).","H,1,10,H30",K,NA,NA,NA,NA,NA,NA,NA,14,V,FG,"DOWNS,2,01:02,55","TD,2,00:26,100",5,45,0:36,DOWNS,2,01:02,SS45,TD,2,00:26,SS00,1
SSFG2102,FG,SS,Frankfurt Galaxy,Stuttgart Surge,6/27/2021,Stuttgart,Gazi-Stadion,15:00,18:05,Y,2:05,750,26 C,no wind,partly cloudy,M. Scholz,D. Clemence,S. Heimerdinger,A. Ortmann,J. Scott,C. Beckmann,Y. Hamiko,SS,1,10,SS30,"H,1,10,H30","15,1,93",{DRIVE}:00:26,STUTTGART SURGE drive start at 00:26.,"H,1,10,H30",NA,00:26,NA,NA,NA,NA,NA,NA,15,V,FG,"KO,2,00:26,35","HALF,2,00:00,35",2,0,0:26,KO,2,00:26,FG35,HALF,2,00:00,FG35,NA
SSFG2102,FG,SS,Frankfurt Galaxy,Stuttgart Surge,6/27/2021,Stuttgart,Gazi-Stadion,15:00,18:05,Y,2:05,750,26 C,no wind,partly cloudy,M. Scholz,D. Clemence,S. Heimerdinger,A. Ortmann,J. Scott,C. Beckmann,Y. Hamiko,SS,1,10,SS30,"H,1,10,H30","15,2,94","PEN:V,FMM,A,TM,V40,N","PENALTY FG FMM 30 yards to the FG40, 1ST DOWN SS.","H,1,10,V40",E,NA,NA,E,NA,NA,NA,NA,15,V,FG,"KO,2,00:26,35","HALF,2,00:00,35",2,0,0:26,KO,2,00:26,FG35,HALF,2,00:00,FG35,NA
SSFG2102,FG,SS,Frankfurt Galaxy,Stuttgart Surge,6/27/2021,Stuttgart,Gazi-Stadion,15:00,18:05,Y,2:05,750,26 C,no wind,partly cloudy,M. Scholz,D. Clemence,S. Heimerdinger,A. Ortmann,J. Scott,C. Beckmann,Y. Hamiko,SS,1,10,FG40,"H,1,10,V40","15,3,95","RUSH:6,V31,",J. Wright rush for 9 yards to the FG31.,"H,2,1,V31",R,NA,NA,NA,NA,NA,NA,NA,15,V,FG,"KO,2,00:26,35","HALF,2,00:00,35",2,0,0:26,KO,2,00:26,FG35,HALF,2,00:00,FG35,NA
SSFG2102,FG,SS,Frankfurt Galaxy,Stuttgart Surge,6/27/2021,Stuttgart,Gazi-Stadion,15:00,18:05,Y,2:05,750,26 C,no wind,partly cloudy,M. Scholz,D. Clemence,S. Heimerdinger,A. Ortmann,J. Scott,C. Beckmann,Y. Hamiko,SS,2,1,FG31,"H,2,1,V31","15,4,96","PASS:6,I,17,*",J. Wright pass incomplete to P. Floeser.,"H,3,1,V31",P,NA,NA,NA,NA,NA,NA,NA,15,V,FG,"KO,2,00:26,35","HALF,2,00:00,35",2,0,0:26,KO,2,00:26,FG35,HALF,2,00:00,FG35,NA
SSFG2102,FG,SS,Frankfurt Galaxy,Stuttgart Surge,6/27/2021,Stuttgart,Gazi-Stadion,15:00,18:05,Y,2:05,750,26 C,no wind,partly cloudy,M. Scholz,D. Clemence,S. Heimerdinger,A. Ortmann,J. Scott,C. Beckmann,Y. Hamiko,SS,3,1,FG31,"H,3,1,V31","15,5,97",HALF: T:00:00,"End of half, clock 00:00.","H,3,1,V31",#,00:00,NA,NA,NA,NA,NA,NA,15,V,FG,"KO,2,00:26,35","HALF,2,00:00,35",2,0,0:26,KO,2,00:26,FG35,HALF,2,00:00,FG35,NA
SSFG2102,FG,SS,Frankfurt Galaxy,Stuttgart Surge,6/27/2021,Stuttgart,Gazi-Stadion,15:00,18:05,Y,2:05,750,26 C,no wind,partly cloudy,M. Scholz,D. Clemence,S. Heimerdinger,A. Ortmann,J. Scott,C. Beckmann,Y. Hamiko,SS,3,1,FG31,"H,3,1,V31","15,6,98",Q:3 T:15:00,"Start of 3rd quarter, clock 15:00.","H,3,1,V31",#,15:00,NA,NA,NA,NA,NA,NA,15,V,FG,"KO,2,00:26,35","HALF,2,00:00,35",2,0,0:26,KO,2,00:26,FG35,HALF,2,00:00,FG35,NA
SSFG2102,FG,SS,Frankfurt Galaxy,Stuttgart Surge,6/27/2021,Stuttgart,Gazi-Stadion,15:00,18:05,Y,2:05,750,26 C,no wind,partly cloudy,M. Scholz,D. Clemence,S. Heimerdinger,A. Ortmann,J. Scott,C. Beckmann,Y. Hamiko,SS,3,1,FG31,"H,3,1,V31","15,7,99","SPOT:V,V35,Y",FG ball on FG35.,"V,3,1,V35",NA,NA,NA,NA,NA,NA,NA,NA,15,V,FG,"KO,2,00:26,35","HALF,2,00:00,35",2,0,0:26,KO,2,00:26,FG35,HALF,2,00:00,FG35,NA
SSFG2102,FG,SS,Frankfurt Galaxy,Stuttgart Surge,6/27/2021,Stuttgart,Gazi-Stadion,15:00,18:05,Y,2:05,750,26 C,no wind,partly cloudy,M. Scholz,D. Clemence,S. Heimerdinger,A. Ortmann,J. Scott,C. Beckmann,Y. Hamiko,FG,3,1,FG35,"V,3,1,V35","15,8,100","KO:19,H00 TB:","N. Strahmann kickoff 65 yards to the SS0, touchback.","H,1,10,H25",K,NA,NA,NA,NA,NA,NA,NA,15,V,FG,"KO,2,00:26,35","HALF,2,00:00,35",2,0,0:26,KO,2,00:26,FG35,HALF,2,00:00,FG35,NA
SSFG2102,FG,SS,Frankfurt Galaxy,Stuttgart Surge,6/27/2021,Stuttgart,Gazi-Stadion,15:00,18:05,Y,2:05,750,26 C,no wind,partly cloudy,M. Scholz,D. Clemence,S. Heimerdinger,A. Ortmann,J. Scott,C. Beckmann,Y. Hamiko,SS,1,10,SS25,"H,1,10,H25","16,1,101",{DRIVE}:15:00,STUTTGART SURGE drive start at 15:00.,"H,1,10,H25",NA,15:00,NA,NA,NA,NA,NA,NA,16,H,SS,"KO,3,15:00,25","TD,3,11:26,100",7,75,3:34,KO,3,15:00,SS25,TD,3,11:26,FG00,NA
SSFG2102,FG,SS,Frankfurt Galaxy,Stuttgart Surge,6/27/2021,Stuttgart,Gazi-Stadion,15:00,18:05,Y,2:05,750,26 C,no wind,partly cloudy,M. Scholz,D. Clemence,S. Heimerdinger,A. Ortmann,J. Scott,C. Beckmann,Y. Hamiko,SS,1,10,SS25,"H,1,10,H25","16,2,102","PASS:6,C,5,H37 TACK:46","J. Wright pass complete to D. Meza for 12 yards to the SS37, 1ST DOWN SS (O. Ogbevoen).","H,1,10,H37",P,NA,NA,P,NA,NA,NA,NA,16,H,SS,"KO,3,15:00,25","TD,3,11:26,100",7,75,3:34,KO,3,15:00,SS25,TD,3,11:26,FG00,NA
SSFG2102,FG,SS,Frankfurt Galaxy,Stuttgart Surge,6/27/2021,Stuttgart,Gazi-Stadion,15:00,18:05,Y,2:05,750,26 C,no wind,partly cloudy,M. Scholz,D. Clemence,S. Heimerdinger,A. Ortmann,J. Scott,C. Beckmann,Y. Hamiko,SS,1,10,SS37,"H,1,10,H37","16,3,103","RUSH:6,H39, TACK:46,45",J. Wright rush for 2 yards to the SS39 (O. Ogbevoen;Ma. Schmidt).,"H,2,8,H39",R,NA,NA,NA,NA,NA,NA,NA,16,H,SS,"KO,3,15:00,25","TD,3,11:26,100",7,75,3:34,KO,3,15:00,SS25,TD,3,11:26,FG00,NA
SSFG2102,FG,SS,Frankfurt Galaxy,Stuttgart Surge,6/27/2021,Stuttgart,Gazi-Stadion,15:00,18:05,Y,2:05,750,26 C,no wind,partly cloudy,M. Scholz,D. Clemence,S. Heimerdinger,A. Ortmann,J. Scott,C. Beckmann,Y. Hamiko,SS,2,8,SS39,"H,2,8,H39","16,4,104","PASS:6,C,14,H40 TACK:40",J. Wright pass complete to L. Geyer for 1 yard to the SS40 (K. King).,"H,3,7,H40",P,NA,NA,NA,NA,NA,NA,NA,16,H,SS,"KO,3,15:00,25","TD,3,11:26,100",7,75,3:34,KO,3,15:00,SS25,TD,3,11:26,FG00,NA
SSFG2102,FG,SS,Frankfurt Galaxy,Stuttgart Surge,6/27/2021,Stuttgart,Gazi-Stadion,15:00,18:05,Y,2:05,750,26 C,no wind,partly cloudy,M. Scholz,D. Clemence,S. Heimerdinger,A. Ortmann,J. Scott,C. Beckmann,Y. Hamiko,SS,3,7,SS40,"H,3,7,H40","16,5,105","RUSH:6,V37, OB:","J. Wright rush for 23 yards to the FG37, 1ST DOWN SS, out-of-bounds.","H,1,10,V37",R,NA,Y,R,NA,NA,NA,NA,16,H,SS,"KO,3,15:00,25","TD,3,11:26,100",7,75,3:34,KO,3,15:00,SS25,TD,3,11:26,FG00,NA
SSFG2102,FG,SS,Frankfurt Galaxy,Stuttgart Surge,6/27/2021,Stuttgart,Gazi-Stadion,15:00,18:05,Y,2:05,750,26 C,no wind,partly cloudy,M. Scholz,D. Clemence,S. Heimerdinger,A. Ortmann,J. Scott,C. Beckmann,Y. Hamiko,SS,1,10,FG37,"H,1,10,V37","16,6,106","PASS:6,I,TM,*",J. Wright pass incomplete.,"H,2,10,V37",P,NA,NA,NA,NA,NA,NA,NA,16,H,SS,"KO,3,15:00,25","TD,3,11:26,100",7,75,3:34,KO,3,15:00,SS25,TD,3,11:26,FG00,NA
SSFG2102,FG,SS,Frankfurt Galaxy,Stuttgart Surge,6/27/2021,Stuttgart,Gazi-Stadion,15:00,18:05,Y,2:05,750,26 C,no wind,partly cloudy,M. Scholz,D. Clemence,S. Heimerdinger,A. Ortmann,J. Scott,C. Beckmann,Y. Hamiko,SS,2,10,FG37,"H,2,10,V37","16,7,107","RUSH:6,V29, TACK:56",J. Wright rush for 8 yards to the FG29 (S. Silva Gomez).,"H,3,2,V29",R,NA,NA,NA,NA,NA,NA,NA,16,H,SS,"KO,3,15:00,25","TD,3,11:26,100",7,75,3:34,KO,3,15:00,SS25,TD,3,11:26,FG00,NA
SSFG2102,FG,SS,Frankfurt Galaxy,Stuttgart Surge,6/27/2021,Stuttgart,Gazi-Stadion,15:00,18:05,Y,2:05,750,26 C,no wind,partly cloudy,M. Scholz,D. Clemence,S. Heimerdinger,A. Ortmann,J. Scott,C. Beckmann,Y. Hamiko,SS,3,2,FG29,"H,3,2,V29","16,8,108","RUSH:27,V00, T:11:26","S. Shannon rush for 29 yards to the FG0, 1ST DOWN SS, TOUCHDOWN, clock 11:26.","H,1,10,V15",R,11:26,NA,R,Y,27,6,NA,16,H,SS,"KO,3,15:00,25","TD,3,11:26,100",7,75,3:34,KO,3,15:00,SS25,TD,3,11:26,FG00,NA
SSFG2102,FG,SS,Frankfurt Galaxy,Stuttgart Surge,6/27/2021,Stuttgart,Gazi-Stadion,15:00,18:05,Y,2:05,750,26 C,no wind,partly cloudy,M. Scholz,D. Clemence,S. Heimerdinger,A. Ortmann,J. Scott,C. Beckmann,Y. Hamiko,SS,1,10,FG15,"H,1,10,V15","16,9,109","PAT:K,3,G",T. Bronn kick attempt good.,"H,1,0,H35",X,NA,NA,NA,Y,27,7,NA,16,H,SS,"KO,3,15:00,25","TD,3,11:26,100",7,75,3:34,KO,3,15:00,SS25,TD,3,11:26,FG00,NA
SSFG2102,FG,SS,Frankfurt Galaxy,Stuttgart Surge,6/27/2021,Stuttgart,Gazi-Stadion,15:00,18:05,Y,2:05,750,26 C,no wind,partly cloudy,M. Scholz,D. Clemence,S. Heimerdinger,A. Ortmann,J. Scott,C. Beckmann,Y. Hamiko,SS,1,0,SS35,"H,1,0,H35","16,10,110","KO:3,V00 TB:","T. Bronn kickoff 65 yards to the FG0, touchback.","V,1,10,V25",K,NA,NA,NA,NA,NA,NA,NA,16,H,SS,"KO,3,15:00,25","TD,3,11:26,100",7,75,3:34,KO,3,15:00,SS25,TD,3,11:26,FG00,NA
SSFG2102,FG,SS,Frankfurt Galaxy,Stuttgart Surge,6/27/2021,Stuttgart,Gazi-Stadion,15:00,18:05,Y,2:05,750,26 C,no wind,partly cloudy,M. Scholz,D. Clemence,S. Heimerdinger,A. Ortmann,J. Scott,C. Beckmann,Y. Hamiko,FG,1,10,FG25,"V,1,10,V25","17,1,111",{DRIVE}:11:26,FRANKFURT GALAXY drive start at 11:26.,"V,1,10,V25",NA,11:26,NA,NA,NA,NA,NA,NA,17,V,FG,"KO,3,11:26,25","PUNT,3,11:26,20",3,-5,0:00,KO,3,11:26,FG25,PUNT,3,11:26,FG20,NA
SSFG2102,FG,SS,Frankfurt Galaxy,Stuttgart Surge,6/27/2021,Stuttgart,Gazi-Stadion,15:00,18:05,Y,2:05,750,26 C,no wind,partly cloudy,M. Scholz,D. Clemence,S. Heimerdinger,A. Ortmann,J. Scott,C. Beckmann,Y. Hamiko,FG,1,10,FG25,"V,1,10,V25","17,2,112","RUSH:21,V28, TACK:20,45",G. Adams rush for 3 yards to the FG28 (D. Warren;N. Hamulic).,"V,2,7,V28",R,NA,NA,NA,NA,NA,NA,NA,17,V,FG,"KO,3,11:26,25","PUNT,3,11:26,20",3,-5,0:00,KO,3,11:26,FG25,PUNT,3,11:26,FG20,NA
SSFG2102,FG,SS,Frankfurt Galaxy,Stuttgart Surge,6/27/2021,Stuttgart,Gazi-Stadion,15:00,18:05,Y,2:05,750,26 C,no wind,partly cloudy,M. Scholz,D. Clemence,S. Heimerdinger,A. Ortmann,J. Scott,C. Beckmann,Y. Hamiko,FG,2,7,FG28,"V,2,7,V28","17,3,113","PASS:6,I,82,*",M. Johannknecht pass incomplete to H. Schwarz.,"V,3,7,V28",P,NA,NA,NA,NA,NA,NA,NA,17,V,FG,"KO,3,11:26,25","PUNT,3,11:26,20",3,-5,0:00,KO,3,11:26,FG25,PUNT,3,11:26,FG20,NA
SSFG2102,FG,SS,Frankfurt Galaxy,Stuttgart Surge,6/27/2021,Stuttgart,Gazi-Stadion,15:00,18:05,Y,2:05,750,26 C,no wind,partly cloudy,M. Scholz,D. Clemence,S. Heimerdinger,A. Ortmann,J. Scott,C. Beckmann,Y. Hamiko,FG,3,7,FG28,"V,3,7,V28","17,4,114","PASS:6,S,TM,V20 SACK:20",M. Johannknecht sacked for loss of 8 yards to the FG20 (D. Warren).,"V,4,15,V20",P,NA,NA,NA,NA,NA,NA,NA,17,V,FG,"KO,3,11:26,25","PUNT,3,11:26,20",3,-5,0:00,KO,3,11:26,FG25,PUNT,3,11:26,FG20,NA
SSFG2102,FG,SS,Frankfurt Galaxy,Stuttgart Surge,6/27/2021,Stuttgart,Gazi-Stadion,15:00,18:05,Y,2:05,750,26 C,no wind,partly cloudy,M. Scholz,D. Clemence,S. Heimerdinger,A. Ortmann,J. Scott,C. Beckmann,Y. Hamiko,FG,4,15,FG20,"V,4,15,V20","17,5,115","PUNT:19,H42",N. Strahmann punt 38 yards to the SS42.,"H,1,10,H42",U,NA,NA,NA,NA,NA,NA,NA,17,V,FG,"KO,3,11:26,25","PUNT,3,11:26,20",3,-5,0:00,KO,3,11:26,FG25,PUNT,3,11:26,FG20,NA
SSFG2102,FG,SS,Frankfurt Galaxy,Stuttgart Surge,6/27/2021,Stuttgart,Gazi-Stadion,15:00,18:05,Y,2:05,750,26 C,no wind,partly cloudy,M. Scholz,D. Clemence,S. Heimerdinger,A. Ortmann,J. Scott,C. Beckmann,Y. Hamiko,SS,1,10,SS42,"H,1,10,H42","18,1,116",{DRIVE}:11:26,STUTTGART SURGE drive start at 11:26.,"H,1,10,H42",NA,11:26,NA,NA,NA,NA,NA,NA,18,H,SS,"PUNT,3,11:26,42","PUNT,3,04:49,51",6,9,6:37,PUNT,3,11:26,SS42,PUNT,3,04:49,FG49,NA
SSFG2102,FG,SS,Frankfurt Galaxy,Stuttgart Surge,6/27/2021,Stuttgart,Gazi-Stadion,15:00,18:05,Y,2:05,750,26 C,no wind,partly cloudy,M. Scholz,D. Clemence,S. Heimerdinger,A. Ortmann,J. Scott,C. Beckmann,Y. Hamiko,SS,1,10,SS42,"H,1,10,H42","18,2,117","RUSH:6,H45, OB:","J. Wright rush for 3 yards to the SS45, out-of-bounds.","H,2,7,H45",R,NA,Y,NA,NA,NA,NA,NA,18,H,SS,"PUNT,3,11:26,42","PUNT,3,04:49,51",6,9,6:37,PUNT,3,11:26,SS42,PUNT,3,04:49,FG49,NA
SSFG2102,FG,SS,Frankfurt Galaxy,Stuttgart Surge,6/27/2021,Stuttgart,Gazi-Stadion,15:00,18:05,Y,2:05,750,26 C,no wind,partly cloudy,M. Scholz,D. Clemence,S. Heimerdinger,A. Ortmann,J. Scott,C. Beckmann,Y. Hamiko,SS,2,7,SS45,"H,2,7,H45","18,3,118","PEN:V,PF,A,56,H50,1","PENALTY FG personal foul (S. Silva Gomez) 5 yards to the 50 yardline, 1ST DOWN SS.","H,1,10,H50",E,NA,NA,E,NA,NA,NA,NA,18,H,SS,"PUNT,3,11:26,42","PUNT,3,04:49,51",6,9,6:37,PUNT,3,11:26,SS42,PUNT,3,04:49,FG49,NA
SSFG2102,FG,SS,Frankfurt Galaxy,Stuttgart Surge,6/27/2021,Stuttgart,Gazi-Stadion,15:00,18:05,Y,2:05,750,26 C,no wind,partly cloudy,M. Scholz,D. Clemence,S. Heimerdinger,A. Ortmann,J. Scott,C. Beckmann,Y. Hamiko,SS,1,10,SS50,"H,1,10,H50","18,4,119","RUSH:6,H50, FUMB:H,H50,TM OB:","J. Wright rush for no gain to the 50 yardline, fumble by J. Wright recovered by SS TEAM at 50 yardline, out-of-bounds.","H,2,10,H50",R,NA,Y,NA,NA,NA,NA,NA,18,H,SS,"PUNT,3,11:26,42","PUNT,3,04:49,51",6,9,6:37,PUNT,3,11:26,SS42,PUNT,3,04:49,FG49,NA
SSFG2102,FG,SS,Frankfurt Galaxy,Stuttgart Surge,6/27/2021,Stuttgart,Gazi-Stadion,15:00,18:05,Y,2:05,750,26 C,no wind,partly cloudy,M. Scholz,D. Clemence,S. Heimerdinger,A. Ortmann,J. Scott,C. Beckmann,Y. Hamiko,SS,2,10,SS50,"H,2,10,H50","18,5,120","PEN:H,OH,A,21,H50,N",PENALTY SS OH (J. Jacob) 0 yards to the 50 yardline.,"H,2,10,H50",E,NA,NA,NA,NA,NA,NA,NA,18,H,SS,"PUNT,3,11:26,42","PUNT,3,04:49,51",6,9,6:37,PUNT,3,11:26,SS42,PUNT,3,04:49,FG49,NA
SSFG2102,FG,SS,Frankfurt Galaxy,Stuttgart Surge,6/27/2021,Stuttgart,Gazi-Stadion,15:00,18:05,Y,2:05,750,26 C,no wind,partly cloudy,M. Scholz,D. Clemence,S. Heimerdinger,A. Ortmann,J. Scott,C. Beckmann,Y. Hamiko,SS,2,10,SS50,"H,2,10,H50","18,6,121","PASS:6,I,27,*",J. Wright pass incomplete to S. Shannon.,"H,3,10,H50",P,NA,NA,NA,NA,NA,NA,NA,18,H,SS,"PUNT,3,11:26,42","PUNT,3,04:49,51",6,9,6:37,PUNT,3,11:26,SS42,PUNT,3,04:49,FG49,NA
SSFG2102,FG,SS,Frankfurt Galaxy,Stuttgart Surge,6/27/2021,Stuttgart,Gazi-Stadion,15:00,18:05,Y,2:05,750,26 C,no wind,partly cloudy,M. Scholz,D. Clemence,S. Heimerdinger,A. Ortmann,J. Scott,C. Beckmann,Y. Hamiko,SS,3,10,SS50,"H,3,10,H50","18,7,122","PEN:V,DH,A,TM,V40,1","PENALTY FG DH 10 yards to the FG40, 1ST DOWN SS.","H,1,10,V40",E,NA,NA,E,NA,NA,NA,NA,18,H,SS,"PUNT,3,11:26,42","PUNT,3,04:49,51",6,9,6:37,PUNT,3,11:26,SS42,PUNT,3,04:49,FG49,NA
SSFG2102,FG,SS,Frankfurt Galaxy,Stuttgart Surge,6/27/2021,Stuttgart,Gazi-Stadion,15:00,18:05,Y,2:05,750,26 C,no wind,partly cloudy,M. Scholz,D. Clemence,S. Heimerdinger,A. Ortmann,J. Scott,C. Beckmann,Y. Hamiko,SS,1,10,FG40,"H,1,10,V40","18,8,123","PEN:H,FST,A,TM,V45,N",PENALTY SS FST 5 yards to the FG45.,"H,1,15,V45",E,NA,NA,NA,NA,NA,NA,NA,18,H,SS,"PUNT,3,11:26,42","PUNT,3,04:49,51",6,9,6:37,PUNT,3,11:26,SS42,PUNT,3,04:49,FG49,NA
SSFG2102,FG,SS,Frankfurt Galaxy,Stuttgart Surge,6/27/2021,Stuttgart,Gazi-Stadion,15:00,18:05,Y,2:05,750,26 C,no wind,partly cloudy,M. Scholz,D. Clemence,S. Heimerdinger,A. Ortmann,J. Scott,C. Beckmann,Y. Hamiko,SS,1,15,FG45,"H,1,15,V45","18,9,124","PASS:6,C,87,V37 TACK:41",J. Wright pass complete to D. Rofalski for 8 yards to the FG37 (S. Gauthier).,"H,2,7,V37",P,NA,NA,NA,NA,NA,NA,NA,18,H,SS,"PUNT,3,11:26,42","PUNT,3,04:49,51",6,9,6:37,PUNT,3,11:26,SS42,PUNT,3,04:49,FG49,NA
SSFG2102,FG,SS,Frankfurt Galaxy,Stuttgart Surge,6/27/2021,Stuttgart,Gazi-Stadion,15:00,18:05,Y,2:05,750,26 C,no wind,partly cloudy,M. Scholz,D. Clemence,S. Heimerdinger,A. Ortmann,J. Scott,C. Beckmann,Y. Hamiko,SS,2,7,FG37,"H,2,7,V37","18,10,125","PASS:6,I,5,*",J. Wright pass incomplete to D. Meza.,"H,3,7,V37",P,NA,NA,NA,NA,NA,NA,NA,18,H,SS,"PUNT,3,11:26,42","PUNT,3,04:49,51",6,9,6:37,PUNT,3,11:26,SS42,PUNT,3,04:49,FG49,NA
SSFG2102,FG,SS,Frankfurt Galaxy,Stuttgart Surge,6/27/2021,Stuttgart,Gazi-Stadion,15:00,18:05,Y,2:05,750,26 C,no wind,partly cloudy,M. Scholz,D. Clemence,S. Heimerdinger,A. Ortmann,J. Scott,C. Beckmann,Y. Hamiko,SS,3,7,FG37,"H,3,7,V37","18,11,126","PEN:H,FST,A,TM,V37,N",PENALTY SS FST 0 yards to the FG37.,"H,3,7,V37",E,NA,NA,NA,NA,NA,NA,NA,18,H,SS,"PUNT,3,11:26,42","PUNT,3,04:49,51",6,9,6:37,PUNT,3,11:26,SS42,PUNT,3,04:49,FG49,NA
SSFG2102,FG,SS,Frankfurt Galaxy,Stuttgart Surge,6/27/2021,Stuttgart,Gazi-Stadion,15:00,18:05,Y,2:05,750,26 C,no wind,partly cloudy,M. Scholz,D. Clemence,S. Heimerdinger,A. Ortmann,J. Scott,C. Beckmann,Y. Hamiko,SS,3,7,FG37,"H,3,7,V37","18,12,127","PEN:H,FST,A,70,V48,N",PENALTY SS FST (M. Kempchen) 11 yards to the FG48.,"H,3,18,V48",E,NA,NA,NA,NA,NA,NA,NA,18,H,SS,"PUNT,3,11:26,42","PUNT,3,04:49,51",6,9,6:37,PUNT,3,11:26,SS42,PUNT,3,04:49,FG49,NA
SSFG2102,FG,SS,Frankfurt Galaxy,Stuttgart Surge,6/27/2021,Stuttgart,Gazi-Stadion,15:00,18:05,Y,2:05,750,26 C,no wind,partly cloudy,M. Scholz,D. Clemence,S. Heimerdinger,A. Ortmann,J. Scott,C. Beckmann,Y. Hamiko,SS,3,18,FG48,"H,3,18,V48","18,13,128","PASS:6,S,TM,V49 SACK:99",J. Wright sacked for loss of 1 yard to the FG49 (K. Maier).,"H,4,19,V49",P,NA,NA,NA,NA,NA,NA,NA,18,H,SS,"PUNT,3,11:26,42","PUNT,3,04:49,51",6,9,6:37,PUNT,3,11:26,SS42,PUNT,3,04:49,FG49,NA
SSFG2102,FG,SS,Frankfurt Galaxy,Stuttgart Surge,6/27/2021,Stuttgart,Gazi-Stadion,15:00,18:05,Y,2:05,750,26 C,no wind,partly cloudy,M. Scholz,D. Clemence,S. Heimerdinger,A. Ortmann,J. Scott,C. Beckmann,Y. Hamiko,SS,4,19,FG49,"H,4,19,V49","18,14,129","PUNT:3,V07",T. Bronn punt 42 yards to the FG7.,"V,1,10,V07",U,NA,NA,NA,NA,NA,NA,NA,18,H,SS,"PUNT,3,11:26,42","PUNT,3,04:49,51",6,9,6:37,PUNT,3,11:26,SS42,PUNT,3,04:49,FG49,NA
SSFG2102,FG,SS,Frankfurt Galaxy,Stuttgart Surge,6/27/2021,Stuttgart,Gazi-Stadion,15:00,18:05,Y,2:05,750,26 C,no wind,partly cloudy,M. Scholz,D. Clemence,S. Heimerdinger,A. Ortmann,J. Scott,C. Beckmann,Y. Hamiko,FG,1,10,FG07,"V,1,10,V07","19,1,130",{DRIVE}:04:49,FRANKFURT GALAXY drive start at 04:49.,"V,1,10,V07",NA,04:49,NA,NA,NA,NA,NA,NA,19,V,FG,"PUNT,3,04:49,7","PUNT,3,04:49,16",3,9,0:00,PUNT,3,04:49,FG07,PUNT,3,04:49,FG16,NA
SSFG2102,FG,SS,Frankfurt Galaxy,Stuttgart Surge,6/27/2021,Stuttgart,Gazi-Stadion,15:00,18:05,Y,2:05,750,26 C,no wind,partly cloudy,M. Scholz,D. Clemence,S. Heimerdinger,A. Ortmann,J. Scott,C. Beckmann,Y. Hamiko,FG,1,10,FG07,"V,1,10,V07","19,2,131","PEN:V,ILH,A,59,V08,N",PENALTY FG ILH (R. Warketin) 1 yards to the FG8.,"V,1,11,V08",E,NA,NA,NA,NA,NA,NA,NA,19,V,FG,"PUNT,3,04:49,7","PUNT,3,04:49,16",3,9,0:00,PUNT,3,04:49,FG07,PUNT,3,04:49,FG16,NA
SSFG2102,FG,SS,Frankfurt Galaxy,Stuttgart Surge,6/27/2021,Stuttgart,Gazi-Stadion,15:00,18:05,Y,2:05,750,26 C,no wind,partly cloudy,M. Scholz,D. Clemence,S. Heimerdinger,A. Ortmann,J. Scott,C. Beckmann,Y. Hamiko,FG,1,11,FG08,"V,1,11,V08","19,3,132","RUSH:21,V11, TACK:37,92",G. Adams rush for 3 yards to the FG11 (K. Bannasch;T. Burkhardt).,"V,2,8,V11",R,NA,NA,NA,NA,NA,NA,NA,19,V,FG,"PUNT,3,04:49,7","PUNT,3,04:49,16",3,9,0:00,PUNT,3,04:49,FG07,PUNT,3,04:49,FG16,NA
SSFG2102,FG,SS,Frankfurt Galaxy,Stuttgart Surge,6/27/2021,Stuttgart,Gazi-Stadion,15:00,18:05,Y,2:05,750,26 C,no wind,partly cloudy,M. Scholz,D. Clemence,S. Heimerdinger,A. Ortmann,J. Scott,C. Beckmann,Y. Hamiko,FG,2,8,FG11,"V,2,8,V11","19,4,133","PASS:6,C,82,V17 TACK:33",M. Johannknecht pass complete to H. Schwarz for 6 yards to the FG17 (B. Wenzler).,"V,3,2,V17",P,NA,NA,NA,NA,NA,NA,NA,19,V,FG,"PUNT,3,04:49,7","PUNT,3,04:49,16",3,9,0:00,PUNT,3,04:49,FG07,PUNT,3,04:49,FG16,NA
SSFG2102,FG,SS,Frankfurt Galaxy,Stuttgart Surge,6/27/2021,Stuttgart,Gazi-Stadion,15:00,18:05,Y,2:05,750,26 C,no wind,partly cloudy,M. Scholz,D. Clemence,S. Heimerdinger,A. Ortmann,J. Scott,C. Beckmann,Y. Hamiko,FG,3,2,FG17,"V,3,2,V17","19,5,134","PASS:6,C,86,V16 TACK:33",M. Johannknecht pass complete to L. Regler for loss of 1 yard to the FG16 (B. Wenzler).,"V,4,3,V16",P,NA,NA,NA,NA,NA,NA,NA,19,V,FG,"PUNT,3,04:49,7","PUNT,3,04:49,16",3,9,0:00,PUNT,3,04:49,FG07,PUNT,3,04:49,FG16,NA
SSFG2102,FG,SS,Frankfurt Galaxy,Stuttgart Surge,6/27/2021,Stuttgart,Gazi-Stadion,15:00,18:05,Y,2:05,750,26 C,no wind,partly cloudy,M. Scholz,D. Clemence,S. Heimerdinger,A. Ortmann,J. Scott,C. Beckmann,Y. Hamiko,FG,4,3,FG16,"V,4,3,V16","19,6,135","PUNT:82,V45",H. Schwarz punt 29 yards to the FG45.,"H,1,10,V45",U,NA,NA,NA,NA,NA,NA,NA,19,V,FG,"PUNT,3,04:49,7","PUNT,3,04:49,16",3,9,0:00,PUNT,3,04:49,FG07,PUNT,3,04:49,FG16,NA
SSFG2102,FG,SS,Frankfurt Galaxy,Stuttgart Surge,6/27/2021,Stuttgart,Gazi-Stadion,15:00,18:05,Y,2:05,750,26 C,no wind,partly cloudy,M. Scholz,D. Clemence,S. Heimerdinger,A. Ortmann,J. Scott,C. Beckmann,Y. Hamiko,SS,1,10,FG45,"H,1,10,V45","20,1,136",{DRIVE}:04:49,STUTTGART SURGE drive start at 04:49.,"H,1,10,V45",NA,04:49,NA,NA,NA,NA,NA,NA,20,H,SS,"PUNT,3,04:49,55","DOWNS,3,03:38,60",4,5,1:11,PUNT,3,04:49,FG45,DOWNS,3,03:38,FG40,NA
SSFG2102,FG,SS,Frankfurt Galaxy,Stuttgart Surge,6/27/2021,Stuttgart,Gazi-Stadion,15:00,18:05,Y,2:05,750,26 C,no wind,partly cloudy,M. Scholz,D. Clemence,S. Heimerdinger,A. Ortmann,J. Scott,C. Beckmann,Y. Hamiko,SS,1,10,FG45,"H,1,10,V45","20,2,137","PASS:6,I,4,*",J. Wright pass incomplete to A. Eitel.,"H,2,10,V45",P,NA,NA,NA,NA,NA,NA,NA,20,H,SS,"PUNT,3,04:49,55","DOWNS,3,03:38,60",4,5,1:11,PUNT,3,04:49,FG45,DOWNS,3,03:38,FG40,NA
SSFG2102,FG,SS,Frankfurt Galaxy,Stuttgart Surge,6/27/2021,Stuttgart,Gazi-Stadion,15:00,18:05,Y,2:05,750,26 C,no wind,partly cloudy,M. Scholz,D. Clemence,S. Heimerdinger,A. Ortmann,J. Scott,C. Beckmann,Y. Hamiko,SS,2,10,FG45,"H,2,10,V45","20,3,138","RUSH:27,V40, TACK:40,46",S. Shannon rush for 5 yards to the FG40 (K. King;O. Ogbevoen).,"H,3,5,V40",R,NA,NA,NA,NA,NA,NA,NA,20,H,SS,"PUNT,3,04:49,55","DOWNS,3,03:38,60",4,5,1:11,PUNT,3,04:49,FG45,DOWNS,3,03:38,FG40,NA
SSFG2102,FG,SS,Frankfurt Galaxy,Stuttgart Surge,6/27/2021,Stuttgart,Gazi-Stadion,15:00,18:05,Y,2:05,750,26 C,no wind,partly cloudy,M. Scholz,D. Clemence,S. Heimerdinger,A. Ortmann,J. Scott,C. Beckmann,Y. Hamiko,SS,3,5,FG40,"H,3,5,V40","20,4,139","PASS:6,I,14,*",J. Wright pass incomplete to L. Geyer.,"H,4,5,V40",P,NA,NA,NA,NA,NA,NA,NA,20,H,SS,"PUNT,3,04:49,55","DOWNS,3,03:38,60",4,5,1:11,PUNT,3,04:49,FG45,DOWNS,3,03:38,FG40,NA
SSFG2102,FG,SS,Frankfurt Galaxy,Stuttgart Surge,6/27/2021,Stuttgart,Gazi-Stadion,15:00,18:05,Y,2:05,750,26 C,no wind,partly cloudy,M. Scholz,D. Clemence,S. Heimerdinger,A. Ortmann,J. Scott,C. Beckmann,Y. Hamiko,SS,4,5,FG40,"H,4,5,V40","20,5,140","PASS:6,I,5,*",J. Wright pass incomplete to D. Meza.,"V,1,10,V40",P,NA,NA,NA,NA,NA,NA,NA,20,H,SS,"PUNT,3,04:49,55","DOWNS,3,03:38,60",4,5,1:11,PUNT,3,04:49,FG45,DOWNS,3,03:38,FG40,NA
SSFG2102,FG,SS,Frankfurt Galaxy,Stuttgart Surge,6/27/2021,Stuttgart,Gazi-Stadion,15:00,18:05,Y,2:05,750,26 C,no wind,partly cloudy,M. Scholz,D. Clemence,S. Heimerdinger,A. Ortmann,J. Scott,C. Beckmann,Y. Hamiko,FG,1,10,FG40,"V,1,10,V40","21,1,141",{DRIVE}:03:38,FRANKFURT GALAXY drive start at 03:38.,"V,1,10,V40",NA,03:38,NA,NA,NA,NA,NA,NA,21,V,FG,"DOWNS,3,03:38,40","TD,3,01:59,100",4,60,1:39,DOWNS,3,03:38,FG40,TD,3,01:59,SS00,1
SSFG2102,FG,SS,Frankfurt Galaxy,Stuttgart Surge,6/27/2021,Stuttgart,Gazi-Stadion,15:00,18:05,Y,2:05,750,26 C,no wind,partly cloudy,M. Scholz,D. Clemence,S. Heimerdinger,A. Ortmann,J. Scott,C. Beckmann,Y. Hamiko,FG,1,10,FG40,"V,1,10,V40","21,2,142","RUSH:21,V44, TACK:48",G. Adams rush for 4 yards to the FG44 (T. Stickel).,"V,2,6,V44",R,NA,NA,NA,NA,NA,NA,NA,21,V,FG,"DOWNS,3,03:38,40","TD,3,01:59,100",4,60,1:39,DOWNS,3,03:38,FG40,TD,3,01:59,SS00,1
SSFG2102,FG,SS,Frankfurt Galaxy,Stuttgart Surge,6/27/2021,Stuttgart,Gazi-Stadion,15:00,18:05,Y,2:05,750,26 C,no wind,partly cloudy,M. Scholz,D. Clemence,S. Heimerdinger,A. Ortmann,J. Scott,C. Beckmann,Y. Hamiko,FG,2,6,FG44,"V,2,6,V44","21,3,143","PASS:6,C,13,H29 OB:","M. Johannknecht pass complete to M. Rutsch for 27 yards to the SS29, 1ST DOWN FG, out-of-bounds.","V,1,10,H29",P,NA,Y,P,NA,NA,NA,NA,21,V,FG,"DOWNS,3,03:38,40","TD,3,01:59,100",4,60,1:39,DOWNS,3,03:38,FG40,TD,3,01:59,SS00,1
SSFG2102,FG,SS,Frankfurt Galaxy,Stuttgart Surge,6/27/2021,Stuttgart,Gazi-Stadion,15:00,18:05,Y,2:05,750,26 C,no wind,partly cloudy,M. Scholz,D. Clemence,S. Heimerdinger,A. Ortmann,J. Scott,C. Beckmann,Y. Hamiko,FG,1,10,SS29,"V,1,10,H29","21,4,144","PEN:H,RPS,A,99,H14,1","PENALTY SS RPS (S. Vardar) 15 yards to the SS14, 1ST DOWN FG.","V,1,10,H14",E,NA,NA,E,NA,NA,NA,NA,21,V,FG,"DOWNS,3,03:38,40","TD,3,01:59,100",4,60,1:39,DOWNS,3,03:38,FG40,TD,3,01:59,SS00,1
SSFG2102,FG,SS,Frankfurt Galaxy,Stuttgart Surge,6/27/2021,Stuttgart,Gazi-Stadion,15:00,18:05,Y,2:05,750,26 C,no wind,partly cloudy,M. Scholz,D. Clemence,S. Heimerdinger,A. Ortmann,J. Scott,C. Beckmann,Y. Hamiko,FG,1,10,SS14,"V,1,10,H14","21,5,145","RUSH:22,H01, OB:","G. Ameln rush for 13 yards to the SS1, 1ST DOWN FG, out-of-bounds.","V,1,0,H01",R,NA,Y,R,NA,NA,NA,NA,21,V,FG,"DOWNS,3,03:38,40","TD,3,01:59,100",4,60,1:39,DOWNS,3,03:38,FG40,TD,3,01:59,SS00,1
SSFG2102,FG,SS,Frankfurt Galaxy,Stuttgart Surge,6/27/2021,Stuttgart,Gazi-Stadion,15:00,18:05,Y,2:05,750,26 C,no wind,partly cloudy,M. Scholz,D. Clemence,S. Heimerdinger,A. Ortmann,J. Scott,C. Beckmann,Y. Hamiko,FG,1,0,SS01,"V,1,0,H01","21,6,146","RUSH:6,H00, T:01:59","M. Johannknecht rush for 1 yard to the SS0, 1ST DOWN FG, TOUCHDOWN, clock 01:59.","V,1,10,H15",R,01:59,NA,R,Y,33,7,NA,21,V,FG,"DOWNS,3,03:38,40","TD,3,01:59,100",4,60,1:39,DOWNS,3,03:38,FG40,TD,3,01:59,SS00,1
SSFG2102,FG,SS,Frankfurt Galaxy,Stuttgart Surge,6/27/2021,Stuttgart,Gazi-Stadion,15:00,18:05,Y,2:05,750,26 C,no wind,partly cloudy,M. Scholz,D. Clemence,S. Heimerdinger,A. Ortmann,J. Scott,C. Beckmann,Y. Hamiko,FG,1,10,SS15,"V,1,10,H15","21,7,147","PAT:K,15,M",M. Siemssen kick attempt failed.,"V,1,0,V35",X,NA,NA,NA,NA,NA,NA,NA,21,V,FG,"DOWNS,3,03:38,40","TD,3,01:59,100",4,60,1:39,DOWNS,3,03:38,FG40,TD,3,01:59,SS00,1
SSFG2102,FG,SS,Frankfurt Galaxy,Stuttgart Surge,6/27/2021,Stuttgart,Gazi-Stadion,15:00,18:05,Y,2:05,750,26 C,no wind,partly cloudy,M. Scholz,D. Clemence,S. Heimerdinger,A. Ortmann,J. Scott,C. Beckmann,Y. Hamiko,FG,1,0,FG35,"V,1,0,V35","21,8,148","KO:19,H02 RET:23,H17 OB:","N. Strahmann kickoff 63 yards to the SS2, M. Dabo return 15 yards to the SS17, out-of-bounds.","H,1,10,H17",K,NA,Y,NA,NA,NA,NA,NA,21,V,FG,"DOWNS,3,03:38,40","TD,3,01:59,100",4,60,1:39,DOWNS,3,03:38,FG40,TD,3,01:59,SS00,1
SSFG2102,FG,SS,Frankfurt Galaxy,Stuttgart Surge,6/27/2021,Stuttgart,Gazi-Stadion,15:00,18:05,Y,2:05,750,26 C,no wind,partly cloudy,M. Scholz,D. Clemence,S. Heimerdinger,A. Ortmann,J. Scott,C. Beckmann,Y. Hamiko,SS,1,10,SS17,"H,1,10,H17","22,1,149",{DRIVE}:01:59,STUTTGART SURGE drive start at 01:59.,"H,1,10,H17",NA,01:59,NA,NA,NA,NA,NA,NA,22,H,SS,"KO,3,01:59,17","FUMB,4,15:00,56",7,39,1:59,KO,3,01:59,SS17,FUMB,4,15:00,FG44,NA
SSFG2102,FG,SS,Frankfurt Galaxy,Stuttgart Surge,6/27/2021,Stuttgart,Gazi-Stadion,15:00,18:05,Y,2:05,750,26 C,no wind,partly cloudy,M. Scholz,D. Clemence,S. Heimerdinger,A. Ortmann,J. Scott,C. Beckmann,Y. Hamiko,SS,1,10,SS17,"H,1,10,H17","22,2,150","RUSH:27,H22, TACK:99,40",S. Shannon rush for 5 yards to the SS22 (K. Maier;K. King).,"H,2,5,H22",R,NA,NA,NA,NA,NA,NA,NA,22,H,SS,"KO,3,01:59,17","FUMB,4,15:00,56",7,39,1:59,KO,3,01:59,SS17,FUMB,4,15:00,FG44,NA
SSFG2102,FG,SS,Frankfurt Galaxy,Stuttgart Surge,6/27/2021,Stuttgart,Gazi-Stadion,15:00,18:05,Y,2:05,750,26 C,no wind,partly cloudy,M. Scholz,D. Clemence,S. Heimerdinger,A. Ortmann,J. Scott,C. Beckmann,Y. Hamiko,SS,2,5,SS22,"H,2,5,H22","22,3,151","PASS:6,C,5,H32 TACK:23,14","J. Wright pass complete to D. Meza for 10 yards to the SS32, 1ST DOWN SS (D. Cooper;J. Poznanski).","H,1,10,H32",P,NA,NA,P,NA,NA,NA,NA,22,H,SS,"KO,3,01:59,17","FUMB,4,15:00,56",7,39,1:59,KO,3,01:59,SS17,FUMB,4,15:00,FG44,NA
SSFG2102,FG,SS,Frankfurt Galaxy,Stuttgart Surge,6/27/2021,Stuttgart,Gazi-Stadion,15:00,18:05,Y,2:05,750,26 C,no wind,partly cloudy,M. Scholz,D. Clemence,S. Heimerdinger,A. Ortmann,J. Scott,C. Beckmann,Y. Hamiko,SS,1,10,SS32,"H,1,10,H32","22,4,152","RUSH:6,H34, TACK:90",J. Wright rush for 2 yards to the SS34 (M. A. Hor).,"H,2,8,H34",R,NA,NA,NA,NA,NA,NA,NA,22,H,SS,"KO,3,01:59,17","FUMB,4,15:00,56",7,39,1:59,KO,3,01:59,SS17,FUMB,4,15:00,FG44,NA
SSFG2102,FG,SS,Frankfurt Galaxy,Stuttgart Surge,6/27/2021,Stuttgart,Gazi-Stadion,15:00,18:05,Y,2:05,750,26 C,no wind,partly cloudy,M. Scholz,D. Clemence,S. Heimerdinger,A. Ortmann,J. Scott,C. Beckmann,Y. Hamiko,SS,2,8,SS34,"H,2,8,H34","22,5,153",Q:4 T:15:00,"Start of 4th quarter, clock 15:00.","H,2,8,H34",#,15:00,NA,NA,NA,NA,NA,NA,22,H,SS,"KO,3,01:59,17","FUMB,4,15:00,56",7,39,1:59,KO,3,01:59,SS17,FUMB,4,15:00,FG44,NA
SSFG2102,FG,SS,Frankfurt Galaxy,Stuttgart Surge,6/27/2021,Stuttgart,Gazi-Stadion,15:00,18:05,Y,2:05,750,26 C,no wind,partly cloudy,M. Scholz,D. Clemence,S. Heimerdinger,A. Ortmann,J. Scott,C. Beckmann,Y. Hamiko,SS,2,8,SS34,"H,2,8,H34","22,6,154","PASS:6,C,12,H45 TACK:56","J. Wright pass complete to F. Latour for 11 yards to the SS45, 1ST DOWN SS (S. Silva Gomez).","H,1,10,H45",P,NA,NA,P,NA,NA,NA,NA,22,H,SS,"KO,3,01:59,17","FUMB,4,15:00,56",7,39,1:59,KO,3,01:59,SS17,FUMB,4,15:00,FG44,NA
SSFG2102,FG,SS,Frankfurt Galaxy,Stuttgart Surge,6/27/2021,Stuttgart,Gazi-Stadion,15:00,18:05,Y,2:05,750,26 C,no wind,partly cloudy,M. Scholz,D. Clemence,S. Heimerdinger,A. Ortmann,J. Scott,C. Beckmann,Y. Hamiko,SS,1,10,SS45,"H,1,10,H45","22,7,155","RUSH:27,H44, TACK:55",S. Shannon rush for loss of 1 yard to the SS44 (V. Valasti).,"H,2,11,H44",R,NA,NA,NA,NA,NA,NA,NA,22,H,SS,"KO,3,01:59,17","FUMB,4,15:00,56",7,39,1:59,KO,3,01:59,SS17,FUMB,4,15:00,FG44,NA
SSFG2102,FG,SS,Frankfurt Galaxy,Stuttgart Surge,6/27/2021,Stuttgart,Gazi-Stadion,15:00,18:05,Y,2:05,750,26 C,no wind,partly cloudy,M. Scholz,D. Clemence,S. Heimerdinger,A. Ortmann,J. Scott,C. Beckmann,Y. Hamiko,SS,2,11,SS44,"H,2,11,H44","22,8,156","PASS:6,C,18,V48",J. Wright pass complete to P. Steigerwald for 8 yards to the FG48.,"H,3,3,V48",P,NA,NA,NA,NA,NA,NA,NA,22,H,SS,"KO,3,01:59,17","FUMB,4,15:00,56",7,39,1:59,KO,3,01:59,SS17,FUMB,4,15:00,FG44,NA
SSFG2102,FG,SS,Frankfurt Galaxy,Stuttgart Surge,6/27/2021,Stuttgart,Gazi-Stadion,15:00,18:05,Y,2:05,750,26 C,no wind,partly cloudy,M. Scholz,D. Clemence,S. Heimerdinger,A. Ortmann,J. Scott,C. Beckmann,Y. Hamiko,SS,3,3,FG48,"H,3,3,V48","22,9,157","RUSH:6,V44, FORCE:41 FUMB:V,V44,41","J. Wright rush for 4 yards to the FG44, fumble forced by S. Gauthier, fumble by J. Wright recovered by FG S. Gauthier at FG44.","V,1,10,V44",R,NA,NA,NA,NA,NA,NA,F,22,H,SS,"KO,3,01:59,17","FUMB,4,15:00,56",7,39,1:59,KO,3,01:59,SS17,FUMB,4,15:00,FG44,NA
SSFG2102,FG,SS,Frankfurt Galaxy,Stuttgart Surge,6/27/2021,Stuttgart,Gazi-Stadion,15:00,18:05,Y,2:05,750,26 C,no wind,partly cloudy,M. Scholz,D. Clemence,S. Heimerdinger,A. Ortmann,J. Scott,C. Beckmann,Y. Hamiko,FG,1,10,FG44,"V,1,10,V44","23,1,158",{DRIVE}:15:00,FRANKFURT GALAXY drive start at 15:00.,"V,1,10,V44",NA,15:00,NA,NA,NA,NA,NA,NA,23,V,FG,"FUMB,4,15:00,44","FG,4,10:20,86",7,42,4:40,FUMB,4,15:00,FG44,FG,4,10:20,SS14,1
SSFG2102,FG,SS,Frankfurt Galaxy,Stuttgart Surge,6/27/2021,Stuttgart,Gazi-Stadion,15:00,18:05,Y,2:05,750,26 C,no wind,partly cloudy,M. Scholz,D. Clemence,S. Heimerdinger,A. Ortmann,J. Scott,C. Beckmann,Y. Hamiko,FG,1,10,FG44,"V,1,10,V44","23,2,159","RUSH:22,H39, TACK:32,31","G. Ameln rush for 17 yards to the SS39, 1ST DOWN FG (J. Ludwig-M.;N. Wenzelburger).","V,1,10,H39",R,NA,NA,R,NA,NA,NA,NA,23,V,FG,"FUMB,4,15:00,44","FG,4,10:20,86",7,42,4:40,FUMB,4,15:00,FG44,FG,4,10:20,SS14,1
SSFG2102,FG,SS,Frankfurt Galaxy,Stuttgart Surge,6/27/2021,Stuttgart,Gazi-Stadion,15:00,18:05,Y,2:05,750,26 C,no wind,partly cloudy,M. Scholz,D. Clemence,S. Heimerdinger,A. Ortmann,J. Scott,C. Beckmann,Y. Hamiko,FG,1,10,SS39,"V,1,10,H39","23,3,160","RUSH:6,H31, TACK:45",M. Johannknecht rush for 8 yards to the SS31 (N. Hamulic).,"V,2,2,H31",R,NA,NA,NA,NA,NA,NA,NA,23,V,FG,"FUMB,4,15:00,44","FG,4,10:20,86",7,42,4:40,FUMB,4,15:00,FG44,FG,4,10:20,SS14,1
SSFG2102,FG,SS,Frankfurt Galaxy,Stuttgart Surge,6/27/2021,Stuttgart,Gazi-Stadion,15:00,18:05,Y,2:05,750,26 C,no wind,partly cloudy,M. Scholz,D. Clemence,S. Heimerdinger,A. Ortmann,J. Scott,C. Beckmann,Y. Hamiko,FG,2,2,SS31,"V,2,2,H31","23,4,161","PASS:6,C,19,H19 TACK:21,44","M. Johannknecht pass complete to N. Strahmann for 12 yards to the SS19, 1ST DOWN FG (J. Jacob;J. Mbala).","V,1,10,H19",P,NA,NA,P,NA,NA,NA,NA,23,V,FG,"FUMB,4,15:00,44","FG,4,10:20,86",7,42,4:40,FUMB,4,15:00,FG44,FG,4,10:20,SS14,1
SSFG2102,FG,SS,Frankfurt Galaxy,Stuttgart Surge,6/27/2021,Stuttgart,Gazi-Stadion,15:00,18:05,Y,2:05,750,26 C,no wind,partly cloudy,M. Scholz,D. Clemence,S. Heimerdinger,A. Ortmann,J. Scott,C. Beckmann,Y. Hamiko,FG,1,10,SS19,"V,1,10,H19","23,5,162","PASS:6,C,19,H16 TACK:30",M. Johannknecht pass complete to N. Strahmann for 3 yards to the SS16 (T. Becker).,"V,2,7,H16",P,NA,NA,NA,NA,NA,NA,NA,23,V,FG,"FUMB,4,15:00,44","FG,4,10:20,86",7,42,4:40,FUMB,4,15:00,FG44,FG,4,10:20,SS14,1
SSFG2102,FG,SS,Frankfurt Galaxy,Stuttgart Surge,6/27/2021,Stuttgart,Gazi-Stadion,15:00,18:05,Y,2:05,750,26 C,no wind,partly cloudy,M. Scholz,D. Clemence,S. Heimerdinger,A. Ortmann,J. Scott,C. Beckmann,Y. Hamiko,FG,2,7,SS16,"V,2,7,H16","23,6,163","PASS:6,I,22,*",M. Johannknecht pass incomplete to G. Ameln.,"V,3,7,H16",P,NA,NA,NA,NA,NA,NA,NA,23,V,FG,"FUMB,4,15:00,44","FG,4,10:20,86",7,42,4:40,FUMB,4,15:00,FG44,FG,4,10:20,SS14,1
SSFG2102,FG,SS,Frankfurt Galaxy,Stuttgart Surge,6/27/2021,Stuttgart,Gazi-Stadion,15:00,18:05,Y,2:05,750,26 C,no wind,partly cloudy,M. Scholz,D. Clemence,S. Heimerdinger,A. Ortmann,J. Scott,C. Beckmann,Y. Hamiko,FG,3,7,SS16,"V,3,7,H16","23,7,164","RUSH:6,H14, TACK:20",M. Johannknecht rush for 2 yards to the SS14 (D. Warren).,"V,4,5,H14",R,NA,NA,NA,NA,NA,NA,NA,23,V,FG,"FUMB,4,15:00,44","FG,4,10:20,86",7,42,4:40,FUMB,4,15:00,FG44,FG,4,10:20,SS14,1
SSFG2102,FG,SS,Frankfurt Galaxy,Stuttgart Surge,6/27/2021,Stuttgart,Gazi-Stadion,15:00,18:05,Y,2:05,750,26 C,no wind,partly cloudy,M. Scholz,D. Clemence,S. Heimerdinger,A. Ortmann,J. Scott,C. Beckmann,Y. Hamiko,FG,4,5,SS14,"V,4,5,H14","23,8,165","FGA:19,31,G T:10:20","N. Strahmann field goal attempt from 31 GOOD, clock 10:20.","V,1,0,V35",F,10:20,NA,NA,Y,36,7,NA,23,V,FG,"FUMB,4,15:00,44","FG,4,10:20,86",7,42,4:40,FUMB,4,15:00,FG44,FG,4,10:20,SS14,1
SSFG2102,FG,SS,Frankfurt Galaxy,Stuttgart Surge,6/27/2021,Stuttgart,Gazi-Stadion,15:00,18:05,Y,2:05,750,26 C,no wind,partly cloudy,M. Scholz,D. Clemence,S. Heimerdinger,A. Ortmann,J. Scott,C. Beckmann,Y. Hamiko,FG,1,0,FG35,"V,1,0,V35","23,9,166","KO:19,H03 RET:27,H25 TACK:56","N. Strahmann kickoff 62 yards to the SS3, S. Shannon return 22 yards to the SS25 (S. Silva Gomez).","H,1,10,H25",K,NA,NA,NA,NA,NA,NA,NA,23,V,FG,"FUMB,4,15:00,44","FG,4,10:20,86",7,42,4:40,FUMB,4,15:00,FG44,FG,4,10:20,SS14,1
SSFG2102,FG,SS,Frankfurt Galaxy,Stuttgart Surge,6/27/2021,Stuttgart,Gazi-Stadion,15:00,18:05,Y,2:05,750,26 C,no wind,partly cloudy,M. Scholz,D. Clemence,S. Heimerdinger,A. Ortmann,J. Scott,C. Beckmann,Y. Hamiko,SS,1,10,SS25,"H,1,10,H25","24,1,167",{DRIVE}:10:20,STUTTGART SURGE drive start at 10:20.,"H,1,10,H25",NA,10:20,NA,NA,NA,NA,NA,NA,24,H,SS,"KO,4,10:20,25","TD,4,08:20,100",5,75,2:00,KO,4,10:20,SS25,TD,4,08:20,FG00,1
SSFG2102,FG,SS,Frankfurt Galaxy,Stuttgart Surge,6/27/2021,Stuttgart,Gazi-Stadion,15:00,18:05,Y,2:05,750,26 C,no wind,partly cloudy,M. Scholz,D. Clemence,S. Heimerdinger,A. Ortmann,J. Scott,C. Beckmann,Y. Hamiko,SS,1,10,SS25,"H,1,10,H25","24,2,168","PASS:6,C,88,V41","J. Wright pass complete to M. Pludra for 34 yards to the FG41, 1ST DOWN SS.","H,1,10,V41",P,NA,NA,P,NA,NA,NA,NA,24,H,SS,"KO,4,10:20,25","TD,4,08:20,100",5,75,2:00,KO,4,10:20,SS25,TD,4,08:20,FG00,1
SSFG2102,FG,SS,Frankfurt Galaxy,Stuttgart Surge,6/27/2021,Stuttgart,Gazi-Stadion,15:00,18:05,Y,2:05,750,26 C,no wind,partly cloudy,M. Scholz,D. Clemence,S. Heimerdinger,A. Ortmann,J. Scott,C. Beckmann,Y. Hamiko,SS,1,10,FG41,"H,1,10,V41","24,3,169","PASS:6,I,19,*",J. Wright pass incomplete to 19.,"H,2,10,V41",P,NA,NA,NA,NA,NA,NA,NA,24,H,SS,"KO,4,10:20,25","TD,4,08:20,100",5,75,2:00,KO,4,10:20,SS25,TD,4,08:20,FG00,1
SSFG2102,FG,SS,Frankfurt Galaxy,Stuttgart Surge,6/27/2021,Stuttgart,Gazi-Stadion,15:00,18:05,Y,2:05,750,26 C,no wind,partly cloudy,M. Scholz,D. Clemence,S. Heimerdinger,A. Ortmann,J. Scott,C. Beckmann,Y. Hamiko,SS,2,10,FG41,"H,2,10,V41","24,4,170","PEN:V,PF,A,27,V26,1","PENALTY FG personal foul (F. Schneikert) 15 yards to the FG26, 1ST DOWN SS.","H,1,10,V26",E,NA,NA,E,NA,NA,NA,NA,24,H,SS,"KO,4,10:20,25","TD,4,08:20,100",5,75,2:00,KO,4,10:20,SS25,TD,4,08:20,FG00,1
SSFG2102,FG,SS,Frankfurt Galaxy,Stuttgart Surge,6/27/2021,Stuttgart,Gazi-Stadion,15:00,18:05,Y,2:05,750,26 C,no wind,partly cloudy,M. Scholz,D. Clemence,S. Heimerdinger,A. Ortmann,J. Scott,C. Beckmann,Y. Hamiko,SS,1,10,FG26,"H,1,10,V26","24,5,171","RUSH:6,V23, TACK:43,19",J. Wright rush for 3 yards to the FG23 (J. Silva Gomez;N. Strahmann).,"H,2,7,V23",R,NA,NA,NA,NA,NA,NA,NA,24,H,SS,"KO,4,10:20,25","TD,4,08:20,100",5,75,2:00,KO,4,10:20,SS25,TD,4,08:20,FG00,1
SSFG2102,FG,SS,Frankfurt Galaxy,Stuttgart Surge,6/27/2021,Stuttgart,Gazi-Stadion,15:00,18:05,Y,2:05,750,26 C,no wind,partly cloudy,M. Scholz,D. Clemence,S. Heimerdinger,A. Ortmann,J. Scott,C. Beckmann,Y. Hamiko,SS,2,7,FG23,"H,2,7,V23","24,6,172","PASS:6,C,5,V01 OB:","J. Wright pass complete to D. Meza for 22 yards to the FG1, 1ST DOWN SS, out-of-bounds.","H,1,0,V01",P,NA,Y,P,NA,NA,NA,NA,24,H,SS,"KO,4,10:20,25","TD,4,08:20,100",5,75,2:00,KO,4,10:20,SS25,TD,4,08:20,FG00,1
SSFG2102,FG,SS,Frankfurt Galaxy,Stuttgart Surge,6/27/2021,Stuttgart,Gazi-Stadion,15:00,18:05,Y,2:05,750,26 C,no wind,partly cloudy,M. Scholz,D. Clemence,S. Heimerdinger,A. Ortmann,J. Scott,C. Beckmann,Y. Hamiko,SS,1,0,FG01,"H,1,0,V01","24,7,173","RUSH:6,V00, T:08:20","J. Wright rush for 1 yard to the FG0, 1ST DOWN SS, TOUCHDOWN, clock 08:20.","H,1,10,V15",R,08:20,NA,R,Y,36,13,NA,24,H,SS,"KO,4,10:20,25","TD,4,08:20,100",5,75,2:00,KO,4,10:20,SS25,TD,4,08:20,FG00,1
SSFG2102,FG,SS,Frankfurt Galaxy,Stuttgart Surge,6/27/2021,Stuttgart,Gazi-Stadion,15:00,18:05,Y,2:05,750,26 C,no wind,partly cloudy,M. Scholz,D. Clemence,S. Heimerdinger,A. Ortmann,J. Scott,C. Beckmann,Y. Hamiko,SS,1,10,FG15,"H,1,10,V15","24,8,174","PAT:K,3,G",T. Bronn kick attempt good.,"H,1,0,H35",X,NA,NA,NA,Y,36,14,NA,24,H,SS,"KO,4,10:20,25","TD,4,08:20,100",5,75,2:00,KO,4,10:20,SS25,TD,4,08:20,FG00,1
SSFG2102,FG,SS,Frankfurt Galaxy,Stuttgart Surge,6/27/2021,Stuttgart,Gazi-Stadion,15:00,18:05,Y,2:05,750,26 C,no wind,partly cloudy,M. Scholz,D. Clemence,S. Heimerdinger,A. Ortmann,J. Scott,C. Beckmann,Y. Hamiko,SS,1,0,SS35,"H,1,0,H35","24,9,175","KO:3,V00 RET:10,V25 TACK:21","T. Bronn kickoff 65 yards to the FG0, O. Williams return 25 yards to the FG25 (J. Jacob).","V,1,10,V25",K,NA,NA,NA,NA,NA,NA,NA,24,H,SS,"KO,4,10:20,25","TD,4,08:20,100",5,75,2:00,KO,4,10:20,SS25,TD,4,08:20,FG00,1
SSFG2102,FG,SS,Frankfurt Galaxy,Stuttgart Surge,6/27/2021,Stuttgart,Gazi-Stadion,15:00,18:05,Y,2:05,750,26 C,no wind,partly cloudy,M. Scholz,D. Clemence,S. Heimerdinger,A. Ortmann,J. Scott,C. Beckmann,Y. Hamiko,FG,1,10,FG25,"V,1,10,V25","25,1,176",{DRIVE}:08:20,FRANKFURT GALAXY drive start at 08:20.,"V,1,10,V25",NA,08:20,NA,NA,NA,NA,NA,NA,25,V,FG,"KO,4,08:20,25","TD,4,03:54,100",10,75,4:26,KO,4,08:20,FG25,TD,4,03:54,SS00,1
SSFG2102,FG,SS,Frankfurt Galaxy,Stuttgart Surge,6/27/2021,Stuttgart,Gazi-Stadion,15:00,18:05,Y,2:05,750,26 C,no wind,partly cloudy,M. Scholz,D. Clemence,S. Heimerdinger,A. Ortmann,J. Scott,C. Beckmann,Y. Hamiko,FG,1,10,FG25,"V,1,10,V25","25,2,177","PASS:7,C,13,H39 TACK:8","J. Sullivan pass complete to M. Rutsch for 36 yards to the SS39, 1ST DOWN FG (8).","V,1,10,H39",P,NA,NA,P,NA,NA,NA,NA,25,V,FG,"KO,4,08:20,25","TD,4,03:54,100",10,75,4:26,KO,4,08:20,FG25,TD,4,03:54,SS00,1
SSFG2102,FG,SS,Frankfurt Galaxy,Stuttgart Surge,6/27/2021,Stuttgart,Gazi-Stadion,15:00,18:05,Y,2:05,750,26 C,no wind,partly cloudy,M. Scholz,D. Clemence,S. Heimerdinger,A. Ortmann,J. Scott,C. Beckmann,Y. Hamiko,FG,1,10,SS39,"V,1,10,H39","25,3,178","PASS:7,C,15,H39 TACK:20",J. Sullivan pass complete to M. Siemssen for no gain to the SS39 (D. Warren).,"V,2,10,H39",P,NA,NA,NA,NA,NA,NA,NA,25,V,FG,"KO,4,08:20,25","TD,4,03:54,100",10,75,4:26,KO,4,08:20,FG25,TD,4,03:54,SS00,1
SSFG2102,FG,SS,Frankfurt Galaxy,Stuttgart Surge,6/27/2021,Stuttgart,Gazi-Stadion,15:00,18:05,Y,2:05,750,26 C,no wind,partly cloudy,M. Scholz,D. Clemence,S. Heimerdinger,A. Ortmann,J. Scott,C. Beckmann,Y. Hamiko,FG,2,10,SS39,"V,2,10,H39","25,4,179","PASS:7,I,17,*",J. Sullivan pass incomplete to N. Schoen.,"V,3,10,H39",P,NA,NA,NA,NA,NA,NA,NA,25,V,FG,"KO,4,08:20,25","TD,4,03:54,100",10,75,4:26,KO,4,08:20,FG25,TD,4,03:54,SS00,1
SSFG2102,FG,SS,Frankfurt Galaxy,Stuttgart Surge,6/27/2021,Stuttgart,Gazi-Stadion,15:00,18:05,Y,2:05,750,26 C,no wind,partly cloudy,M. Scholz,D. Clemence,S. Heimerdinger,A. Ortmann,J. Scott,C. Beckmann,Y. Hamiko,FG,3,10,SS39,"V,3,10,H39","25,5,180","PASS:7,C,81,H24 TACK:8,48","J. Sullivan pass complete to N. Bomba for 15 yards to the SS24, 1ST DOWN FG (8;T. Stickel).","V,1,10,H24",P,NA,NA,P,NA,NA,NA,NA,25,V,FG,"KO,4,08:20,25","TD,4,03:54,100",10,75,4:26,KO,4,08:20,FG25,TD,4,03:54,SS00,1
SSFG2102,FG,SS,Frankfurt Galaxy,Stuttgart Surge,6/27/2021,Stuttgart,Gazi-Stadion,15:00,18:05,Y,2:05,750,26 C,no wind,partly cloudy,M. Scholz,D. Clemence,S. Heimerdinger,A. Ortmann,J. Scott,C. Beckmann,Y. Hamiko,FG,1,10,SS24,"V,1,10,H24","25,6,181","RUSH:22,H20, TACK:20,72",G. Ameln rush for 4 yards to the SS20 (D. Warren;D. Pisaric).,"V,2,6,H20",R,NA,NA,NA,NA,NA,NA,NA,25,V,FG,"KO,4,08:20,25","TD,4,03:54,100",10,75,4:26,KO,4,08:20,FG25,TD,4,03:54,SS00,1
SSFG2102,FG,SS,Frankfurt Galaxy,Stuttgart Surge,6/27/2021,Stuttgart,Gazi-Stadion,15:00,18:05,Y,2:05,750,26 C,no wind,partly cloudy,M. Scholz,D. Clemence,S. Heimerdinger,A. Ortmann,J. Scott,C. Beckmann,Y. Hamiko,FG,2,6,SS20,"V,2,6,H20","25,7,182","RUSH:22,H10, OB:","G. Ameln rush for 10 yards to the SS10, 1ST DOWN FG, out-of-bounds.","V,1,0,H10",R,NA,Y,R,NA,NA,NA,NA,25,V,FG,"KO,4,08:20,25","TD,4,03:54,100",10,75,4:26,KO,4,08:20,FG25,TD,4,03:54,SS00,1
SSFG2102,FG,SS,Frankfurt Galaxy,Stuttgart Surge,6/27/2021,Stuttgart,Gazi-Stadion,15:00,18:05,Y,2:05,750,26 C,no wind,partly cloudy,M. Scholz,D. Clemence,S. Heimerdinger,A. Ortmann,J. Scott,C. Beckmann,Y. Hamiko,FG,1,0,SS10,"V,1,0,H10","25,8,183","PASS:7,I,15,*",J. Sullivan pass incomplete to M. Siemssen.,"V,2,0,H10",P,NA,NA,NA,NA,NA,NA,NA,25,V,FG,"KO,4,08:20,25","TD,4,03:54,100",10,75,4:26,KO,4,08:20,FG25,TD,4,03:54,SS00,1
SSFG2102,FG,SS,Frankfurt Galaxy,Stuttgart Surge,6/27/2021,Stuttgart,Gazi-Stadion,15:00,18:05,Y,2:05,750,26 C,no wind,partly cloudy,M. Scholz,D. Clemence,S. Heimerdinger,A. Ortmann,J. Scott,C. Beckmann,Y. Hamiko,FG,2,0,SS10,"V,2,0,H10","25,9,184","PEN:V,OPB,D",PENALTY FG OPB declined.,"V,2,0,H10",E,NA,NA,NA,NA,NA,NA,NA,25,V,FG,"KO,4,08:20,25","TD,4,03:54,100",10,75,4:26,KO,4,08:20,FG25,TD,4,03:54,SS00,1
SSFG2102,FG,SS,Frankfurt Galaxy,Stuttgart Surge,6/27/2021,Stuttgart,Gazi-Stadion,15:00,18:05,Y,2:05,750,26 C,no wind,partly cloudy,M. Scholz,D. Clemence,S. Heimerdinger,A. Ortmann,J. Scott,C. Beckmann,Y. Hamiko,FG,2,0,SS10,"V,2,0,H10","25,10,185","PEN:V,OPB,A,50,H20,N",PENALTY FG OPB (50) 10 yards to the SS20.,"V,2,0,H20",E,NA,NA,NA,NA,NA,NA,NA,25,V,FG,"KO,4,08:20,25","TD,4,03:54,100",10,75,4:26,KO,4,08:20,FG25,TD,4,03:54,SS00,1
SSFG2102,FG,SS,Frankfurt Galaxy,Stuttgart Surge,6/27/2021,Stuttgart,Gazi-Stadion,15:00,18:05,Y,2:05,750,26 C,no wind,partly cloudy,M. Scholz,D. Clemence,S. Heimerdinger,A. Ortmann,J. Scott,C. Beckmann,Y. Hamiko,FG,2,0,SS20,"V,2,0,H20","25,11,186","RUSH:22,H12, TACK:99",G. Ameln rush for 8 yards to the SS12 (S. Vardar).,"V,3,0,H12",R,NA,NA,NA,NA,NA,NA,NA,25,V,FG,"KO,4,08:20,25","TD,4,03:54,100",10,75,4:26,KO,4,08:20,FG25,TD,4,03:54,SS00,1
SSFG2102,FG,SS,Frankfurt Galaxy,Stuttgart Surge,6/27/2021,Stuttgart,Gazi-Stadion,15:00,18:05,Y,2:05,750,26 C,no wind,partly cloudy,M. Scholz,D. Clemence,S. Heimerdinger,A. Ortmann,J. Scott,C. Beckmann,Y. Hamiko,FG,3,0,SS12,"V,3,0,H12","25,12,187","RUSH:22,H12, TACK:20,21",G. Ameln rush for no gain to the SS12 (D. Warren;J. Jacob).,"V,4,0,H12",R,NA,NA,NA,NA,NA,NA,NA,25,V,FG,"KO,4,08:20,25","TD,4,03:54,100",10,75,4:26,KO,4,08:20,FG25,TD,4,03:54,SS00,1
SSFG2102,FG,SS,Frankfurt Galaxy,Stuttgart Surge,6/27/2021,Stuttgart,Gazi-Stadion,15:00,18:05,Y,2:05,750,26 C,no wind,partly cloudy,M. Scholz,D. Clemence,S. Heimerdinger,A. Ortmann,J. Scott,C. Beckmann,Y. Hamiko,FG,4,0,SS12,"V,4,0,H12","25,13,188","PEN:V,OH,D",PENALTY FG OH declined.,"V,4,0,H12",E,NA,NA,NA,NA,NA,NA,NA,25,V,FG,"KO,4,08:20,25","TD,4,03:54,100",10,75,4:26,KO,4,08:20,FG25,TD,4,03:54,SS00,1
SSFG2102,FG,SS,Frankfurt Galaxy,Stuttgart Surge,6/27/2021,Stuttgart,Gazi-Stadion,15:00,18:05,Y,2:05,750,26 C,no wind,partly cloudy,M. Scholz,D. Clemence,S. Heimerdinger,A. Ortmann,J. Scott,C. Beckmann,Y. Hamiko,FG,4,0,SS12,"V,4,0,H12","25,14,189","RUSH:22,H00, T:03:54","G. Ameln rush for 12 yards to the SS0, 1ST DOWN FG, TOUCHDOWN, clock 03:54.","V,1,10,H15",R,03:54,NA,R,Y,42,14,NA,25,V,FG,"KO,4,08:20,25","TD,4,03:54,100",10,75,4:26,KO,4,08:20,FG25,TD,4,03:54,SS00,1
SSFG2102,FG,SS,Frankfurt Galaxy,Stuttgart Surge,6/27/2021,Stuttgart,Gazi-Stadion,15:00,18:05,Y,2:05,750,26 C,no wind,partly cloudy,M. Scholz,D. Clemence,S. Heimerdinger,A. Ortmann,J. Scott,C. Beckmann,Y. Hamiko,FG,1,10,SS15,"V,1,10,H15","25,15,190","PAT:K,15,M",M. Siemssen kick attempt failed.,"V,1,0,V35",X,NA,NA,NA,NA,NA,NA,NA,25,V,FG,"KO,4,08:20,25","TD,4,03:54,100",10,75,4:26,KO,4,08:20,FG25,TD,4,03:54,SS00,1
SSFG2102,FG,SS,Frankfurt Galaxy,Stuttgart Surge,6/27/2021,Stuttgart,Gazi-Stadion,15:00,18:05,Y,2:05,750,26 C,no wind,partly cloudy,M. Scholz,D. Clemence,S. Heimerdinger,A. Ortmann,J. Scott,C. Beckmann,Y. Hamiko,FG,1,0,FG35,"V,1,0,V35","25,16,191","KO:19,H00 TB:","N. Strahmann kickoff 65 yards to the SS0, touchback.","H,1,10,H25",K,NA,NA,NA,NA,NA,NA,NA,25,V,FG,"KO,4,08:20,25","TD,4,03:54,100",10,75,4:26,KO,4,08:20,FG25,TD,4,03:54,SS00,1
SSFG2102,FG,SS,Frankfurt Galaxy,Stuttgart Surge,6/27/2021,Stuttgart,Gazi-Stadion,15:00,18:05,Y,2:05,750,26 C,no wind,partly cloudy,M. Scholz,D. Clemence,S. Heimerdinger,A. Ortmann,J. Scott,C. Beckmann,Y. Hamiko,SS,1,10,SS25,"H,1,10,H25","26,1,192",{DRIVE}:03:54,STUTTGART SURGE drive start at 03:54.,"H,1,10,H25",NA,03:54,NA,NA,NA,NA,NA,NA,26,H,SS,"KO,4,03:54,25","TD,4,01:55,100",4,75,1:59,KO,4,03:54,SS25,TD,4,01:55,FG00,1
SSFG2102,FG,SS,Frankfurt Galaxy,Stuttgart Surge,6/27/2021,Stuttgart,Gazi-Stadion,15:00,18:05,Y,2:05,750,26 C,no wind,partly cloudy,M. Scholz,D. Clemence,S. Heimerdinger,A. Ortmann,J. Scott,C. Beckmann,Y. Hamiko,SS,1,10,SS25,"H,1,10,H25","26,2,193","RUSH:7,H23, TACK:99,98",T. Edel rush for loss of 2 yards to the SS23 (K. Maier;M. Loetz).,"H,2,12,H23",R,NA,NA,NA,NA,NA,NA,NA,26,H,SS,"KO,4,03:54,25","TD,4,01:55,100",4,75,1:59,KO,4,03:54,SS25,TD,4,01:55,FG00,1
SSFG2102,FG,SS,Frankfurt Galaxy,Stuttgart Surge,6/27/2021,Stuttgart,Gazi-Stadion,15:00,18:05,Y,2:05,750,26 C,no wind,partly cloudy,M. Scholz,D. Clemence,S. Heimerdinger,A. Ortmann,J. Scott,C. Beckmann,Y. Hamiko,SS,2,12,SS23,"H,2,12,H23","26,3,194","PASS:6,C,87,H43 OB:","J. Wright pass complete to D. Rofalski for 20 yards to the SS43, 1ST DOWN SS, out-of-bounds.","H,1,10,H43",P,NA,Y,P,NA,NA,NA,NA,26,H,SS,"KO,4,03:54,25","TD,4,01:55,100",4,75,1:59,KO,4,03:54,SS25,TD,4,01:55,FG00,1
SSFG2102,FG,SS,Frankfurt Galaxy,Stuttgart Surge,6/27/2021,Stuttgart,Gazi-Stadion,15:00,18:05,Y,2:05,750,26 C,no wind,partly cloudy,M. Scholz,D. Clemence,S. Heimerdinger,A. Ortmann,J. Scott,C. Beckmann,Y. Hamiko,SS,1,10,SS43,"H,1,10,H43","26,4,195","PEN:V,RTP,A,TM,V42,N","PENALTY FG RTP 15 yards to the FG42, 1ST DOWN SS.","H,1,10,V42",E,NA,NA,E,NA,NA,NA,NA,26,H,SS,"KO,4,03:54,25","TD,4,01:55,100",4,75,1:59,KO,4,03:54,SS25,TD,4,01:55,FG00,1
SSFG2102,FG,SS,Frankfurt Galaxy,Stuttgart Surge,6/27/2021,Stuttgart,Gazi-Stadion,15:00,18:05,Y,2:05,750,26 C,no wind,partly cloudy,M. Scholz,D. Clemence,S. Heimerdinger,A. Ortmann,J. Scott,C. Beckmann,Y. Hamiko,SS,1,10,FG42,"H,1,10,V42","26,5,196","PASS:6,C,17,V23 OB:","J. Wright pass complete to P. Floeser for 19 yards to the FG23, 1ST DOWN SS, out-of-bounds.","H,1,10,V23",P,NA,Y,P,NA,NA,NA,NA,26,H,SS,"KO,4,03:54,25","TD,4,01:55,100",4,75,1:59,KO,4,03:54,SS25,TD,4,01:55,FG00,1
SSFG2102,FG,SS,Frankfurt Galaxy,Stuttgart Surge,6/27/2021,Stuttgart,Gazi-Stadion,15:00,18:05,Y,2:05,750,26 C,no wind,partly cloudy,M. Scholz,D. Clemence,S. Heimerdinger,A. Ortmann,J. Scott,C. Beckmann,Y. Hamiko,SS,1,10,FG23,"H,1,10,V23","26,6,197","PEN:V,PF,A,44,V12,N","PENALTY FG personal foul (M. Gorelik) 11 yards to the FG12, 1ST DOWN SS.","H,1,10,V12",E,NA,NA,E,NA,NA,NA,NA,26,H,SS,"KO,4,03:54,25","TD,4,01:55,100",4,75,1:59,KO,4,03:54,SS25,TD,4,01:55,FG00,1
SSFG2102,FG,SS,Frankfurt Galaxy,Stuttgart Surge,6/27/2021,Stuttgart,Gazi-Stadion,15:00,18:05,Y,2:05,750,26 C,no wind,partly cloudy,M. Scholz,D. Clemence,S. Heimerdinger,A. Ortmann,J. Scott,C. Beckmann,Y. Hamiko,SS,1,10,FG12,"H,1,10,V12","26,7,198","PASS:6,C,4,V00 T:01:55","J. Wright pass complete to A. Eitel for 12 yards to the FG0, 1ST DOWN SS, TOUCHDOWN, clock 01:55.","H,1,10,V15",P,01:55,NA,P,Y,42,20,NA,26,H,SS,"KO,4,03:54,25","TD,4,01:55,100",4,75,1:59,KO,4,03:54,SS25,TD,4,01:55,FG00,1
SSFG2102,FG,SS,Frankfurt Galaxy,Stuttgart Surge,6/27/2021,Stuttgart,Gazi-Stadion,15:00,18:05,Y,2:05,750,26 C,no wind,partly cloudy,M. Scholz,D. Clemence,S. Heimerdinger,A. Ortmann,J. Scott,C. Beckmann,Y. Hamiko,SS,1,10,FG15,"H,1,10,V15","26,8,199","PAT:K,3,M",T. Bronn kick attempt failed.,"H,1,0,H35",X,NA,NA,NA,NA,NA,NA,NA,26,H,SS,"KO,4,03:54,25","TD,4,01:55,100",4,75,1:59,KO,4,03:54,SS25,TD,4,01:55,FG00,1
SSFG2102,FG,SS,Frankfurt Galaxy,Stuttgart Surge,6/27/2021,Stuttgart,Gazi-Stadion,15:00,18:05,Y,2:05,750,26 C,no wind,partly cloudy,M. Scholz,D. Clemence,S. Heimerdinger,A. Ortmann,J. Scott,C. Beckmann,Y. Hamiko,SS,1,0,SS35,"H,1,0,H35","26,9,200","KO:3,V01 RET:10,V37 TACK:30","T. Bronn kickoff 64 yards to the FG1, O. Williams return 36 yards to the FG37 (T. Becker).","V,1,10,V37",K,NA,NA,NA,NA,NA,NA,NA,26,H,SS,"KO,4,03:54,25","TD,4,01:55,100",4,75,1:59,KO,4,03:54,SS25,TD,4,01:55,FG00,1
SSFG2102,FG,SS,Frankfurt Galaxy,Stuttgart Surge,6/27/2021,Stuttgart,Gazi-Stadion,15:00,18:05,Y,2:05,750,26 C,no wind,partly cloudy,M. Scholz,D. Clemence,S. Heimerdinger,A. Ortmann,J. Scott,C. Beckmann,Y. Hamiko,FG,1,10,FG37,"V,1,10,V37","27,1,201",{DRIVE}:01:55,FRANKFURT GALAXY drive start at 01:55.,"V,1,10,V37",NA,01:55,NA,NA,NA,NA,NA,NA,27,V,FG,"KO,4,01:55,37","HALF,4,00:00,46",3,9,1:55,KO,4,01:55,FG37,HALF,4,00:00,FG46,NA
SSFG2102,FG,SS,Frankfurt Galaxy,Stuttgart Surge,6/27/2021,Stuttgart,Gazi-Stadion,15:00,18:05,Y,2:05,750,26 C,no wind,partly cloudy,M. Scholz,D. Clemence,S. Heimerdinger,A. Ortmann,J. Scott,C. Beckmann,Y. Hamiko,FG,1,10,FG37,"V,1,10,V37","27,2,202","RUSH:22,V26, OB:","G. Ameln rush for loss of 11 yards to the FG26, out-of-bounds.","V,2,21,V26",R,NA,Y,NA,NA,NA,NA,NA,27,V,FG,"KO,4,01:55,37","HALF,4,00:00,46",3,9,1:55,KO,4,01:55,FG37,HALF,4,00:00,FG46,NA
SSFG2102,FG,SS,Frankfurt Galaxy,Stuttgart Surge,6/27/2021,Stuttgart,Gazi-Stadion,15:00,18:05,Y,2:05,750,26 C,no wind,partly cloudy,M. Scholz,D. Clemence,S. Heimerdinger,A. Ortmann,J. Scott,C. Beckmann,Y. Hamiko,FG,2,21,FG26,"V,2,21,V26","27,3,203","RUSH:22,V34, TACK:26,32",G. Ameln rush for 8 yards to the FG34 (R. Pein;J. Ludwig-M.).,"V,3,13,V34",R,NA,NA,NA,NA,NA,NA,NA,27,V,FG,"KO,4,01:55,37","HALF,4,00:00,46",3,9,1:55,KO,4,01:55,FG37,HALF,4,00:00,FG46,NA
SSFG2102,FG,SS,Frankfurt Galaxy,Stuttgart Surge,6/27/2021,Stuttgart,Gazi-Stadion,15:00,18:05,Y,2:05,750,26 C,no wind,partly cloudy,M. Scholz,D. Clemence,S. Heimerdinger,A. Ortmann,J. Scott,C. Beckmann,Y. Hamiko,FG,3,13,FG34,"V,3,13,V34","27,4,204","RUSH:22,V46, TACK:55",G. Ameln rush for 12 yards to the FG46 (D. Graza).,"V,4,1,V46",R,NA,NA,NA,NA,NA,NA,NA,27,V,FG,"KO,4,01:55,37","HALF,4,00:00,46",3,9,1:55,KO,4,01:55,FG37,HALF,4,00:00,FG46,NA
SSFG2102,FG,SS,Frankfurt Galaxy,Stuttgart Surge,6/27/2021,Stuttgart,Gazi-Stadion,15:00,18:05,Y,2:05,750,26 C,no wind,partly cloudy,M. Scholz,D. Clemence,S. Heimerdinger,A. Ortmann,J. Scott,C. Beckmann,Y. Hamiko,FG,4,1,FG46,"V,4,1,V46","27,5,205",HALF: T:00:00,"End of game, clock 00:00.","V,4,1,V46",#,00:00,NA,NA,NA,NA,NA,NA,27,V,FG,"KO,4,01:55,37","HALF,4,00:00,46",3,9,1:55,KO,4,01:55,FG37,HALF,4,00:00,FG46,NA
