team,season,win_total,over,under,true_wins,week_betsettled,actual_wins,result
ARI,2020,7.5,-110,-110,7.5,Week 15,8,Over
ARI,2019,5,-120,100,5.121995516966545,Week 17,5,Push
ARI,2018,6,-130,110,6.2335114062946095,Week 15,3,Under
ARI,2017,8.5,-160,140,9.01659020228123,Week 15,8,Under
ARI,2016,10,-170,150,10.59697060114163,Week 12,7,Under
ARI,2015,8.5,120,-140,8.164265695154667,Week 12,13,Over
ARI,2014,7.5,-175,155,8.134968607875637,Week 10,11,Over
ARI,2013,5.5,-160,125,6.016590202281231,Week 11,10,Over
ARI,2012,7,133,-170,6.40302939885837,Week 16,5,Under
ARI,2011,7,-150,120,7.429779371512001,Week 17,8,Over
ARI,2010,7.5,-140,110,7.835734304845333,Week 13,5,Under
ARI,2009,8.5,-110,-120,8.5,Week 16,10,Over
ARI,2008,7.5,NA,NA,NA,Week 14,9,Over
ARI,2007,7,-135,115,7.285710333214128,Week 17,8,Over
ARI,2006,8,110,-130,7.7664885937053905,Week 12,5,Under
ARI,2005,7,-150,120,7.429779371512001,Week 15,5,Under
ARI,2004,5.5,-130,100,5.7335114062946095,Week 17,6,Over
ARI,2003,5,125,-155,4.5259641265272155,Week 11,4,Under
ARI,2002,6,NA,NA,NA,Week 17,5,Under
ARI,2001,5,NA,NA,NA,Week 15,7,Over
ARI,2000,7,NA,NA,NA,Week 14,3,Under
ARI,1999,8,NA,NA,NA,Week 16,6,Under
ARI,1998,7.5,NA,NA,NA,Week 16,9,Over
ARI,1997,6.5,NA,NA,NA,Week 14,4,Under
ARI,1996,5.5,NA,NA,NA,Week 13,7,Over
ARI,1995,8,NA,NA,NA,Week 14,4,Under
ARI,1994,9,NA,NA,NA,Week 17,8,Under
ARI,1993,6.5,NA,NA,NA,Week 18,7,Over
ARI,1992,4.5,NA,NA,NA,Week 17,4,Under
ARI,1991,5,NA,NA,NA,Week 17,4,Under
ARI,1990,8,NA,NA,NA,Week 15,5,Under
ARI,1989,8.5,NA,NA,NA,Week 13,5,Under
ATL,2020,7.5,100,-120,7.378004483033455,Week 14,4,Under
ATL,2019,8.5,-140,120,8.835734304845333,Week 12,7,Under
ATL,2018,9.5,-120,100,9.621995516966546,Week 12,7,Under
ATL,2017,9.5,-110,-110,9.5,Week 17,10,Over
ATL,2016,7,-130,110,7.2335114062946095,Week 14,11,Over
ATL,2015,8.5,-110,-110,8.5,Week 17,8,Under
ATL,2014,8.5,150,-170,7.90302939885837,Week 14,6,Under
ATL,2013,10,100,-130,9.766488593705391,Week 10,4,Under
ATL,2012,9,-135,105,9.285710333214128,Week 12,13,Over
ATL,2011,10,-105,-125,9.821007472932445,Week 17,10,Push
ATL,2010,9.5,-115,-115,9.562347483139908,Week 13,13,Over
ATL,2009,8.5,100,-135,8.214289666785872,Week 17,9,Over
ATL,2008,4.5,NA,NA,NA,Week 9,11,Over
ATL,2007,7.5,100,-120,7.378004483033455,Week 13,4,Under
ATL,2006,8,-135,115,8.285710333214128,Week 17,7,Under
ATL,2005,9.5,110,-140,9.164265695154667,Week 16,8,Under
ATL,2004,9,-110,-120,9,Week 14,11,Over
ATL,2003,9.5,-115,-115,9.562347483139908,Week 9,5,Under
ATL,2002,7,NA,NA,NA,Week 13,9,Over
ATL,2001,5.5,NA,NA,NA,Week 11,7,Over
ATL,2000,7.5,NA,NA,NA,Week 12,4,Under
ATL,1999,10,NA,NA,NA,Week 9,5,Under
ATL,1998,7,NA,NA,NA,Week 11,14,Over
ATL,1997,6,NA,NA,NA,Week 16,7,Over
ATL,1996,8,NA,NA,NA,Week 11,3,Under
ATL,1995,7.5,NA,NA,NA,Week 15,9,Over
ATL,1994,7.5,NA,NA,NA,Week 16,7,Under
ATL,1993,8,NA,NA,NA,Week 17,6,Under
ATL,1992,9,NA,NA,NA,Week 14,6,Under
ATL,1991,7,NA,NA,NA,Week 14,10,Over
ATL,1990,5.5,NA,NA,NA,Week 15,5,Under
ATL,1989,6.5,NA,NA,NA,Week 13,3,Under
BAL,2020,11.5,120,-140,11.164265695154667,Week 12,11,Under
BAL,2019,8.5,110,-130,8.266488593705391,Week 12,14,Over
BAL,2018,8.5,-120,100,8.621995516966546,Week 16,10,Over
BAL,2017,8.5,130,-150,8.070220628487998,Week 16,9,Over
BAL,2016,8.5,-110,-110,8.5,Week 17,8,Under
BAL,2015,9,-140,120,9.335734304845333,Week 13,5,Under
BAL,2014,8.5,-120,100,8.621995516966546,Week 15,10,Over
BAL,2013,8.5,-110,-120,8.5,Week 17,8,Under
BAL,2012,10,150,-190,9.258899028487999,Week 17,10,Push
BAL,2011,10.5,110,-140,10.164265695154667,Week 16,12,Over
BAL,2010,10,-105,-125,9.821007472932445,Week 16,12,Over
BAL,2009,8.5,-150,120,8.929779371512002,Week 17,9,Over
BAL,2008,6,NA,NA,NA,Week 12,11,Over
BAL,2007,9,-140,120,9.335734304845333,Week 13,5,Under
BAL,2006,8,-130,110,8.233511406294609,Week 12,13,Over
BAL,2005,10,105,-135,9.714289666785872,Week 10,6,Under
BAL,2004,9,100,-130,8.766488593705391,Week 17,9,Push
BAL,2003,7.5,-160,130,8.01659020228123,Week 14,10,Over
BAL,2002,7,NA,NA,NA,Week 17,7,Push
BAL,2001,11,NA,NA,NA,Week 16,10,Under
BAL,2000,9,NA,NA,NA,Week 15,12,Over
BAL,1999,6.5,NA,NA,NA,Week 15,8,Over
BAL,1998,7,NA,NA,NA,Week 16,6,Under
BAL,1997,7,NA,NA,NA,Week 17,6,Under
BAL,1996,7.5,NA,NA,NA,Week 13,4,Under
BUF,2020,9,-120,100,9.121995516966546,Week 14,13,Over
BUF,2019,7,-140,120,7.335734304845333,Week 12,10,Over
BUF,2018,5.5,120,-140,5.164265695154667,Week 17,6,Over
BUF,2017,6.5,130,-150,6.070220628487999,Week 14,9,Over
BUF,2016,8,130,-150,7.570220628487999,Week 17,7,Under
BUF,2015,8.5,130,-150,8.070220628487998,Week 15,8,Under
BUF,2014,6.5,-145,125,6.883716481716082,Week 13,9,Over
BUF,2013,6.5,120,-150,6.070220628487999,Week 17,6,Under
BUF,2012,8,-150,120,8.429779371512002,Week 15,6,Under
BUF,2011,5.5,-120,-110,5.621995516966545,Week 16,6,Over
BUF,2010,5,-125,-105,5.178992527067556,Week 17,4,Under
BUF,2009,7.5,-120,-110,7.621995516966545,Week 15,6,Under
BUF,2008,7.5,NA,NA,NA,Week 17,7,Under
BUF,2007,6,-110,-110,6,Week 14,7,Over
BUF,2006,7,165,-185,6.293035168838877,Week 17,7,Push
BUF,2005,8,-135,105,8.285710333214128,Week 14,5,Under
BUF,2004,7.5,-115,-115,7.562347483139908,Week 15,9,Over
BUF,2003,8.5,-130,100,8.733511406294609,Week 15,6,Under
BUF,2002,7,NA,NA,NA,Week 17,8,Over
BUF,2001,8,NA,NA,NA,Week 11,3,Under
BUF,2000,8.5,NA,NA,NA,Week 16,8,Under
BUF,1999,9,NA,NA,NA,Week 16,11,Over
BUF,1998,6.5,NA,NA,NA,Week 12,10,Over
BUF,1997,8,NA,NA,NA,Week 16,6,Under
BUF,1996,8.5,NA,NA,NA,Week 13,10,Over
BUF,1995,8.5,NA,NA,NA,Week 15,10,Over
BUF,1994,9.5,NA,NA,NA,Week 15,7,Under
BUF,1993,9.5,NA,NA,NA,Week 16,12,Over
BUF,1992,11.5,NA,NA,NA,Week 17,11,Under
BUF,1991,12,NA,NA,NA,Week 16,13,Over
BUF,1990,9.5,NA,NA,NA,Week 13,13,Over
BUF,1989,10.5,NA,NA,NA,Week 14,9,Under
CAR,2020,5.5,-140,120,5.835734304845333,Week 17,5,Under
CAR,2019,8,-130,110,8.233511406294609,Week 15,5,Under
CAR,2018,8.5,110,-130,8.266488593705391,Week 15,7,Under
CAR,2017,9,-120,100,9.121995516966546,Week 15,11,Over
CAR,2016,10.5,120,-140,10.164265695154667,Week 10,6,Under
CAR,2015,8.5,150,-170,7.90302939885837,Week 10,15,Over
CAR,2014,8,145,-165,7.442461292638943,Week 13,7,Under
CAR,2013,7.5,-140,110,7.835734304845333,Week 12,12,Over
CAR,2012,7.5,-145,115,7.883716481716082,Week 13,7,Under
CAR,2011,4.5,-105,-125,4.321007472932444,Week 15,6,Over
CAR,2010,7,115,-145,6.616283518283918,Week 12,2,Under
CAR,2009,8.5,110,-140,8.164265695154667,Week 14,8,Under
CAR,2008,7.5,NA,NA,NA,Week 11,12,Over
CAR,2007,9,120,-140,8.664265695154667,Week 14,7,Under
CAR,2006,10,-110,-110,10,Week 14,8,Under
CAR,2005,9,-130,100,9.233511406294609,Week 15,11,Over
CAR,2004,8.5,100,-130,8.266488593705391,Week 15,7,Under
CAR,2003,7.5,-115,-115,7.562347483139908,Week 11,11,Over
CAR,2002,5,NA,NA,NA,Week 16,7,Over
CAR,2001,6.5,NA,NA,NA,Week 11,1,Under
CAR,2000,8,NA,NA,NA,Week 17,7,Under
CAR,1999,6,NA,NA,NA,Week 15,8,Over
CAR,1998,8,NA,NA,NA,Week 11,4,Under
CAR,1997,10,NA,NA,NA,Week 14,7,Under
CAR,1996,5.5,NA,NA,NA,Week 11,12,Over
CAR,1995,3,NA,NA,NA,Week 10,7,Over
CHI,2020,8,115,-135,7.714289666785872,Week 17,8,Push
CHI,2019,9,-140,120,9.335734304845333,Week 16,8,Under
CHI,2018,7.5,115,-135,7.214289666785872,Week 12,12,Over
CHI,2017,5.5,105,-125,5.321007472932444,Week 17,5,Under
CHI,2016,7.5,145,-165,6.942461292638943,Week 12,3,Under
CHI,2015,6.5,100,-120,6.378004483033455,Week 17,6,Under
CHI,2014,8.5,-150,130,8.929779371512002,Week 14,5,Under
CHI,2013,8.5,-150,120,8.929779371512002,Week 17,8,Under
CHI,2012,9.5,-105,-125,9.321007472932445,Week 17,10,Over
CHI,2011,8.5,130,-160,7.983409797718769,Week 16,8,Under
CHI,2010,8,105,-135,7.714289666785872,Week 13,11,Over
CHI,2009,8.5,-160,130,9.01659020228123,Week 14,7,Under
CHI,2008,8,NA,NA,NA,Week 16,9,Over
CHI,2007,10,115,-135,9.714289666785872,Week 13,7,Under
CHI,2006,9,-160,140,9.51659020228123,Week 13,13,Over
CHI,2005,7,100,-130,6.7664885937053905,Week 12,11,Over
CHI,2004,6.5,-130,100,6.7335114062946095,Week 16,5,Under
CHI,2003,7.5,130,-160,6.983409797718769,Week 17,7,Under
CHI,2002,8,NA,NA,NA,Week 13,4,Under
CHI,2001,7,NA,NA,NA,Week 11,13,Over
CHI,2000,8,NA,NA,NA,Week 13,5,Under
CHI,1999,5,NA,NA,NA,Week 15,6,Over
CHI,1998,5,NA,NA,NA,Week 17,4,Under
CHI,1997,7.5,NA,NA,NA,Week 11,4,Under
CHI,1996,8.5,NA,NA,NA,Week 14,7,Under
CHI,1995,9,NA,NA,NA,Week 17,9,Push
CHI,1994,7,NA,NA,NA,Week 13,9,Over
CHI,1993,7,NA,NA,NA,Week 18,7,Push
CHI,1992,9,NA,NA,NA,Week 13,5,Under
CHI,1991,8,NA,NA,NA,Week 12,11,Over
CHI,1990,8.5,NA,NA,NA,Week 11,11,Over
CHI,1989,11,NA,NA,NA,Week 12,6,Under
CIN,2020,5.5,-150,130,5.929779371512001,Week 14,4,Under
CIN,2019,6,130,-150,5.570220628487999,Week 12,2,Under
CIN,2018,7,-135,115,7.285710333214128,Week 17,6,Under
CIN,2017,8.5,120,-140,8.164265695154667,Week 14,7,Under
CIN,2016,9.5,100,-120,9.378004483033454,Week 11,6,Under
CIN,2015,8.5,100,-120,8.378004483033454,Week 12,12,Over
CIN,2014,9,-110,-110,9,Week 16,10,Over
CIN,2013,8.5,-170,133,9.09697060114163,Week 14,11,Over
CIN,2012,8,105,-135,7.714289666785872,Week 16,10,Over
CIN,2011,5.5,110,-140,5.164265695154667,Week 9,9,Over
CIN,2010,8,-140,110,8.335734304845333,Week 12,4,Under
CIN,2009,7,-130,-110,7.2335114062946095,Week 12,10,Over
CIN,2008,7,NA,NA,NA,Week 12,4,Under
CIN,2007,9,-130,110,9.233511406294609,Week 13,7,Under
CIN,2006,9,-105,-115,8.937652516860092,Week 17,8,Under
CIN,2005,8,-115,-115,8.062347483139908,Week 13,11,Over
CIN,2004,7.5,-115,-115,7.562347483139908,Week 17,8,Over
CIN,2003,5.5,-130,100,5.7335114062946095,Week 12,8,Over
CIN,2002,7,NA,NA,NA,Week 12,2,Under
CIN,2001,5,NA,NA,NA,Week 17,6,Over
CIN,2000,5.5,NA,NA,NA,Week 15,4,Under
CIN,1999,5.5,NA,NA,NA,Week 16,4,Under
CIN,1998,7,NA,NA,NA,Week 13,3,Under
CIN,1997,8.5,NA,NA,NA,Week 12,7,Under
CIN,1996,7.5,NA,NA,NA,Week 17,8,Over
CIN,1995,5.5,NA,NA,NA,Week 15,7,Over
CIN,1994,5,NA,NA,NA,Week 15,3,Under
CIN,1993,4.5,NA,NA,NA,Week 15,3,Under
CIN,1992,6.5,NA,NA,NA,Week 15,5,Under
CIN,1991,9,NA,NA,NA,Week 9,3,Under
CIN,1990,9.5,NA,NA,NA,Week 15,9,Under
CIN,1989,10,NA,NA,NA,Week 14,8,Under
CLE,2020,8.5,-110,-110,8.5,Week 13,11,Over
CLE,2019,9,100,-120,8.878004483033454,Week 15,6,Under
CLE,2018,6,100,-120,5.878004483033455,Week 16,7,Over
CLE,2017,4.5,-180,150,5.171609542940571,Week 13,0,Under
CLE,2016,4.5,-150,130,4.929779371512001,Week 12,1,Under
CLE,2015,6.5,155,-175,5.865031392124363,Week 13,3,Under
CLE,2014,6.5,110,-130,6.2664885937053905,Week 11,7,Over
CLE,2013,6.5,-125,-105,6.678992527067556,Week 15,4,Under
CLE,2012,5.5,133,-170,4.90302939885837,Week 17,5,Under
CLE,2011,6.5,-160,130,7.016590202281231,Week 15,4,Under
CLE,2010,5.5,-130,100,5.7335114062946095,Week 17,5,Under
CLE,2009,7,160,-190,6.258899028487999,Week 12,5,Under
CLE,2008,8,NA,NA,NA,Week 14,4,Under
CLE,2007,5.5,-160,140,6.016590202281231,Week 11,10,Over
CLE,2006,6.5,-175,155,7.134968607875637,Week 15,4,Under
CLE,2005,5,115,-145,4.616283518283918,Week 17,6,Over
CLE,2004,7.5,120,-150,7.070220628487999,Week 13,4,Under
CLE,2003,8.5,100,-130,8.266488593705391,Week 13,5,Under
CLE,2002,8,NA,NA,NA,Week 17,9,Over
CLE,2001,4.5,NA,NA,NA,Week 10,7,Over
CLE,2000,5,NA,NA,NA,Week 15,3,Under
CLE,1999,5,NA,NA,NA,Week 14,2,Under
CLE,1995,10,NA,NA,NA,Week 12,5,Under
CLE,1994,8,NA,NA,NA,Week 13,11,Over
CLE,1993,8,NA,NA,NA,Week 18,7,Under
CLE,1992,7.5,NA,NA,NA,Week 17,7,Under
CLE,1991,5.5,NA,NA,NA,Week 14,6,Over
CLE,1990,9,NA,NA,NA,Week 11,3,Under
CLE,1989,10,NA,NA,NA,Week 14,9,Under
DAL,2020,10,-110,-110,10,Week 9,6,Under
DAL,2019,9,-110,-110,9,Week 16,8,Under
DAL,2018,8.5,120,-140,8.164265695154667,Week 16,10,Over
DAL,2017,9.5,120,-140,9.164265695154667,Week 16,9,Under
DAL,2016,8.5,110,-130,8.266488593705391,Week 11,13,Over
DAL,2015,9.5,110,-130,9.266488593705391,Week 10,4,Under
DAL,2014,8,230,-270,6.838194163623134,Week 14,12,Over
DAL,2013,8.5,-115,-115,8.562347483139908,Week 17,8,Under
DAL,2012,8.5,-160,125,9.01659020228123,Week 17,8,Under
DAL,2011,9,110,-140,8.664265695154667,Week 17,8,Under
DAL,2010,10,-135,105,10.285710333214128,Week 9,6,Under
DAL,2009,9,-125,-105,9.178992527067555,Week 16,11,Over
DAL,2008,10.5,NA,NA,NA,Week 16,9,Under
DAL,2007,9,-125,105,9.178992527067555,Week 12,13,Over
DAL,2006,9.5,-110,-110,9.5,Week 17,9,Under
DAL,2005,8,-140,110,8.335734304845333,Week 16,9,Over
DAL,2004,9,-115,-115,9.062347483139908,Week 14,6,Under
DAL,2003,7.5,130,-160,6.983409797718769,Week 12,10,Over
DAL,2002,6,NA,NA,NA,Week 17,5,Under
DAL,2001,5.5,NA,NA,NA,Week 17,5,Under
DAL,2000,8,NA,NA,NA,Week 14,5,Under
DAL,1999,8.5,NA,NA,NA,Week 17,8,Under
DAL,1998,8.5,NA,NA,NA,Week 16,10,Over
DAL,1997,10.5,NA,NA,NA,Week 13,6,Under
DAL,1996,10.5,NA,NA,NA,Week 17,10,Under
DAL,1995,11.5,NA,NA,NA,Week 17,12,Over
DAL,1994,11,NA,NA,NA,Week 16,12,Over
DAL,1993,11.5,NA,NA,NA,Week 18,12,Over
DAL,1992,9.5,NA,NA,NA,Week 13,13,Over
DAL,1991,7.5,NA,NA,NA,Week 14,11,Over
DAL,1990,4.5,NA,NA,NA,Week 12,7,Over
DAL,1989,7,NA,NA,NA,Week 11,1,Under
DEN,2020,7.5,NA,110,NA,Week 15,5,Under
DEN,2019,7,-130,110,7.2335114062946095,Week 17,7,Push
DEN,2018,7,-180,150,7.671609542940571,Week 17,6,Under
DEN,2017,8,100,-120,7.878004483033455,Week 13,5,Under
DEN,2016,9.5,130,-150,9.070220628487998,Week 16,9,Under
DEN,2015,10,-140,120,10.335734304845333,Week 16,12,Over
DEN,2014,11.5,100,-120,11.378004483033454,Week 17,12,Over
DEN,2013,11.5,-105,-125,11.321007472932445,Week 16,13,Over
DEN,2012,8.5,-170,133,9.09697060114163,Week 13,13,Over
DEN,2011,6,-120,-110,6.121995516966545,Week 13,8,Over
DEN,2010,7,-130,100,7.2335114062946095,Week 14,4,Under
DEN,2009,6.5,105,-135,6.214289666785872,Week 12,8,Over
DEN,2008,7.5,NA,NA,NA,Week 14,8,Over
DEN,2007,9.5,-105,-115,9.437652516860092,Week 13,7,Under
DEN,2006,10,-110,-110,10,Week 17,9,Under
DEN,2005,8.5,-140,110,8.835734304845333,Week 12,13,Over
DEN,2004,9,-115,-115,9.062347483139908,Week 17,10,Over
DEN,2003,9.5,-120,-110,9.621995516966546,Week 16,10,Over
DEN,2002,9,NA,NA,NA,Week 17,9,Push
DEN,2001,10.5,NA,NA,NA,Week 12,8,Under
DEN,2000,10,NA,NA,NA,Week 17,11,Over
DEN,1999,10.5,NA,NA,NA,Week 8,6,Under
DEN,1998,11,NA,NA,NA,Week 13,14,Over
DEN,1997,10.5,NA,NA,NA,Week 14,12,Over
DEN,1996,8.5,NA,NA,NA,Week 11,13,Over
DEN,1995,9,NA,NA,NA,Week 16,8,Under
DEN,1994,10,NA,NA,NA,Week 15,7,Under
DEN,1993,9,NA,NA,NA,Week 18,9,Push
DEN,1992,9,NA,NA,NA,Week 17,8,Under
DEN,1991,7.5,NA,NA,NA,Week 12,12,Over
DEN,1990,9.5,NA,NA,NA,Week 11,5,Under
DEN,1989,9.5,NA,NA,NA,Week 12,11,Over
DET,2020,7,-130,110,7.2335114062946095,Week 15,5,Under
DET,2019,6.5,-150,130,6.929779371512001,Week 14,3,Under
DET,2018,7.5,-110,-110,7.5,Week 15,6,Under
DET,2017,7.5,120,-140,7.164265695154667,Week 15,9,Over
DET,2016,7,-150,130,7.429779371512001,Week 13,9,Over
DET,2015,8.5,130,-150,8.070220628487998,Week 13,7,Under
DET,2014,8.5,110,-130,8.266488593705391,Week 14,11,Over
DET,2013,8,-150,120,8.429779371512002,Week 17,7,Under
DET,2012,9,105,-135,8.714289666785872,Week 13,4,Under
DET,2011,8,-145,115,8.383716481716082,Week 15,10,Over
DET,2010,5,-155,125,5.4740358734727845,Week 17,6,Over
DET,2009,4.5,-135,100,4.785710333214128,Week 15,2,Under
DET,2008,6.5,NA,NA,NA,Week 11,0,Under
DET,2007,6,-110,-110,6,Week 16,7,Over
DET,2006,7,120,-140,6.664265695154667,Week 13,3,Under
DET,2005,8,-130,100,8.233511406294609,Week 14,5,Under
DET,2004,6.5,-130,100,6.7335114062946095,Week 17,6,Under
DET,2003,6,-140,110,6.335734304845333,Week 16,5,Under
DET,2002,6,NA,NA,NA,Week 15,3,Under
DET,2001,7.5,NA,NA,NA,Week 10,2,Under
DET,2000,7,NA,NA,NA,Week 13,9,Over
DET,1999,5.5,NA,NA,NA,Week 9,8,Over
DET,1998,8.5,NA,NA,NA,Week 14,5,Under
DET,1997,8,NA,NA,NA,Week 17,9,Over
DET,1996,8.5,NA,NA,NA,Week 14,5,Under
DET,1995,8.5,NA,NA,NA,Week 16,10,Over
DET,1994,8,NA,NA,NA,Week 16,9,Over
DET,1993,8.5,NA,NA,NA,Week 17,10,Over
DET,1992,9,NA,NA,NA,Week 11,5,Under
DET,1991,7,NA,NA,NA,Week 13,12,Over
DET,1990,8,NA,NA,NA,Week 14,6,Under
DET,1989,5.5,NA,NA,NA,Week 15,7,Over
GB,2020,8.5,-120,100,8.621995516966546,Week 13,13,Over
GB,2019,9,-140,120,9.335734304845333,Week 14,13,Over
GB,2018,10,-120,100,10.121995516966546,Week 12,6,Under
GB,2017,10.5,120,-140,10.164265695154667,Week 12,7,Under
GB,2016,10.5,-170,150,11.09697060114163,Week 11,10,Under
GB,2015,11,140,-160,10.48340979771877,Week 17,10,Under
GB,2014,10.5,115,-135,10.214289666785872,Week 16,12,Over
GB,2013,10.5,-105,-125,10.321007472932445,Week 12,8,Under
GB,2012,12,160,-200,11.194040361821333,Week 17,11,Under
GB,2011,11.5,120,-150,11.070220628487998,Week 13,15,Over
GB,2010,9.5,-160,130,10.01659020228123,Week 17,10,Over
GB,2009,9,-130,100,9.233511406294609,Week 16,11,Over
GB,2008,8.5,NA,NA,NA,Week 14,6,Under
GB,2007,7.5,130,-150,7.070220628487999,Week 10,13,Over
GB,2006,6,-160,140,6.516590202281231,Week 16,8,Over
GB,2005,8,110,-140,7.664265695154667,Week 12,4,Under
GB,2004,9.5,115,-145,9.116283518283918,Week 17,10,Over
GB,2003,10,130,-160,9.48340979771877,Week 17,10,Push
GB,2002,10,NA,NA,NA,Week 15,12,Over
GB,2001,9,NA,NA,NA,Week 15,12,Over
GB,2000,8,NA,NA,NA,Week 17,9,Over
GB,1999,10.5,NA,NA,NA,Week 14,8,Under
GB,1998,11.5,NA,NA,NA,Week 14,11,Under
GB,1997,12,NA,NA,NA,Week 17,13,Over
GB,1996,10,NA,NA,NA,Week 15,13,Over
GB,1995,8,NA,NA,NA,Week 14,11,Over
GB,1994,9,NA,NA,NA,Week 17,9,Push
GB,1993,9,NA,NA,NA,Week 18,9,Push
GB,1992,6.5,NA,NA,NA,Week 14,9,Over
GB,1991,7.5,NA,NA,NA,Week 12,4,Under
GB,1990,9.5,NA,NA,NA,Week 14,6,Under
GB,1989,6,NA,NA,NA,Week 12,10,Over
HOU,2020,7.5,105,-125,7.321007472932444,Week 14,4,Under
HOU,2019,8.5,-115,-105,8.562347483139908,Week 15,10,Over
HOU,2018,8.5,-140,120,8.835734304845333,Week 13,11,Over
HOU,2017,8.5,100,-120,8.378004483033454,Week 13,4,Under
HOU,2016,8.5,-120,100,8.621995516966546,Week 16,9,Over
HOU,2015,8.5,100,-120,8.378004483033454,Week 17,9,Over
HOU,2014,7.5,-175,155,8.134968607875637,Week 16,9,Over
HOU,2013,10.5,125,-160,9.98340979771877,Week 9,2,Under
HOU,2012,10,-190,150,10.741100971512001,Week 13,12,Over
HOU,2011,9,-145,115,9.383716481716082,Week 14,10,Over
HOU,2010,8.5,-115,-115,8.562347483139908,Week 14,6,Under
HOU,2009,8.5,110,-140,8.164265695154667,Week 17,9,Over
HOU,2008,7.5,NA,NA,NA,Week 17,8,Over
HOU,2007,6.5,100,-120,6.378004483033455,Week 15,8,Over
HOU,2006,5.5,-130,110,5.7335114062946095,Week 17,6,Over
HOU,2005,7.5,100,-130,7.2664885937053905,Week 11,2,Under
HOU,2004,6.5,100,-130,6.2664885937053905,Week 16,7,Over
HOU,2003,5,-130,100,5.2335114062946095,Week 17,5,Push
HOU,2002,4,NA,NA,NA,Week 17,4,Push
IND,2020,9.5,-110,-110,9.5,Week 15,11,Over
IND,2019,7.5,-110,-110,7.5,Week 17,7,Under
IND,2018,7.5,110,-130,7.2664885937053905,Week 15,10,Over
IND,2017,8,130,-150,7.570220628487999,Week 13,4,Under
IND,2016,9,120,-140,8.664265695154667,Week 16,8,Under
IND,2015,10.5,-160,140,11.01659020228123,Week 13,8,Under
IND,2014,9.5,110,-130,9.266488593705391,Week 15,11,Over
IND,2013,8.5,-110,-120,8.5,Week 15,11,Over
IND,2012,5.5,-105,-125,5.321007472932444,Week 10,11,Over
IND,2011,NA,NA,NA,NA,,2,
IND,2010,10.5,-130,100,10.733511406294609,Week 13,10,Under
IND,2009,10,-115,-115,10.062347483139908,Week 12,14,Over
IND,2008,11,NA,NA,NA,Week 17,12,Over
IND,2007,10.5,-120,100,10.621995516966546,Week 14,13,Over
IND,2006,11.5,110,-130,11.266488593705391,Week 17,12,Over
IND,2005,11.5,-110,-120,11.5,Week 13,14,Over
IND,2004,10.5,120,-150,10.070220628487998,Week 15,12,Over
IND,2003,8.5,-115,-115,8.562347483139908,Week 12,12,Over
IND,2002,9.5,NA,NA,NA,Week 17,10,Over
IND,2001,10,NA,NA,NA,Week 12,6,Under
IND,2000,10.5,NA,NA,NA,Week 14,10,Under
IND,1999,6.5,NA,NA,NA,Week 10,13,Over
IND,1998,5.5,NA,NA,NA,Week 14,3,Under
IND,1997,8,NA,NA,NA,Week 10,3,Under
IND,1996,8.5,NA,NA,NA,Week 16,9,Over
IND,1995,8,NA,NA,NA,Week 17,9,Over
IND,1994,5.5,NA,NA,NA,Week 14,8,Over
IND,1993,7.5,NA,NA,NA,Week 15,4,Under
IND,1992,4.5,NA,NA,NA,Week 13,9,Over
IND,1991,7.5,NA,NA,NA,Week 10,1,Under
IND,1990,6.5,NA,NA,NA,Week 16,7,Over
IND,1989,10,NA,NA,NA,Week 13,8,Under
JAX,2020,4.5,-110,-110,4.5,Week 14,1,Under
JAX,2019,8,-110,-110,8,Week 14,6,Under
JAX,2018,9,-130,110,9.233511406294609,Week 12,5,Under
JAX,2017,6.5,-125,105,6.678992527067556,Week 11,10,Over
JAX,2016,7.5,-125,105,7.678992527067556,Week 12,3,Under
JAX,2015,5.5,-120,100,5.621995516966545,Week 17,5,Under
JAX,2014,5,-150,130,5.429779371512001,Week 15,3,Under
JAX,2013,5,-115,-115,5.062347483139908,Week 17,4,Under
JAX,2012,5.5,-110,-120,5.5,Week 14,2,Under
JAX,2011,6.5,-110,-120,6.5,Week 15,5,Under
JAX,2010,7,-105,-125,6.821007472932444,Week 14,8,Over
JAX,2009,8,-135,105,8.285710333214128,Week 17,7,Under
JAX,2008,10,NA,NA,NA,Week 12,5,Under
JAX,2007,9,100,-120,8.878004483033454,Week 15,11,Over
JAX,2006,9,110,-130,8.766488593705391,Week 17,8,Under
JAX,2005,8.5,-115,-115,8.562347483139908,Week 13,12,Over
JAX,2004,7.5,-140,110,7.835734304845333,Week 15,9,Over
JAX,2003,7,100,-130,6.7664885937053905,Week 15,5,Under
JAX,2002,7,NA,NA,NA,Week 17,6,Under
JAX,2001,9,NA,NA,NA,Week 12,6,Under
JAX,2000,11,NA,NA,NA,Week 8,7,Under
JAX,1999,11.5,NA,NA,NA,Week 14,14,Over
JAX,1998,10.5,NA,NA,NA,Week 17,11,Over
JAX,1997,8,NA,NA,NA,Week 14,11,Over
JAX,1996,5.5,NA,NA,NA,Week 14,9,Over
JAX,1995,3,NA,NA,NA,Week 17,4,Over
KC,2020,11.5,-120,100,11.621995516966546,Week 14,14,Over
KC,2019,10.5,-130,110,10.733511406294609,Week 16,12,Over
KC,2018,8.5,115,-135,8.214289666785872,Week 10,12,Over
KC,2017,9,-120,100,9.121995516966546,Week 17,10,Over
KC,2016,9.5,-140,120,9.835734304845333,Week 14,12,Over
KC,2015,8.5,-150,130,8.929779371512002,Week 15,11,Over
KC,2014,8,160,-180,7.328390457059429,Week 17,9,Over
KC,2013,7.5,-160,-125,8.01659020228123,Week 8,11,Over
KC,2012,8,125,-160,7.483409797718769,Week 11,2,Under
KC,2011,7.5,-115,-115,7.562347483139908,Week 16,7,Under
KC,2010,6.5,-115,-115,6.562347483139908,Week 12,10,Over
KC,2009,6,-125,-105,6.178992527067556,Week 15,4,Under
KC,2008,5.5,NA,NA,NA,Week 14,2,Under
KC,2007,7.5,100,-120,7.378004483033455,Week 14,4,Under
KC,2006,9.5,110,-130,9.266488593705391,Week 15,9,Under
KC,2005,9,-115,-115,9.062347483139908,Week 17,10,Over
KC,2004,10,100,-130,9.766488593705391,Week 11,7,Under
KC,2003,9,-130,100,9.233511406294609,Week 12,13,Over
KC,2002,7,NA,NA,NA,Week 16,8,Over
KC,2001,8,NA,NA,NA,Week 13,6,Under
KC,2000,8,NA,NA,NA,Week 17,7,Under
KC,1999,8.5,NA,NA,NA,Week 15,9,Over
KC,1998,10.5,NA,NA,NA,Week 11,7,Under
KC,1997,8,NA,NA,NA,Week 13,13,Over
KC,1996,9,NA,NA,NA,Week 17,9,Push
KC,1995,8,NA,NA,NA,Week 11,13,Over
KC,1994,9.5,NA,NA,NA,Week 15,9,Under
KC,1993,10,NA,NA,NA,Week 18,11,Over
KC,1992,9.5,NA,NA,NA,Week 17,10,Over
KC,1991,10,NA,NA,NA,Week 17,10,Push
KC,1990,8.5,NA,NA,NA,Week 14,11,Over
KC,1989,7,NA,NA,NA,Week 16,8,Over
LA,2020,8.5,110,-130,8.266488593705391,Week 14,10,Over
LA,2019,10.5,125,-145,10.116283518283918,Week 15,9,Under
LA,2018,10,-130,110,10.233511406294609,Week 13,13,Over
LA,2017,6,140,-160,5.483409797718769,Week 10,11,Over
LA,2016,7.5,175,-200,6.694040361821333,Week 14,4,Under
LA,2015,7.5,-110,-110,7.5,Week 17,7,Under
LA,2014,7,120,-140,6.664265695154667,Week 17,6,Under
LA,2013,7.5,-120,-110,7.621995516966545,Week 17,7,Under
LA,2012,6,-125,-105,6.178992527067556,Week 16,7,Over
LA,2011,7.5,-120,-110,7.621995516966545,Week 12,2,Under
LA,2010,4.5,-125,-105,4.678992527067556,Week 12,7,Over
LA,2009,5.5,-150,120,5.929779371512001,Week 13,1,Under
LA,2008,6.5,NA,NA,NA,Week 13,2,Under
LA,2007,7.5,100,-120,7.378004483033455,Week 12,3,Under
LA,2006,7,110,-130,6.7664885937053905,Week 17,8,Over
LA,2005,8,-150,120,8.429779371512002,Week 15,6,Under
LA,2004,9.5,110,-140,9.164265695154667,Week 13,8,Under
LA,2003,9.5,-130,100,9.733511406294609,Week 14,12,Over
LA,2002,11,NA,NA,NA,Week 12,7,Under
LA,2001,11,NA,NA,NA,Week 15,14,Over
LA,2000,11,NA,NA,NA,Week 16,10,Under
LA,1999,5.5,NA,NA,NA,Week 7,13,Over
LA,1998,6.5,NA,NA,NA,Week 14,4,Under
LA,1997,6.5,NA,NA,NA,Week 13,5,Under
LA,1996,7,NA,NA,NA,Week 15,6,Under
LA,1995,6,NA,NA,NA,Week 14,7,Over
LA,1994,5.5,NA,NA,NA,Week 16,4,Under
LA,1993,7.5,NA,NA,NA,Week 14,5,Under
LA,1992,6.5,NA,NA,NA,Week 16,6,Under
LA,1991,8,NA,NA,NA,Week 13,3,Under
LA,1990,10.5,NA,NA,NA,Week 10,5,Under
LA,1989,11,NA,NA,NA,Week 16,11,Push
LAC,2020,8,-105,-115,7.937652516860092,Week 13,7,Under
LAC,2019,10,120,-140,9.664265695154667,Week 11,5,Under
LAC,2018,9.5,-130,110,9.733511406294609,Week 14,12,Over
LAC,2017,7.5,-160,140,8.01659020228123,Week 16,9,Over
LAC,2016,7,-185,165,7.706964831161123,Week 16,5,Under
LAC,2015,8,-160,140,8.51659020228123,Week 13,4,Under
LAC,2014,8,-135,115,8.285710333214128,Week 16,9,Over
LAC,2013,7.5,120,-150,7.070220628487999,Week 16,9,Over
LAC,2012,9,130,-165,8.442461292638942,Week 13,7,Under
LAC,2011,11,115,-145,10.616283518283918,Week 11,8,Under
LAC,2010,10.5,-115,-115,10.562347483139908,Week 13,9,Under
LAC,2009,10,-140,110,10.335734304845333,Week 15,13,Over
LAC,2008,10.5,NA,NA,NA,Week 11,8,Under
LAC,2007,10.5,-140,120,10.835734304845333,Week 17,11,Over
LAC,2006,9,130,-150,8.570220628487998,Week 13,14,Over
LAC,2005,8,-130,100,8.233511406294609,Week 15,9,Over
LAC,2004,4.5,110,-140,4.164265695154667,Week 8,12,Over
LAC,2003,8.5,120,-150,8.070220628487998,Week 11,4,Under
LAC,2002,7,NA,NA,NA,Week 13,8,Over
LAC,2001,7,NA,NA,NA,Week 15,5,Under
LAC,2000,6.5,NA,NA,NA,Week 11,1,Under
LAC,1999,6,NA,NA,NA,Week 16,8,Over
LAC,1998,5.5,NA,NA,NA,Week 17,5,Under
LAC,1997,7.5,NA,NA,NA,Week 14,4,Under
LAC,1996,8,NA,NA,NA,Week 17,8,Push
LAC,1995,9,NA,NA,NA,Week 17,9,Push
LAC,1994,7.5,NA,NA,NA,Week 11,11,Over
LAC,1993,9.5,NA,NA,NA,Week 15,8,Under
LAC,1992,7,NA,NA,NA,Week 14,11,Over
LAC,1991,6.5,NA,NA,NA,Week 14,4,Under
LAC,1990,7,NA,NA,NA,Week 17,6,Under
LAC,1989,5.5,NA,NA,NA,Week 16,6,Over
LV,2020,7.5,115,-135,7.214289666785872,Week 17,8,Over
LV,2019,6,145,-170,5.40302939885837,Week 16,7,Over
LV,2018,7.5,120,-140,7.164265695154667,Week 12,4,Under
LV,2017,9.5,100,-120,9.378004483033454,Week 14,6,Under
LV,2016,8.5,-110,-110,8.5,Week 12,12,Over
LV,2015,5.5,-160,140,6.016590202281231,Week 14,7,Over
LV,2014,5,-130,110,5.2335114062946095,Week 15,3,Under
LV,2013,5.5,160,-200,4.694040361821333,Week 16,4,Under
LV,2012,7,-115,-115,7.062347483139908,Week 14,4,Under
LV,2011,6.5,-105,-125,6.321007472932444,Week 12,8,Over
LV,2010,6,-150,120,6.429779371512001,Week 15,8,Over
LV,2009,6,110,-140,5.664265695154667,Week 17,5,Under
LV,2008,6,NA,NA,NA,Week 15,5,Under
LV,2007,5,-120,100,5.121995516966545,Week 17,4,Under
LV,2006,6.5,105,-125,6.321007472932444,Week 13,2,Under
LV,2005,7.5,-145,115,7.883716481716082,Week 14,4,Under
LV,2004,7.5,-130,100,7.7335114062946095,Week 14,5,Under
LV,2003,9.5,-150,120,9.929779371512002,Week 10,4,Under
LV,2002,9,NA,NA,NA,Week 16,11,Over
LV,2001,10,NA,NA,NA,Week 17,10,Push
LV,2000,9,NA,NA,NA,Week 13,12,Over
LV,1999,6,NA,NA,NA,Week 15,8,Over
LV,1998,6.5,NA,NA,NA,Week 11,8,Over
LV,1997,9,NA,NA,NA,Week 13,4,Under
LV,1996,9.5,NA,NA,NA,Week 12,7,Under
LV,1995,9.5,NA,NA,NA,Week 16,8,Under
LV,1994,9,NA,NA,NA,Week 17,9,Push
LV,1993,8,NA,NA,NA,Week 16,10,Over
LV,1992,9.5,NA,NA,NA,Week 13,7,Under
LV,1991,10,NA,NA,NA,Week 17,9,Under
LV,1990,8.5,NA,NA,NA,Week 14,12,Over
LV,1989,9,NA,NA,NA,Week 16,8,Under
MIA,2020,6,-115,-105,6.062347483139908,Week 12,10,Over
MIA,2019,4.5,100,-120,4.378004483033455,Week 17,5,Over
MIA,2018,6.5,-140,120,6.835734304845333,Week 14,7,Over
MIA,2017,7,-130,110,7.2335114062946095,Week 17,6,Under
MIA,2016,7,120,-140,6.664265695154667,Week 14,10,Over
MIA,2015,9,-160,140,9.51659020228123,Week 14,6,Under
MIA,2014,8,150,-170,7.40302939885837,Week 17,8,Push
MIA,2013,8,120,-150,7.570220628487999,Week 17,8,Push
MIA,2012,7,170,-220,6.076484028488,Week 17,7,Push
MIA,2011,7.5,115,-145,7.116283518283918,Week 14,6,Under
MIA,2010,8.5,-125,-105,8.678992527067555,Week 16,7,Under
MIA,2009,7,-125,-105,7.178992527067556,Week 17,7,Push
MIA,2008,5.5,NA,NA,NA,Week 11,11,Over
MIA,2007,7,-120,100,7.121995516966545,Week 11,1,Under
MIA,2006,9,-135,115,9.285710333214128,Week 15,6,Under
MIA,2005,5.5,-165,135,6.057538707361057,Week 14,9,Over
MIA,2004,9.5,110,-140,9.164265695154667,Week 8,4,Under
MIA,2003,9.5,-145,115,9.883716481716082,Week 17,10,Over
MIA,2002,9,NA,NA,NA,Week 17,9,Push
MIA,2001,8,NA,NA,NA,Week 13,11,Over
MIA,2000,7.5,NA,NA,NA,Week 11,11,Over
MIA,1999,10,NA,NA,NA,Week 17,9,Under
MIA,1998,9,NA,NA,NA,Week 16,10,Over
MIA,1997,9,NA,NA,NA,Week 17,9,Push
MIA,1996,9,NA,NA,NA,Week 15,8,Under
MIA,1995,10.5,NA,NA,NA,Week 13,9,Under
MIA,1994,9,NA,NA,NA,Week 17,10,Over
MIA,1993,9.5,NA,NA,NA,Week 18,9,Under
MIA,1992,8.5,NA,NA,NA,Week 15,11,Over
MIA,1991,9,NA,NA,NA,Week 17,8,Under
MIA,1990,7.5,NA,NA,NA,Week 10,12,Over
MIA,1989,7.5,NA,NA,NA,Week 14,8,Over
MIN,2020,9,110,-130,8.766488593705391,Week 15,7,Under
MIN,2019,9,-125,105,9.178992527067555,Week 15,10,Over
MIN,2018,10,-140,120,10.335734304845333,Week 14,8,Under
MIN,2017,8.5,-130,110,8.733511406294609,Week 12,13,Over
MIN,2016,8.5,115,-135,8.214289666785872,Week 16,8,Under
MIN,2015,8,-150,130,8.429779371512002,Week 15,11,Over
MIN,2014,6,-175,155,6.634968607875637,Week 17,7,Over
MIN,2013,7,-105,-125,6.821007472932444,Week 14,5,Under
MIN,2012,6,-115,-115,6.062347483139908,Week 14,10,Over
MIN,2011,7,-120,-110,7.121995516966545,Week 13,3,Under
MIN,2010,9.5,-110,-120,9.5,Week 11,6,Under
MIN,2009,9.5,-125,105,9.678992527067555,Week 12,12,Over
MIN,2008,8.5,NA,NA,NA,Week 15,10,Over
MIN,2007,6.5,-140,120,6.835734304845333,Week 14,8,Over
MIN,2006,8,-120,100,8.121995516966546,Week 16,6,Under
MIN,2005,9,-135,105,9.285710333214128,Week 17,9,Push
MIN,2004,8.5,-140,110,8.835734304845333,Week 17,8,Under
MIN,2003,8,-130,100,8.233511406294609,Week 16,9,Over
MIN,2002,8,NA,NA,NA,Week 13,6,Under
MIN,2001,9,NA,NA,NA,Week 14,5,Under
MIN,2000,7.5,NA,NA,NA,Week 11,11,Over
MIN,1999,11.5,NA,NA,NA,Week 13,10,Under
MIN,1998,8.5,NA,NA,NA,Week 11,15,Over
MIN,1997,8,NA,NA,NA,Week 17,9,Over
MIN,1996,8,NA,NA,NA,Week 16,9,Over
MIN,1995,8,NA,NA,NA,Week 17,8,Push
MIN,1994,9,NA,NA,NA,Week 17,10,Over
MIN,1993,8.5,NA,NA,NA,Week 18,9,Over
MIN,1992,7.5,NA,NA,NA,Week 12,11,Over
MIN,1991,9,NA,NA,NA,Week 17,8,Under
MIN,1990,10,NA,NA,NA,Week 14,6,Under
MIN,1989,11.5,NA,NA,NA,Week 12,10,Under
NE,2020,9,120,-140,8.664265695154667,Week 15,7,Under
NE,2019,11.5,-110,-110,11.5,Week 16,12,Over
NE,2018,11,-120,100,11.121995516966546,Week 17,11,Push
NE,2017,12.5,100,-120,12.378004483033454,Week 17,13,Over
NE,2016,10.5,-120,100,10.621995516966546,Week 14,14,Over
NE,2015,10.5,-130,110,10.733511406294609,Week 14,12,Over
NE,2014,10.5,-180,160,11.17160954294057,Week 15,12,Over
NE,2013,11,130,-165,10.442461292638942,Week 17,12,Over
NE,2012,12,-115,-115,12.062347483139908,Week 17,12,Push
NE,2011,11.5,-115,-115,11.562347483139908,Week 16,13,Over
NE,2010,9.5,-120,-110,9.621995516966546,Week 13,14,Over
NE,2009,11.5,-135,105,11.785710333214128,Week 13,10,Under
NE,2008,12,NA,NA,NA,Week 13,11,Under
NE,2007,11.5,-110,-110,11.5,Week 13,16,Over
NE,2006,10.5,125,-145,10.116283518283918,Week 16,12,Over
NE,2005,11,110,-140,10.664265695154667,Week 17,10,Under
NE,2004,10.5,100,-130,10.266488593705391,Week 13,14,Over
NE,2003,8.5,-160,130,9.01659020228123,Week 12,14,Over
NE,2002,8,NA,NA,NA,Week 17,9,Over
NE,2001,6.5,NA,NA,NA,Week 12,11,Over
NE,2000,7.5,NA,NA,NA,Week 13,5,Under
NE,1999,8,NA,NA,NA,Week 17,8,Push
NE,1998,10,NA,NA,NA,Week 17,9,Under
NE,1997,9.5,NA,NA,NA,Week 17,10,Over
NE,1996,8.5,NA,NA,NA,Week 14,11,Over
NE,1995,10,NA,NA,NA,Week 12,6,Under
NE,1994,8.5,NA,NA,NA,Week 16,10,Over
NE,1993,5,NA,NA,NA,Week 18,5,Push
NE,1992,5,NA,NA,NA,Week 15,2,Under
NE,1991,4,NA,NA,NA,Week 15,6,Over
NE,1990,7,NA,NA,NA,Week 12,1,Under
NE,1989,9,NA,NA,NA,Week 12,5,Under
NO,2020,10.5,120,-140,10.164265695154667,Week 16,12,Over
NO,2019,10.5,130,-150,10.070220628487998,Week 15,13,Over
NO,2018,9.5,-140,120,9.835734304845333,Week 12,13,Over
NO,2017,8,100,-120,7.878004483033455,Week 13,11,Over
NO,2016,7,-140,120,7.335734304845333,Week 17,7,Push
NO,2015,8.5,-130,110,8.733511406294609,Week 13,7,Under
NO,2014,10,-160,140,10.51659020228123,Week 11,7,Under
NO,2013,9,-150,120,9.429779371512002,Week 14,11,Over
NO,2012,9.5,-125,-105,9.678992527067555,Week 13,7,Under
NO,2011,10,-150,120,10.429779371512002,Week 15,13,Over
NO,2010,10.5,100,-130,10.266488593705391,Week 16,11,Over
NO,2009,9,-120,-110,9.121995516966546,Week 11,13,Over
NO,2008,8.5,NA,NA,NA,Week 17,8,Under
NO,2007,9,-110,-110,9,Week 16,7,Under
NO,2006,7,135,-155,6.5259641265272155,Week 13,10,Over
NO,2005,7.5,-125,-105,7.678992527067556,Week 13,3,Under
NO,2004,7.5,-115,-115,7.562347483139908,Week 17,8,Over
NO,2003,8,-130,100,8.233511406294609,Week 17,8,Push
NO,2002,7,NA,NA,NA,Week 13,9,Over
NO,2001,8,NA,NA,NA,Week 17,7,Under
NO,2000,6.5,NA,NA,NA,Week 11,10,Over
NO,1999,6.5,NA,NA,NA,Week 13,3,Under
NO,1998,5.5,NA,NA,NA,Week 14,6,Over
NO,1997,6,NA,NA,NA,Week 17,6,Push
NO,1996,7,NA,NA,NA,Week 13,3,Under
NO,1995,7,NA,NA,NA,Week 17,7,Push
NO,1994,7.5,NA,NA,NA,Week 16,7,Under
NO,1993,8.5,NA,NA,NA,Week 17,8,Under
NO,1992,9.5,NA,NA,NA,Week 14,12,Over
NO,1991,8,NA,NA,NA,Week 11,11,Over
NO,1990,9,NA,NA,NA,Week 15,8,Under
NO,1989,9.5,NA,NA,NA,Week 13,9,Under
NYG,2020,6.5,120,-140,6.164265695154667,Week 16,6,Under
NYG,2019,6,105,-125,5.821007472932444,Week 14,4,Under
NYG,2018,7,-140,120,7.335734304845333,Week 16,5,Under
NYG,2017,9,-130,110,9.233511406294609,Week 10,3,Under
NYG,2016,8.5,100,-120,8.378004483033454,Week 14,11,Over
NYG,2015,8,150,-170,7.40302939885837,Week 16,6,Under
NYG,2014,8,130,-150,7.570220628487999,Week 13,6,Under
NYG,2013,9,130,-165,8.442461292638942,Week 14,7,Under
NYG,2012,9,-140,110,9.335734304845333,Week 17,9,Push
NYG,2011,9.5,130,-160,8.98340979771877,Week 15,9,Under
NYG,2010,9,-110,-120,9,Week 17,10,Over
NYG,2009,10,-120,-110,10.121995516966546,Week 16,8,Under
NYG,2008,8.5,NA,NA,NA,Week 11,12,Over
NYG,2007,8,-110,-110,8,Week 14,10,Over
NYG,2006,9,115,-135,8.714289666785872,Week 16,8,Under
NYG,2005,6.5,-120,-110,6.621995516966545,Week 11,11,Over
NYG,2004,6,-135,105,6.285710333214128,Week 17,6,Push
NYG,2003,8.5,-145,115,8.883716481716082,Week 13,4,Under
NYG,2002,7,NA,NA,NA,Week 15,10,Over
NYG,2001,9,NA,NA,NA,Week 16,7,Under
NYG,2000,7.5,NA,NA,NA,Week 13,12,Over
NYG,1999,8,NA,NA,NA,Week 17,7,Under
NYG,1998,7.5,NA,NA,NA,Week 17,8,Over
NYG,1997,7,NA,NA,NA,Week 15,10,Over
NYG,1996,6.5,NA,NA,NA,Week 17,6,Under
NYG,1995,8,NA,NA,NA,Week 13,5,Under
NYG,1994,7,NA,NA,NA,Week 16,9,Over
NYG,1993,7,NA,NA,NA,Week 13,11,Over
NYG,1992,9,NA,NA,NA,Week 14,6,Under
NYG,1991,11,NA,NA,NA,Week 14,8,Under
NYG,1990,10,NA,NA,NA,Week 14,13,Over
NYG,1989,10.5,NA,NA,NA,Week 15,12,Over
NYJ,2020,6.5,120,-140,6.164265695154667,Week 11,2,Under
NYJ,2019,7.5,-110,-110,7.5,Week 15,7,Under
NYJ,2018,6,110,-130,5.7664885937053905,Week 16,4,Under
NYJ,2017,3.5,125,-145,3.116283518283918,Week 9,5,Over
NYJ,2016,8,150,-170,7.40302939885837,Week 13,5,Under
NYJ,2015,7.5,110,-130,7.2664885937053905,Week 14,10,Over
NYJ,2014,7,-125,105,7.178992527067556,Week 13,4,Under
NYJ,2013,6.5,160,-200,5.694040361821333,Week 16,8,Over
NYJ,2012,8.5,125,-160,7.983409797718769,Week 15,6,Under
NYJ,2011,10,105,-135,9.714289666785872,Week 16,8,Under
NYJ,2010,9.5,-125,-105,9.678992527067555,Week 15,11,Over
NYJ,2009,7,-130,100,7.2335114062946095,Week 16,9,Over
NYJ,2008,7.5,NA,NA,NA,Week 12,9,Over
NYJ,2007,8,150,-170,7.40302939885837,Week 12,4,Under
NYJ,2006,6.5,130,-150,6.070220628487999,Week 13,10,Over
NYJ,2005,9,-125,-105,9.178992527067555,Week 11,4,Under
NYJ,2004,9,120,-150,8.570220628487998,Week 15,10,Over
NYJ,2003,9,-115,-115,9.062347483139908,Week 14,6,Under
NYJ,2002,8,NA,NA,NA,Week 17,9,Over
NYJ,2001,8,NA,NA,NA,Week 15,10,Over
NYJ,2000,8,NA,NA,NA,Week 14,9,Over
NYJ,1999,10.5,NA,NA,NA,Week 7,8,Under
NYJ,1998,8.5,NA,NA,NA,Week 14,12,Over
NYJ,1997,6,NA,NA,NA,Week 12,9,Over
NYJ,1996,6,NA,NA,NA,Week 13,1,Under
NYJ,1995,7,NA,NA,NA,Week 14,3,Under
NYJ,1994,8.5,NA,NA,NA,Week 15,6,Under
NYJ,1993,8,NA,NA,NA,Week 18,8,Push
NYJ,1992,8,NA,NA,NA,Week 13,4,Under
NYJ,1991,6,NA,NA,NA,Week 13,8,Over
NYJ,1990,4.5,NA,NA,NA,Week 16,6,Over
NYJ,1989,7,NA,NA,NA,Week 14,4,Under
PHI,2020,9.5,130,-150,9.070220628487998,Week 11,4,Under
PHI,2019,10,-150,130,10.429779371512002,Week 13,9,Under
PHI,2018,10.5,130,-150,10.070220628487998,Week 11,9,Under
PHI,2017,8.5,-120,100,8.621995516966546,Week 11,13,Over
PHI,2016,6.5,130,-150,6.070220628487999,Week 17,7,Over
PHI,2015,10,-130,110,10.233511406294609,Week 12,7,Under
PHI,2014,9,-150,130,9.429779371512002,Week 17,10,Over
PHI,2013,7.5,100,-130,7.2664885937053905,Week 14,10,Over
PHI,2012,10,110,-140,9.664265695154667,Week 11,4,Under
PHI,2011,10.5,-150,120,10.929779371512002,Week 10,8,Under
PHI,2010,8.5,110,-140,8.164265695154667,Week 14,10,Over
PHI,2009,9.5,-145,115,9.883716481716082,Week 15,11,Over
PHI,2008,8.5,NA,NA,NA,Week 17,9,Over
PHI,2007,9,-140,120,9.335734304845333,Week 14,8,Under
PHI,2006,8.5,-135,115,8.785710333214128,Week 16,10,Over
PHI,2005,11.5,-110,-120,11.5,Week 10,6,Under
PHI,2004,10.5,100,-130,10.266488593705391,Week 13,13,Over
PHI,2003,10.5,130,-160,9.98340979771877,Week 15,12,Over
PHI,2002,10,NA,NA,NA,Week 15,12,Over
PHI,2001,9,NA,NA,NA,Week 16,11,Over
PHI,2000,7.5,NA,NA,NA,Week 12,11,Over
PHI,1999,5,NA,NA,NA,Week 17,5,Push
PHI,1998,6.5,NA,NA,NA,Week 13,3,Under
PHI,1997,9,NA,NA,NA,Week 15,6,Under
PHI,1996,9,NA,NA,NA,Week 17,10,Over
PHI,1995,8.5,NA,NA,NA,Week 15,10,Over
PHI,1994,8.5,NA,NA,NA,Week 16,7,Under
PHI,1993,8.5,NA,NA,NA,Week 15,8,Under
PHI,1992,10.5,NA,NA,NA,Week 17,11,Over
PHI,1991,10.5,NA,NA,NA,Week 16,10,Under
PHI,1990,9.5,NA,NA,NA,Week 17,10,Over
PHI,1989,10.5,NA,NA,NA,Week 16,11,Over
PIT,2020,9.5,100,-120,9.378004483033454,Week 11,12,Over
PIT,2019,9.5,-110,-110,9.5,Week 16,8,Under
PIT,2018,10.5,125,-145,10.116283518283918,Week 14,9,Under
PIT,2017,10.5,-150,130,10.929779371512002,Week 14,13,Over
PIT,2016,10.5,110,-130,10.266488593705391,Week 17,11,Over
PIT,2015,8.5,-110,-110,8.5,Week 15,10,Over
PIT,2014,8.5,-140,120,8.835734304845333,Week 15,11,Over
PIT,2013,9,-115,-115,9.062347483139908,Week 14,8,Under
PIT,2012,10,-125,-105,10.178992527067555,Week 15,8,Under
PIT,2011,10.5,-120,-110,10.621995516966546,Week 16,12,Over
PIT,2010,8.5,-110,-120,8.5,Week 13,12,Over
PIT,2009,10.5,-125,-105,10.678992527067555,Week 13,9,Under
PIT,2008,9,NA,NA,NA,Week 14,12,Over
PIT,2007,9,115,-135,8.714289666785872,Week 16,10,Over
PIT,2006,10.5,-110,-120,10.5,Week 9,8,Under
PIT,2005,9.5,-150,120,9.929779371512002,Week 16,11,Over
PIT,2004,7.5,100,-130,7.2664885937053905,Week 10,15,Over
PIT,2003,9.5,-150,120,9.929779371512002,Week 11,6,Under
PIT,2002,10.5,NA,NA,NA,Week 14,10,Under
PIT,2001,7.5,NA,NA,NA,Week 11,13,Over
PIT,2000,6.5,NA,NA,NA,Week 14,9,Over
PIT,1999,8.5,NA,NA,NA,Week 14,6,Under
PIT,1998,9.5,NA,NA,NA,Week 15,7,Under
PIT,1997,9,NA,NA,NA,Week 15,11,Over
PIT,1996,10,NA,NA,NA,Week 17,10,Push
PIT,1995,10.5,NA,NA,NA,Week 17,11,Over
PIT,1994,9,NA,NA,NA,Week 14,12,Over
PIT,1993,8.5,NA,NA,NA,Week 18,9,Over
PIT,1992,6.5,NA,NA,NA,Week 11,11,Over
PIT,1991,8.5,NA,NA,NA,Week 14,7,Under
PIT,1990,5.5,NA,NA,NA,Week 12,9,Over
PIT,1989,6,NA,NA,NA,Week 14,9,Over
SEA,2020,9.5,100,-120,9.378004483033454,Week 15,12,Over
SEA,2019,9,100,-120,8.878004483033454,Week 13,11,Over
SEA,2018,7.5,100,-120,7.378004483033455,Week 14,10,Over
SEA,2017,10.5,-130,110,10.733511406294609,Week 15,9,Under
SEA,2016,10.5,-145,125,10.883716481716082,Week 16,10,Under
SEA,2015,11,-120,100,11.121995516966546,Week 16,10,Under
SEA,2014,11,-110,-110,11,Week 17,12,Over
SEA,2013,10.5,-140,110,10.835734304845333,Week 13,13,Over
SEA,2012,7.5,-130,100,7.7335114062946095,Week 14,11,Over
SEA,2011,6,120,-150,5.570220628487999,Week 15,7,Over
SEA,2010,7,110,-140,6.664265695154667,Week 17,7,Push
SEA,2009,7.5,-175,145,8.134968607875637,Week 15,5,Under
SEA,2008,8.5,NA,NA,NA,Week 11,4,Under
SEA,2007,9,120,-140,8.664265695154667,Week 16,10,Over
SEA,2006,10.5,110,-130,10.266488593705391,Week 15,9,Under
SEA,2005,9,100,-130,8.766488593705391,Week 13,13,Over
SEA,2004,9,100,-130,8.766488593705391,Week 17,9,Push
SEA,2003,7.5,-180,140,8.17160954294057,Week 13,10,Over
SEA,2002,8,NA,NA,NA,Week 14,7,Under
SEA,2001,9,NA,NA,NA,Week 17,9,Push
SEA,2000,8,NA,NA,NA,Week 15,6,Under
SEA,1999,9.5,NA,NA,NA,Week 17,9,Under
SEA,1998,8.5,NA,NA,NA,Week 17,8,Under
SEA,1997,8.5,NA,NA,NA,Week 15,8,Under
SEA,1996,7,NA,NA,NA,Week 17,7,Push
SEA,1995,7.5,NA,NA,NA,Week 16,8,Over
SEA,1994,7,NA,NA,NA,Week 17,6,Under
SEA,1993,5.5,NA,NA,NA,Week 17,6,Over
SEA,1992,7,NA,NA,NA,Week 12,2,Under
SEA,1991,8,NA,NA,NA,Week 16,7,Under
SEA,1990,7,NA,NA,NA,Week 16,9,Over
SEA,1989,9,NA,NA,NA,Week 12,7,Under
SF,2020,10.5,120,-140,10.164265695154667,Week 10,6,Under
SF,2019,8,-140,120,8.335734304845333,Week 11,13,Over
SF,2018,8.5,130,-150,8.070220628487998,Week 10,4,Under
SF,2017,5,100,-120,4.878004483033455,Week 17,6,Over
SF,2016,5.5,110,-130,5.2664885937053905,Week 13,2,Under
SF,2015,6.5,155,-175,5.865031392124363,Week 15,5,Under
SF,2014,10.5,145,-165,9.942461292638942,Week 14,8,Under
SF,2013,11.5,150,-190,10.758899028487999,Week 17,12,Over
SF,2012,10,110,-140,9.664265695154667,Week 17,11,Over
SF,2011,7.5,-105,-125,7.321007472932444,Week 10,13,Over
SF,2010,9,-115,-115,9.062347483139908,Week 13,6,Under
SF,2009,7,-140,110,7.335734304845333,Week 17,8,Over
SF,2008,6,NA,NA,NA,Week 17,7,Over
SF,2007,7.5,-145,125,7.883716481716082,Week 13,5,Under
SF,2006,5,100,-120,4.878004483033455,Week 15,7,Over
SF,2005,4.5,100,-130,4.2664885937053905,Week 15,4,Under
SF,2004,5,-130,100,5.2335114062946095,Week 15,2,Under
SF,2003,9.5,115,-145,9.116283518283918,Week 13,7,Under
SF,2002,10,NA,NA,NA,Week 17,10,Push
SF,2001,7.5,NA,NA,NA,Week 11,12,Over
SF,2000,5.5,NA,NA,NA,Week 16,6,Over
SF,1999,10.5,NA,NA,NA,Week 10,4,Under
SF,1998,11.5,NA,NA,NA,Week 17,12,Over
SF,1997,11,NA,NA,NA,Week 15,13,Over
SF,1996,12,NA,NA,NA,Week 17,12,Push
SF,1995,12.5,NA,NA,NA,Week 10,11,Under
SF,1994,12,NA,NA,NA,Week 16,13,Over
SF,1993,11.5,NA,NA,NA,Week 17,10,Under
SF,1992,11.5,NA,NA,NA,Week 15,14,Over
SF,1991,11,NA,NA,NA,Week 11,10,Under
SF,1990,11.5,NA,NA,NA,Week 14,14,Over
SF,1989,10.5,NA,NA,NA,Week 13,14,Over
TB,2020,9.5,-125,105,9.678992527067555,Week 16,11,Over
TB,2019,6.5,-110,-110,6.5,Week 15,7,Over
TB,2018,6.5,130,-150,6.070220628487999,Week 16,5,Under
TB,2017,8.5,-120,100,8.621995516966546,Week 13,5,Under
TB,2016,7,-140,120,7.335734304845333,Week 14,9,Over
TB,2015,6,-150,130,6.429779371512001,Week 17,6,Push
TB,2014,7,-120,100,7.121995516966545,Week 13,2,Under
TB,2013,7.5,-145,115,7.883716481716082,Week 13,4,Under
TB,2012,6,-140,110,6.335734304845333,Week 17,7,Over
TB,2011,8,120,-150,7.570220628487999,Week 14,4,Under
TB,2010,6,100,-130,5.7664885937053905,Week 11,10,Over
TB,2009,6.5,140,-170,5.90302939885837,Week 12,3,Under
TB,2008,8,NA,NA,NA,Week 13,9,Over
TB,2007,7,-110,-110,7,Week 13,9,Over
TB,2006,8,100,-120,7.878004483033455,Week 13,4,Under
TB,2005,7,-115,-115,7.062347483139908,Week 13,11,Over
TB,2004,9,-130,100,9.233511406294609,Week 14,5,Under
TB,2003,10.5,-115,-115,10.562347483139908,Week 12,7,Under
TB,2002,9,NA,NA,NA,Week 14,12,Over
TB,2001,10,NA,NA,NA,Week 17,9,Under
TB,2000,10.5,NA,NA,NA,Week 17,10,Under
TB,1999,9.5,NA,NA,NA,Week 16,11,Over
TB,1998,9.5,NA,NA,NA,Week 12,8,Under
TB,1997,7,NA,NA,NA,Week 12,10,Over
TB,1996,6.5,NA,NA,NA,Week 16,6,Under
TB,1995,7,NA,NA,NA,Week 17,7,Push
TB,1994,6.5,NA,NA,NA,Week 17,6,Under
TB,1993,6,NA,NA,NA,Week 18,5,Under
TB,1992,5.5,NA,NA,NA,Week 16,5,Under
TB,1991,6,NA,NA,NA,Week 14,3,Under
TB,1990,5,NA,NA,NA,Week 15,6,Over
TB,1989,6.5,NA,NA,NA,Week 15,5,Under
TEN,2020,8.5,-130,110,8.733511406294609,Week 14,11,Over
TEN,2019,8,120,-140,7.664265695154667,Week 17,9,Over
TEN,2018,8,-110,-110,8,Week 16,9,Over
TEN,2017,9,-110,-110,9,Week 17,9,Push
TEN,2016,6,-150,130,6.429779371512001,Week 14,9,Over
TEN,2015,5.5,-200,180,6.305959638178667,Week 15,3,Under
TEN,2014,7,-140,120,7.335734304845333,Week 13,2,Under
TEN,2013,6.5,-115,-115,6.562347483139908,Week 17,7,Over
TEN,2012,7,-145,115,7.383716481716082,Week 16,6,Under
TEN,2011,6.5,-130,100,6.7335114062946095,Week 13,9,Over
TEN,2010,8,-130,100,8.233511406294609,Week 16,6,Under
TEN,2009,9,-105,-125,8.821007472932445,Week 16,8,Under
TEN,2008,8,NA,NA,NA,Week 10,13,Over
TEN,2007,7,105,-125,6.821007472932444,Week 15,10,Over
TEN,2006,5.5,120,-140,5.164265695154667,Week 14,8,Over
TEN,2005,6.5,-115,-115,6.562347483139908,Week 15,4,Under
TEN,2004,9.5,-130,100,9.733511406294609,Week 12,5,Under
TEN,2003,9.5,-135,105,9.785710333214128,Week 15,12,Over
TEN,2002,8,NA,NA,NA,Week 15,11,Over
TEN,2001,11,NA,NA,NA,Week 12,7,Under
TEN,2000,10.5,NA,NA,NA,Week 15,13,Over
TEN,1999,9,NA,NA,NA,Week 14,13,Over
TEN,1998,8,NA,NA,NA,Week 17,8,Push
TEN,1997,7.5,NA,NA,NA,Week 17,8,Over
TEN,1996,6.5,NA,NA,NA,Week 14,8,Over
TEN,1995,5.5,NA,NA,NA,Week 16,7,Over
TEN,1994,8.5,NA,NA,NA,Week 10,2,Under
TEN,1993,10,NA,NA,NA,Week 17,12,Over
TEN,1992,10.5,NA,NA,NA,Week 15,10,Under
TEN,1991,9,NA,NA,NA,Week 15,11,Over
TEN,1990,8.5,NA,NA,NA,Week 17,9,Over
TEN,1989,10,NA,NA,NA,Week 16,9,Under
WAS,2020,5,-130,110,5.2335114062946095,Week 14,7,Over
WAS,2019,6,130,-150,5.570220628487999,Week 15,3,Under
WAS,2018,7,-130,110,7.2335114062946095,Week 17,7,Push
WAS,2017,7.5,120,-140,7.164265695154667,Week 14,7,Under
WAS,2016,7.5,-120,100,7.621995516966545,Week 16,8,Over
WAS,2015,6,-130,110,6.2335114062946095,Week 15,9,Over
WAS,2014,7.5,-120,100,7.621995516966545,Week 13,4,Under
WAS,2013,8,-125,-105,8.178992527067555,Week 13,3,Under
WAS,2012,6.5,115,-145,6.116283518283918,Week 14,10,Over
WAS,2011,6,-125,-105,6.178992527067556,Week 17,5,Under
WAS,2010,7.5,100,-130,7.2664885937053905,Week 15,6,Under
WAS,2009,8.5,120,-150,8.070220628487998,Week 12,4,Under
WAS,2008,7.5,NA,NA,NA,Week 16,8,Over
WAS,2007,7.5,140,-160,6.983409797718769,Week 16,9,Over
WAS,2006,9,-140,120,9.335734304845333,Week 13,5,Under
WAS,2005,7.5,-115,-115,7.562347483139908,Week 15,10,Over
WAS,2004,9,100,-130,8.766488593705391,Week 12,6,Under
WAS,2003,7.5,-150,120,7.929779371512001,Week 15,5,Under
WAS,2002,8,NA,NA,NA,Week 15,7,Under
WAS,2001,9.5,NA,NA,NA,Week 14,8,Under
WAS,2000,11.5,NA,NA,NA,Week 13,8,Under
WAS,1999,8,NA,NA,NA,Week 16,10,Over
WAS,1998,9,NA,NA,NA,Week 10,6,Under
WAS,1997,8,NA,NA,NA,Week 17,8,Push
WAS,1996,6.5,NA,NA,NA,Week 11,9,Over
WAS,1995,6.5,NA,NA,NA,Week 15,6,Under
WAS,1994,6.5,NA,NA,NA,Week 13,3,Under
WAS,1993,9,NA,NA,NA,Week 12,4,Under
WAS,1992,11.5,NA,NA,NA,Week 12,9,Under
WAS,1991,9.5,NA,NA,NA,Week 11,14,Over
WAS,1990,9.5,NA,NA,NA,Week 17,10,Over
WAS,1989,9,NA,NA,NA,Week 16,10,Over
